set,material,E_MeV,Zeq,B_1mfp,B_2mfp,B_3mfp,B_4mfp,B_5mfp,B_6mfp,B_7mfp,B_8mfp,B_9mfp,B_10mfp,B_11mfp,B_12mfp,B_15mfp,B_20mfp,B_25mfp,B_30mfp,B_35mfp,B_40mfp
new,Mix1,0.015,6.87233,1.25534,1.39517,1.49182,1.56584,1.62649,1.67866,1.72512,1.76761,1.80719,1.84458,1.88024,1.91449,2.01029,2.14833,2.25487,2.33115,2.39476,2.4679
new,Mix1,0.02,6.90649,1.58875,1.9697,2.26354,2.50764,2.72035,2.91213,3.08944,3.2565,3.41619,3.5705,3.72081,3.8681,4.29719,4.97401,5.57317,6.06458,6.49017,6.95333
new,Mix1,0.03,6.95159,2.75761,4.31492,5.78042,7.19386,8.57861,9.95054,11.3213,12.7001,14.094,15.5092,16.9504,18.4218,23.0459,31.5126,40.736,50.1923,59.6276,69.697
new,Mix1,0.04,6.98228,4.00182,7.70667,12.0126,16.8937,22.3379,28.3378,34.8883,41.9847,49.6233,57.8007,66.5145,75.7636,106.742,169.762,249.675,350.325,471.503,605.897
new,Mix1,0.05,7.00231,4.89221,10.7655,18.6107,28.5657,40.7804,55.3976,72.5464,92.3395,114.873,140.231,168.484,199.701,311.9,569.142,947.551,1508.29,2281.05,3186.34
new,Mix1,0.06,7.01361,5.13811,12.2766,22.7609,37.1374,55.9797,79.8542,109.301,144.821,186.875,235.878,292.209,356.229,598.173,1202.77,2191.9,3827.93,6283.75,9263.28
new,Mix1,0.08,7.02873,4.91392,12.5438,24.8019,42.9152,68.2371,102.193,146.235,201.808,270.32,353.125,451.528,566.799,1027.05,2287.43,4559.66,8625.93,14990.9,22666.3
new,Mix1,0.1,7.03918,4.65962,11.8883,23.6928,41.4473,66.7333,101.297,147.015,205.854,279.842,371.036,481.508,613.341,1158.5,2723.65,5594.5,10828.5,19708.4,32214.5
new,Mix1,0.15,7.05581,3.75923,9.30329,18.4659,32.3796,52.3526,79.835,116.387,163.645,223.295,297.038,386.579,493.616,936.91,2205.12,4500.76,8598.37,15352,24498.7
new,Mix1,0.2,7.06231,3.365,7.94293,15.2924,26.1758,41.4524,62.0488,88.9352,123.102,165.541,217.225,279.104,352.096,646.77,1453.09,2847.89,5262.2,9211.84,14645.9
new,Mix1,0.3,7.07340,2.84569,6.2153,11.3682,18.6703,28.5092,41.2733,57.3376,77.0517,100.732,128.658,161.068,198.169,339.362,687.124,1224.74,2053.02,3219.85,4539.53
new,Mix1,0.356,7.07689,2.71297,5.71939,10.1805,16.3408,24.4528,34.7605,47.4898,62.8411,80.9859,102.065,126.189,153.445,254.659,493.799,847.911,1372.71,2085.67,2865.14
new,Mix1,0.4,7.07901,2.62252,5.39135,9.41156,14.8593,21.9127,30.7379,41.4823,54.2696,69.1979,86.3399,105.745,127.442,206.444,386.801,644.298,1013.5,1499.39,2013.66
new,Mix1,0.5,7.08190,2.46348,4.83431,8.14259,12.4749,17.9155,24.5372,32.3969,41.5343,51.9721,63.7167,76.7614,91.0895,141.556,250.497,397.418,597.503,847.489,1098.11
new,Mix1,0.511,7.08198,2.45153,4.78933,8.0378,12.277,17.5846,24.0274,31.6569,40.5083,50.6003,61.9366,74.5086,88.2981,136.748,240.906,380.744,570.405,806.733,1043.59
new,Mix1,0.6,7.08349,2.36336,4.46339,7.2879,10.8745,15.2599,20.4721,26.5291,33.4371,41.1922,49.781,59.1827,69.3718,104.398,176.935,270.332,392.258,539.907,685.841
new,Mix1,0.662,7.08718,2.30859,4.27718,6.87996,10.1383,14.0736,18.7004,24.0253,30.0461,36.7526,44.1278,52.1498,60.7933,90.2076,150.176,226.226,324.175,441.478,556.841
new,Mix1,0.8,7.08477,2.20308,3.92857,6.13125,8.80831,11.9586,15.5778,19.6565,24.1812,29.134,34.4938,40.2378,46.3427,66.6096,106.269,154.48,214.239,283.386,349.609
new,Mix1,1,7.08576,2.10764,3.59888,5.42075,7.55756,9.99762,12.729,15.7385,19.0114,22.5316,26.2824,30.2466,34.4075,47.9231,73.3828,102.842,137.705,177.336,216.414
new,Mix1,1.173,6.60159,2.035,3.38523,4.99831,6.85558,8.94299,11.2473,13.755,16.4523,19.3251,22.3593,25.5412,28.8578,39.5084,59.2761,81.9427,108.568,138.492,167.707
new,Mix1,1.33,6.21722,1.98413,3.23021,4.68759,6.33639,8.16165,10.1499,12.2882,14.5639,16.9645,19.4783,22.0939,24.8012,33.391,49.0469,66.6975,87.0858,109.586,131.256
new,Mix1,1.5,6.13321,1.93958,3.08913,4.40149,5.85693,7.44078,9.14031,10.9438,12.8404,14.8196,16.8718,18.9882,21.161,27.956,40.0403,53.2788,68.1264,84.1019,99.2819
new,Mix1,2,6.09376,1.8422,2.80076,3.84503,4.96207,6.14281,7.37992,8.66707,9.99869,11.3698,12.7758,14.2127,15.677,20.2064,28.1241,36.5278,45.5289,54.934,64.0849
new,Mix1,2.51,6.08787,1.77059,2.60674,3.48991,4.41236,5.3688,6.35515,7.36801,8.40449,9.46205,10.5385,11.6318,12.7405,16.1447,22.0371,28.2022,34.6678,41.3352,47.9293
new,Mix1,3,6.08429,1.71437,2.45912,3.2252,4.00882,4.80746,5.61919,6.44248,7.27601,8.11867,8.9695,9.82763,10.6923,13.32,17.7876,22.3476,26.9889,31.6684,36.3024
new,Mix1,4,6.07971,1.62626,2.24714,2.8652,3.48146,4.09659,4.71107,5.32527,5.93945,6.55383,7.16858,7.78381,8.39958,10.2502,13.3405,16.4214,19.4863,22.5604,25.682
new,Mix1,5,6.07837,1.56425,2.10324,2.62738,3.14087,3.64636,4.14572,4.6404,5.1315,5.61993,6.10642,6.59155,7.07579,8.5263,10.9423,13.3417,15.6981,18.0238,20.388
new,Mix1,6,6.07673,1.51702,1.99325,2.44788,2.8883,3.319,3.74304,4.16266,4.57953,4.99493,5.40978,5.82477,6.24029,7.49091,9.5656,11.556,13.4521,15.398,17.5786
new,Mix1,7,6.07504,1.47041,1.89926,2.30572,2.69719,3.07812,3.45153,3.81964,4.1841,4.54614,4.90669,5.26641,5.62573,6.70251,8.47617,10.1732,11.8096,13.5237,15.4671
new,Mix1,8,6.07337,1.43,1.81849,2.1844,2.53501,2.87468,3.20638,3.53227,3.85393,4.17259,4.48914,4.80423,5.1183,6.05583,7.59069,9.05694,10.4867,12.0078,13.7447
new,Mix1,9,6.07370,1.40197,1.76097,2.09667,2.41656,2.72515,3.02548,3.31973,3.60955,3.8962,4.18063,4.46356,4.74548,5.58783,6.97446,8.30114,9.55467,10.8195,12.2258
new,Mix1,10,6.07068,1.37694,1.71007,2.0195,2.3129,2.5948,2.86827,3.13554,3.39825,3.65767,3.91478,4.17034,4.42491,5.18584,6.44468,7.65825,8.79054,9.88191,11.0451
new,Mix1,11,6.07090,1.35466,1.6666,1.9556,2.22916,2.49171,2.74622,2.99485,3.2392,3.48048,3.71965,3.95743,4.19436,4.90314,6.07755,7.20886,8.25353,9.23773,10.2659
new,Mix1,12,6.07024,1.33433,1.6271,1.89769,2.15341,2.39859,2.6361,2.86802,3.09591,3.32093,3.54401,3.76585,3.98695,4.64892,5.74769,6.8066,7.77709,8.67298,9.58927
new,Mix1,13,6.06960,1.31563,1.59089,1.84474,2.08429,2.31374,2.53586,2.75268,2.96569,3.17602,3.38455,3.59195,3.79873,4.4183,5.44861,6.44277,7.34912,8.17099,8.99354
new,Mix1,14,6.06984,1.2983,1.55747,1.79598,2.02075,2.23584,2.44394,2.647,2.84645,3.04339,3.23867,3.43293,3.62665,4.20754,5.17537,6.11088,6.96076,7.71962,8.46286
new,Mix1,15,6.07010,1.28217,1.52646,1.75084,1.96202,2.16392,2.35916,2.5496,2.73662,2.92129,3.10441,3.2866,3.46835,4.0137,4.92403,5.80582,6.60516,7.30949,7.98489
new,Mix2,0.015,6.77722,1.26999,1.41886,1.52229,1.6018,1.66716,1.7235,1.77378,1.81982,1.86278,1.90339,1.94217,1.97944,2.08387,2.23475,2.35152,2.4353,2.50534,2.58606
new,Mix2,0.02,6.80972,1.61996,2.0296,2.3496,2.61782,2.8531,3.06628,3.26411,3.45108,3.63024,3.80374,3.97309,4.13936,4.62576,5.40107,6.10035,6.68587,7.19598,7.74373
new,Mix2,0.03,6.84883,2.85547,4.54801,6.17163,7.76139,9.33844,10.9175,12.5099,14.1244,15.7685,17.4484,19.1693,20.9357,26.5414,36.9838,48.6071,60.8634,73.575,87.6693
new,Mix2,0.04,6.87552,4.11017,8.06676,12.7677,18.1968,24.3522,31.2368,38.8547,47.2105,56.3086,66.1538,76.7516,88.109,126.851,208.411,316.345,458.448,636.641,840.545
new,Mix2,0.05,6.89446,4.96298,11.0809,19.3975,30.1128,43.4421,59.5951,78.7677,101.139,126.869,156.103,188.973,225.606,359.445,675.238,1154.3,1885.42,2924.14,4179.11
new,Mix2,0.06,6.90955,5.16762,12.4738,23.3419,38.4128,58.3672,83.8887,115.642,154.26,200.331,254.403,316.987,388.571,662.373,1360.13,2522.63,4478.72,7477.17,11206.8
new,Mix2,0.08,6.93106,4.90973,12.6105,25.0859,43.6571,69.7946,105.063,151.073,209.446,281.776,369.615,474.468,597.81,1094.08,2468.61,4967.94,9479.62,16639.8,25436.6
new,Mix2,0.1,6.94638,4.64324,11.9007,23.8333,41.8897,67.7483,103.277,150.495,211.537,288.619,384.005,499.988,638.887,1217.11,2894.69,5998.24,11693.9,21436.4,35307.1
new,Mix2,0.15,6.97122,3.74296,9.28663,18.4893,32.5164,52.7186,80.5982,117.776,165.96,226.908,302.407,394.245,504.21,960.973,2273.41,4657.46,8924.83,15979.4,25561.7
new,Mix2,0.2,6.98090,3.3616,7.94677,15.326,26.2777,41.6811,62.4878,89.6964,124.33,167.416,219.966,282.968,357.383,658.528,1485.52,2919.65,5407.5,9496.16,15165.3
new,Mix2,0.3,6.99789,2.84091,6.2107,11.3736,18.701,28.5869,41.4263,57.6009,77.4669,101.347,129.526,162.248,199.723,342.44,694.239,1238.35,2077.13,3259.83,4598.27
new,Mix2,0.356,7.00215,2.70962,5.71662,10.1854,16.3639,24.5083,34.8664,47.6677,63.1161,81.386,102.621,126.933,154.412,256.507,497.867,855.375,1385.47,2106.19,2894.55
new,Mix2,0.4,7.00429,2.62014,5.38986,9.41642,14.8783,21.9559,30.8176,41.613,54.4677,69.4813,86.7275,106.256,128.098,207.653,389.323,648.699,1020.69,1510.53,2029.19
new,Mix2,0.5,7.00721,2.46213,4.83411,8.14707,12.4886,17.944,24.5867,32.4744,41.6471,52.1277,63.9228,77.0255,91.419,142.124,251.604,399.333,600.622,851.996,1103.48
new,Mix2,0.511,7.00728,2.4503,4.78929,8.04232,12.2903,17.6121,24.0748,31.7307,40.6152,50.7474,62.1311,74.7573,88.6078,137.279,241.937,382.52,573.289,810.905,1048.59
new,Mix2,0.6,7.00882,2.36304,4.46451,7.29262,10.8854,15.2799,20.5044,26.577,33.5041,41.2815,49.8959,59.3262,69.5468,104.682,177.449,271.162,393.548,541.75,688.088
new,Mix2,0.662,7.01265,2.30806,4.2777,6.88342,10.1469,14.0895,18.7263,24.0636,30.0992,36.8227,44.2172,52.2602,60.9265,90.4169,150.537,226.801,325.074,442.76,558.354
new,Mix2,0.8,7.01006,2.20213,3.928,6.13247,8.81282,11.9679,15.5933,19.6796,24.213,29.1753,34.5454,40.3002,46.416,66.7158,106.432,154.731,214.648,283.975,350.25
new,Mix2,1,7.01110,2.10795,3.59979,5.42259,7.56073,10.0026,12.7363,15.7488,19.0252,22.5495,26.3051,30.2748,34.4418,47.9786,73.4773,102.967,137.864,177.602,216.927
new,Mix2,1.173,6.48396,2.03397,3.38454,4.99913,6.85902,8.95002,11.2587,13.7716,16.4745,19.3533,22.3936,25.5816,28.9043,39.5721,59.3703,82.0964,108.832,138.871,168.104
new,Mix2,1.33,6.09643,1.98423,3.23118,4.69002,6.34076,8.16833,10.1592,12.3002,14.5787,16.9822,19.4987,22.1168,24.8264,33.4217,49.0855,66.7565,87.1871,109.727,131.39
new,Mix2,1.5,6.01148,1.94088,3.09179,4.40543,5.86198,7.4467,9.14682,10.9506,12.847,14.8256,16.8768,18.9918,21.1627,27.9493,40.0123,53.2239,68.04,83.9733,99.0954
new,Mix2,2,5.97061,1.84273,2.80163,3.84615,4.96345,6.1445,7.38201,8.66972,10.0021,11.3741,12.7813,14.2196,15.6856,20.2216,28.1532,36.57,45.5813,55.0025,64.1879
new,Mix2,2.51,5.96508,1.77116,2.60764,3.49102,4.41357,5.37005,6.35638,7.3692,8.40562,9.46311,10.5395,11.6328,12.7413,16.1452,22.0356,28.1939,34.648,41.3069,47.9041
new,Mix2,3,5.96078,1.715,2.46012,3.22638,4.01002,4.80854,5.62004,6.44297,7.27605,8.11817,8.96836,9.82579,10.6897,13.3145,17.7756,22.3261,26.9554,31.6233,36.2491
new,Mix2,4,5.95610,1.62616,2.24726,2.86561,3.48215,4.0975,4.71208,5.32624,5.94022,6.55424,7.16843,7.78292,8.39776,10.2446,13.3262,16.399,19.4582,22.5264,25.6366
new,Mix2,5,5.95478,1.56429,2.1037,2.62832,3.14224,3.64803,4.14753,4.64213,5.13293,5.62082,6.10651,6.59058,7.07349,8.51853,10.9214,13.3061,15.6497,17.9629,20.3092
new,Mix2,6,5.95315,1.51926,1.99637,2.45121,2.89141,3.32161,3.74494,4.1637,4.57959,4.9939,5.40756,5.82121,6.23526,7.48001,9.53676,11.5004,13.3835,15.3514,17.5865
new,Mix2,7,5.95141,1.47194,1.90166,2.30863,2.70034,3.08131,3.4546,3.82245,4.18651,4.54803,4.90794,5.26689,5.62531,6.69835,8.46155,10.145,11.7752,13.4969,15.4581
new,Mix2,8,5.94977,1.43097,1.82027,2.18683,2.53794,2.87798,3.20993,3.53593,3.85759,4.17613,4.49244,4.80718,5.12079,6.05634,7.58638,9.04771,10.4744,11.9934,13.7265
new,Mix2,9,5.95004,1.40327,1.76322,2.09959,2.41996,2.72885,3.02931,3.32356,3.61324,3.89962,4.18365,4.46606,4.74737,5.5872,6.96793,8.28757,9.53412,10.792,12.1897
new,Mix2,10,5.94718,1.37853,1.71273,2.0229,2.31677,2.59894,2.87251,3.1397,3.4022,3.66128,3.91793,4.17291,4.42678,5.18502,6.43769,7.64371,8.76782,9.85014,11.0023
new,Mix2,11,5.94755,1.35621,1.66924,1.95902,2.23312,2.49601,2.75069,2.99933,3.24353,3.48455,3.72332,3.96058,4.19687,4.90311,6.07145,7.19537,8.23243,9.20899,10.2283
new,Mix2,12,5.94670,1.33584,1.62972,1.90113,2.15745,2.40302,2.64077,2.87277,3.10059,3.32541,3.54816,3.76954,3.99007,4.64964,5.74251,6.79413,7.75737,8.64661,9.55576
new,Mix2,13,5.94615,1.3171,1.59348,1.84818,2.08837,2.31827,2.54069,2.75764,2.97064,3.18083,3.38909,3.5961,3.80236,4.41969,5.44428,6.43122,7.33048,8.14636,8.96314
new,Mix2,14,5.94614,1.29975,1.56004,1.79943,2.02488,2.24046,2.4489,2.65215,2.85165,3.0485,3.24356,3.43747,3.63073,4.20952,5.17179,6.10013,6.94298,7.6962,8.43463
new,Mix2,15,5.94671,1.28359,1.529,1.75427,1.96615,2.16859,2.3642,2.55487,2.74199,2.92662,3.10957,3.29147,3.47281,4.01621,4.92118,5.79591,6.58829,7.28724,7.9585
new,Mix3,0.015,6.96478,1.2413,1.37255,1.46284,1.53173,1.58801,1.6363,1.67925,1.71845,1.75494,1.78936,1.82217,1.85365,1.94159,2.06797,2.16526,2.2348,2.29265,2.359
new,Mix3,0.02,7.00124,1.55874,1.91287,2.1826,2.40467,2.59693,2.76941,2.92828,3.07752,3.21981,3.357,3.49036,3.62077,3.99905,4.58922,5.10176,5.5136,5.8688,6.26093
new,Mix3,0.03,7.04498,2.68614,4.14691,5.50269,6.79694,8.05482,9.29313,10.524,11.7568,12.9988,14.256,15.5332,16.8344,20.9095,28.3295,36.3551,44.5142,52.6113,61.2938
new,Mix3,0.04,7.06742,3.92909,7.47962,11.5585,16.1413,21.2163,26.7767,32.8181,39.3371,46.3312,53.7988,61.7392,70.1526,98.2624,155.258,227.169,317.116,425.085,545.759
new,Mix3,0.05,7.08096,4.83148,10.5365,18.0904,27.6109,39.2289,53.0708,69.2515,87.8728,109.023,132.781,159.216,188.395,293.17,533.459,887.152,1410.52,2131.04,2979.02
new,Mix3,0.06,7.09117,5.10475,12.1006,22.2913,36.1753,54.2765,77.1122,105.176,138.927,178.788,225.142,278.343,338.728,566.549,1134.94,2063,3593.16,5885.9,8677.16
new,Mix3,0.08,7.10536,4.91636,12.4787,24.5461,42.28,66.9573,99.9182,142.526,196.131,262.049,341.544,435.831,546.099,985.139,2182.39,4331.31,8164,14162.2,21429
new,Mix3,0.1,7.11539,4.65696,11.8425,23.5255,41.0283,65.8657,99.7019,144.314,201.559,273.337,361.569,468.181,595.104,1117.62,2607.88,5329.55,10277.2,18627,30284.3
new,Mix3,0.15,7.13157,3.77299,9.31527,18.4394,32.2497,52.0195,79.1562,115.171,161.647,220.21,292.502,380.162,484.826,917.391,2151.23,4379.01,8347.07,14876.4,23714.5
new,Mix3,0.2,7.13812,3.365,7.93266,15.2516,26.071,41.2328,61.6428,88.2466,122.007,163.883,214.818,275.723,347.484,636.549,1424.9,2785.34,5133.95,8953.49,14156
new,Mix3,0.3,7.14891,2.85046,6.21989,11.3629,18.6397,28.4319,41.1214,57.0764,76.6403,100.123,127.799,159.902,196.634,336.323,680.1,1211.28,2029.1,3180.18,4481.39
new,Mix3,0.356,7.15233,2.71632,5.72213,10.1755,16.3176,24.3971,34.6544,47.3115,62.5657,80.5854,101.509,125.444,152.478,252.809,489.721,840.413,1359.87,2064.99,2835.44
new,Mix3,0.4,7.15442,2.6249,5.39281,9.40665,14.8403,21.8695,30.6581,41.3514,54.0713,68.9144,85.9521,105.233,126.786,205.234,384.272,639.875,1006.26,1488.14,1997.97
new,Mix3,0.5,7.15727,2.46483,4.8345,8.13809,12.4611,17.887,24.4876,32.3193,41.4215,51.8163,63.5105,76.4971,90.7597,140.988,249.386,395.496,594.372,842.956,1092.69
new,Mix3,0.511,7.15737,2.45276,4.78936,8.03327,12.2635,17.5572,23.98,31.5832,40.4013,50.453,61.7421,74.2597,87.9882,136.216,239.873,378.963,567.51,802.538,1038.54
new,Mix3,0.6,7.15885,2.36367,4.46228,7.28319,10.8636,15.2399,20.4399,26.4812,33.3703,41.103,49.6662,59.0392,69.1968,104.113,176.422,269.5,390.964,538.057,683.582
new,Mix3,0.662,7.16239,2.30912,4.27665,6.87651,10.1298,14.0576,18.6746,23.9871,29.9931,36.6825,44.0385,52.0393,60.66,89.998,149.815,225.65,323.271,440.188,555.315
new,Mix3,0.8,7.16017,2.20403,3.92914,6.13002,8.80378,11.9493,15.5622,19.6334,24.1494,29.0925,34.442,40.1752,46.269,66.5029,106.106,154.226,213.826,282.792,348.958
new,Mix3,1,7.16111,2.10732,3.59797,5.41891,7.55439,9.99265,12.7217,15.7283,18.9977,22.5137,26.2597,30.2184,34.3734,47.8678,73.2889,102.718,137.546,177.07,215.899
new,Mix3,1.173,6.72029,2.03602,3.38592,4.99749,6.85216,8.93598,11.2359,13.7385,16.4302,19.2971,22.3251,25.5008,28.8114,39.4448,59.182,81.7903,108.308,138.116,167.309
new,Mix3,1.33,6.33911,1.98403,3.22925,4.68519,6.33208,8.15504,10.1407,12.2763,14.5491,16.947,19.4581,22.0712,24.7762,33.3606,49.0087,66.6395,86.9866,109.447,131.123
new,Mix3,1.5,6.25606,1.93829,3.08651,4.3976,5.85193,7.43491,9.13386,10.9371,12.8338,14.8136,16.8668,18.9847,21.1594,27.9626,40.0681,53.3332,68.2121,84.2294,99.4668
new,Mix3,2,6.21780,1.84115,2.79923,3.84327,4.96018,6.14074,7.37752,8.6641,9.99481,11.3646,12.7688,14.2035,15.665,20.183,28.0743,36.4524,45.4343,54.8119,63.9027
new,Mix3,2.51,6.21134,1.76963,2.60532,3.48831,4.41074,5.36725,6.3537,7.36663,8.40311,9.46058,10.5368,11.6298,12.7379,16.1401,22.0299,28.2006,34.6814,41.3582,47.937
new,Mix3,3,6.20896,1.71345,2.45776,3.22368,4.00733,4.80614,5.61814,6.44176,7.27566,8.1187,8.9699,9.8284,10.6935,13.3221,17.7927,22.3601,27.0139,31.7041,36.3389
new,Mix3,4,6.20463,1.62665,2.24733,2.86496,3.48076,4.09548,4.70968,5.32377,5.93807,6.55282,7.16819,7.78433,8.40128,10.2571,13.3594,16.4513,19.5204,22.5945,25.7214
new,Mix3,5,6.20344,1.56465,2.10315,2.62657,3.13935,3.64427,4.14332,4.63798,5.12943,5.61861,6.10624,6.59295,7.07918,8.53806,10.9734,13.3919,15.7611,18.0981,20.4856
new,Mix3,6,6.20196,1.51385,1.98906,2.44364,2.88458,3.3161,3.74113,4.16181,4.57975,4.9962,5.4121,5.82811,6.24472,7.49964,9.59139,11.6147,13.5299,15.4382,17.5165
new,Mix3,7,6.20063,1.46893,1.89688,2.3028,2.69398,3.07483,3.44836,3.81675,4.18165,4.54428,4.9056,5.26626,5.62673,6.70837,8.49631,10.2123,11.857,13.5575,15.4708
new,Mix3,8,6.19906,1.43,1.81786,2.18301,2.53288,2.87193,3.20318,3.52882,3.85046,4.16932,4.4863,4.80206,5.11701,6.05824,7.60037,9.07088,10.5026,12.0308,13.7872
new,Mix3,9,6.19961,1.40098,1.75911,2.09411,2.41351,2.72181,3.02204,3.31639,3.60652,3.89367,4.1788,4.46261,4.74561,5.59217,6.98829,8.32515,9.58812,10.8638,12.2864
new,Mix3,10,6.19693,1.37507,1.70705,2.01578,2.3088,2.5906,2.8642,3.13179,3.395,3.6551,3.91305,4.16959,4.42528,5.1904,6.45863,7.68392,8.82927,9.93482,11.1144
new,Mix3,11,6.19688,1.35288,1.66366,1.95188,2.22496,2.48728,2.74179,2.99061,3.23533,3.47716,3.71703,3.95567,4.1936,4.90619,6.08917,7.23072,8.28636,9.28303,10.3272
new,Mix3,12,6.19658,1.33264,1.62422,1.89396,2.14912,2.39397,2.63137,2.86338,3.09152,3.31698,3.54065,3.76323,3.98522,4.65066,5.75729,6.82518,7.80474,8.71126,9.64265
new,Mix3,13,6.19625,1.31401,1.58808,1.84104,2.07996,2.30899,2.53091,2.74772,2.96088,3.17154,3.38056,3.58861,3.79618,4.41891,5.45641,6.45842,7.37211,8.20273,9.03915
new,Mix3,14,6.19676,1.29676,1.55473,1.79231,2.01639,2.231,2.43883,2.64179,2.84132,3.0385,3.23417,3.42898,3.6234,4.20715,5.18155,6.12394,6.97961,7.74537,8.50106
new,Mix3,15,6.19623,1.2807,1.52381,1.74724,1.95769,2.15907,2.35396,2.54424,2.73127,2.91609,3.09953,3.28218,3.46453,4.01245,4.92874,5.81649,6.62022,7.32968,8.0159
new,Mix4,0.015,6.97356,1.23998,1.37043,1.46013,1.52853,1.58441,1.63234,1.67496,1.71387,1.75007,1.78422,1.81677,1.848,1.93521,2.06053,2.15697,2.22589,2.28322,2.34896
new,Mix4,0.02,7.01293,1.55626,1.90834,2.17629,2.39678,2.58759,2.75873,2.91634,3.06438,3.20551,3.34156,3.47381,3.60313,3.97816,4.56299,5.07038,5.47758,5.82862,6.21645
new,Mix4,0.03,7.05963,2.67776,4.12722,5.4705,6.75159,7.99588,9.22033,10.4372,11.6557,12.8834,14.1262,15.389,16.6756,20.707,28.0542,36.0094,44.11,52.1852,60.9136
new,Mix4,0.04,7.08410,3.91558,7.43838,11.4775,16.0089,21.0215,26.5089,32.4671,38.8931,45.7852,53.1421,60.9636,69.2508,96.9412,153.115,224.018,312.709,419.263,538.726
new,Mix4,0.05,7.09924,4.81746,10.4839,17.9712,27.3926,38.875,52.5407,68.5014,86.8566,107.693,131.087,157.107,185.822,288.894,525.25,873.122,1387.6,2095.56,2929.49
new,Mix4,0.06,7.11076,5.09638,12.0566,22.1741,35.9357,53.8531,76.4313,104.152,137.465,176.783,222.48,274.904,334.386,558.685,1117.97,2030.55,3533.72,5784.61,8526.73
new,Mix4,0.08,7.12697,4.91704,12.4604,24.4744,42.1022,66.5995,99.2832,141.491,194.549,259.745,338.319,431.463,540.338,973.472,2153.11,4267.54,8034.78,13929.4,21079
new,Mix4,0.1,7.13844,4.65616,11.8287,23.4753,40.9029,65.6064,99.2258,143.51,200.281,271.404,358.759,464.232,589.706,1105.56,2573.86,5251.89,10115.8,18310.8,29721.1
new,Mix4,0.15,7.15710,3.77759,9.3192,18.4302,32.2057,51.9071,78.9278,114.763,160.977,219.176,290.982,378.013,481.884,910.861,2133.19,4338.23,8262.83,14716.8,23450.8
new,Mix4,0.2,7.16530,3.365,7.92901,15.2372,26.0338,41.1548,61.4987,88.0023,121.619,163.296,213.966,274.527,345.854,632.943,1414.98,2763.35,5088.89,8862.83,13984.6
new,Mix4,0.3,7.17754,2.85225,6.2216,11.3608,18.6281,28.4026,41.064,56.9778,76.485,99.8936,127.475,159.462,196.055,335.176,677.447,1206.19,2020.04,3165.13,4459.3
new,Mix4,0.356,7.18155,2.71761,5.72318,10.1736,16.3086,24.3756,34.6134,47.2428,62.4596,80.4311,101.294,125.158,152.105,252.096,488.149,837.519,1354.91,2056.99,2823.94
new,Mix4,0.4,7.18402,2.62583,5.39338,9.40472,14.8329,21.8526,30.6269,41.3003,53.9939,68.8037,85.8007,105.033,126.53,204.761,383.284,638.144,1003.42,1483.73,1991.8
new,Mix4,0.5,7.18741,2.46536,4.83457,8.13629,12.4556,17.8757,24.4679,32.2885,41.3766,51.7545,63.4285,76.392,90.6286,140.762,248.945,394.731,593.124,841.148,1090.52
new,Mix4,0.511,7.18754,2.45324,4.78937,8.03147,12.2582,17.5463,23.9612,31.5538,40.3587,50.3944,61.6647,74.1607,87.8649,136.005,239.461,378.253,566.356,800.863,1036.52
new,Mix4,0.6,7.18928,2.3638,4.46183,7.28129,10.8593,15.2318,20.4269,26.462,33.3434,41.0672,49.6201,58.9816,69.1266,103.999,176.215,269.166,390.444,537.314,682.672
new,Mix4,0.662,7.19316,2.30934,4.27644,6.87511,10.1263,14.0511,18.6641,23.9716,29.9715,36.654,44.0021,51.9943,60.6058,89.9127,149.667,225.415,322.903,439.662,554.691
new,Mix4,0.8,7.19095,2.20442,3.92936,6.12951,8.80194,11.9455,15.5559,19.624,24.1365,29.0756,34.4209,40.1498,46.2391,66.4594,106.039,154.123,213.657,282.55,348.691
new,Mix4,1,7.19193,2.10719,3.5976,5.41817,7.5531,9.99063,12.7188,15.7242,18.9921,22.5065,26.2505,30.207,34.3595,47.8453,73.2508,102.668,137.481,176.962,215.689
new,Mix4,1.173,6.73502,2.03614,3.386,4.99738,6.85173,8.93512,11.2345,13.7365,16.4275,19.2936,22.3209,25.4959,28.8057,39.4369,59.1704,81.7715,108.276,138.07,167.26
new,Mix4,1.33,6.33073,1.98403,3.22932,4.68536,6.33237,8.15549,10.1413,12.2771,14.5501,16.9482,19.4594,22.0727,24.7779,33.3626,49.0113,66.6434,86.9933,109.457,131.132
new,Mix4,1.5,6.24286,1.93843,3.08679,4.39801,5.85247,7.43553,9.13455,10.9379,12.8345,14.8142,16.8673,18.9851,21.1595,27.9619,40.0651,53.3274,68.203,84.2158,99.4471
new,Mix4,2,6.20239,1.84128,2.79942,3.84349,4.96041,6.141,7.37782,8.66447,9.99529,11.3652,12.7697,14.2046,15.6665,20.1858,28.0804,36.4616,45.4458,54.8268,63.925
new,Mix4,2.51,6.19581,1.76975,2.60549,3.48851,4.41094,5.36745,6.35388,7.36681,8.40328,9.46076,10.537,11.63,12.7382,16.1406,22.0308,28.2007,34.6795,41.3551,47.9358
new,Mix4,3,6.19303,1.71356,2.45793,3.22387,4.00752,4.80631,5.61828,6.44185,7.2757,8.11869,8.96985,9.82831,10.6933,13.3219,17.792,22.3584,27.0105,31.6994,36.3341
new,Mix4,4,6.18865,1.6266,2.2473,2.86499,3.48085,4.09563,4.70986,5.32396,5.93825,6.55295,7.16824,7.78426,8.40106,10.2562,13.3569,16.4473,19.5158,22.5899,25.7161
new,Mix4,5,6.18738,1.5646,2.10316,2.62667,3.13954,3.64454,4.14363,4.63829,5.1297,5.61878,6.10628,6.59278,7.07877,8.53659,10.9695,13.3858,15.7535,18.0892,20.4737
new,Mix4,6,6.18590,1.51425,1.98959,2.44419,2.88506,3.31648,3.74139,4.16194,4.57975,4.99608,5.41185,5.82776,6.24425,7.49873,9.5887,11.6082,13.521,15.4333,17.5241
new,Mix4,7,6.18456,1.46912,1.89718,2.30317,2.69439,3.07525,3.44877,3.81712,4.18196,4.54452,4.90574,5.26629,5.62661,6.70764,8.49379,10.2073,11.8509,13.5529,15.47
new,Mix4,8,6.18308,1.43,1.81794,2.18319,2.53315,2.87228,3.20359,3.52925,3.8509,4.16973,4.48666,4.80234,5.11718,6.05795,7.59917,9.06915,10.5006,12.0279,13.7819
new,Mix4,9,6.18351,1.40111,1.75935,2.09444,2.4139,2.72223,3.02247,3.31682,3.60691,3.89399,4.17903,4.46273,4.74559,5.59162,6.98653,8.3221,9.58387,10.8582,12.2787
new,Mix4,10,6.18097,1.3753,1.70743,2.01625,2.30931,2.59112,2.86471,3.13226,3.39541,3.65543,3.91327,4.16969,4.42524,5.18983,6.45689,7.6807,8.82441,9.92818,11.1057
new,Mix4,11,6.18097,1.35311,1.66403,1.95235,2.22548,2.48783,2.74235,2.99114,3.23582,3.47758,3.71736,3.95589,4.1937,4.90581,6.08772,7.22799,8.28225,9.27735,10.3195
new,Mix4,12,6.18062,1.33285,1.62458,1.89443,2.14966,2.39455,2.63196,2.86396,3.09207,3.31748,3.54107,3.76356,3.98544,4.65045,5.75609,6.82286,7.80128,8.70646,9.63594
new,Mix4,13,6.18023,1.31421,1.58843,1.8415,2.0805,2.30958,2.53154,2.74834,2.96149,3.17211,3.38106,3.58903,3.7965,4.41883,5.45544,6.45647,7.36924,8.19876,9.03342
new,Mix4,14,6.18065,1.29695,1.55507,1.79277,2.01694,2.23161,2.43947,2.64245,2.84196,3.03912,3.23474,3.42948,3.62381,4.2072,5.18078,6.12231,6.97726,7.74215,8.49626
new,Mix4,15,6.18034,1.28089,1.52414,1.74769,1.95823,2.15967,2.35461,2.54491,2.73194,2.91674,3.10014,3.28274,3.46501,4.01261,4.92816,5.81518,6.61837,7.32719,8.01205
new,Mix5,0.015,6.89846,1.25136,1.38874,1.48357,1.55611,1.61551,1.66656,1.71202,1.75356,1.79225,1.82878,1.86362,1.89707,1.9906,2.12526,2.22912,2.30344,2.36538,2.43655
new,Mix5,0.02,6.94176,1.57748,1.94827,2.23294,2.46863,2.67351,2.8579,3.02813,3.18835,3.34135,3.48907,3.63286,3.77365,4.18315,4.82647,5.39196,5.85222,6.25013,6.68544
new,Mix5,0.03,7.00245,2.71059,4.20452,5.59704,6.93004,8.2279,9.50701,10.7792,12.0537,13.3377,14.637,15.9564,17.2997,21.5009,29.1267,37.3452,45.657,53.7968,62.3209
new,Mix5,0.04,7.03452,3.95582,7.56147,11.7197,16.4048,21.6043,27.3106,33.518,40.2225,47.4202,55.1083,63.2849,71.9491,100.888,159.492,233.352,325.702,436.336,559.2
new,Mix5,0.05,7.05406,4.85217,10.6143,18.2669,27.9343,39.754,53.8577,70.3653,89.3823,111,135.299,162.349,192.218,299.512,545.594,907.804,1444.13,2182.85,3051.04
new,Mix5,0.06,7.06851,5.11446,12.1518,22.4275,36.4542,54.7699,77.9059,106.369,140.632,181.127,228.247,282.354,343.792,575.711,1154.66,2100.62,3661.9,6002.77,8850.16
new,Mix5,0.08,7.08856,4.91582,12.4929,24.602,42.4186,67.2363,100.414,143.333,197.366,263.848,344.063,439.245,550.601,994.256,2205.26,4381.08,8264.8,14343.4,21700.8
new,Mix5,0.1,7.10253,4.65741,11.8502,23.5535,41.0986,66.011,99.9689,144.766,202.276,274.422,363.147,470.401,598.14,1124.41,2627.06,5373.37,10368.3,18805.7,30602.6
new,Mix5,0.15,7.12514,3.77182,9.31427,18.4416,32.2608,52.0478,79.2138,115.274,161.817,220.471,292.885,380.704,485.569,919.039,2155.78,4389.29,8368.31,14916.6,23780.9
new,Mix5,0.2,7.13565,3.365,7.933,15.253,26.0744,41.2399,61.6559,88.2688,122.042,163.937,214.895,275.832,347.633,636.878,1425.81,2787.35,5138.06,8961.78,14171.7
new,Mix5,0.3,7.15030,2.85055,6.21997,11.3628,18.6391,28.4304,41.1186,57.0716,76.6327,100.112,127.783,159.88,196.606,336.267,679.97,1211.03,2028.66,3179.44,4480.31
new,Mix5,0.356,7.15520,2.71644,5.72223,10.1753,16.3167,24.395,34.6503,47.3047,62.5553,80.5702,101.487,125.416,152.441,252.739,489.567,840.129,1359.38,2064.2,2834.31
new,Mix5,0.4,7.15823,2.62502,5.39289,9.4064,14.8393,21.8673,30.6541,41.3448,54.0613,68.9001,85.9325,105.207,126.753,205.173,384.145,639.652,1005.9,1487.57,1997.17
new,Mix5,0.5,7.16240,2.46492,4.83451,8.13778,12.4602,17.8851,24.4843,32.3141,41.4138,51.8058,63.4965,76.4792,90.7374,140.95,249.311,395.366,594.159,842.648,1092.32
new,Mix5,0.511,7.16258,2.45284,4.78936,8.03296,12.2626,17.5553,23.9768,31.5781,40.3939,50.4429,61.7287,74.2426,87.9669,136.18,239.802,378.84,567.311,802.248,1038.19
new,Mix5,0.6,7.16472,2.3637,4.46219,7.28282,10.8628,15.2383,20.4374,26.4775,33.3651,41.0961,49.6573,59.0281,69.1832,104.091,176.382,269.436,390.864,537.914,683.406
new,Mix5,0.662,7.16928,2.30917,4.2766,6.8762,10.129,14.0562,18.6722,23.9836,29.9883,36.6761,44.0303,52.0292,60.6479,89.9789,149.782,225.597,323.189,440.071,555.175
new,Mix5,0.8,7.16685,2.20412,3.92918,6.12991,8.80338,11.9485,15.5608,19.6314,24.1466,29.0888,34.4374,40.1697,46.2625,66.4934,106.091,154.204,213.789,282.74,348.9
new,Mix5,1,7.16792,2.10729,3.59789,5.41875,7.5541,9.9922,12.7211,15.7274,18.9964,22.5121,26.2576,30.2159,34.3703,47.8628,73.2805,102.707,137.531,177.047,215.853
new,Mix5,1.173,6.62406,2.03519,3.38536,4.99815,6.85493,8.94166,11.2451,13.7519,16.4481,19.3198,22.3528,25.5335,28.849,39.4963,59.2582,81.9136,108.518,138.42,167.631
new,Mix5,1.33,6.16595,1.98417,3.23062,4.68862,6.33823,8.16447,10.1538,12.2933,14.5701,16.972,19.4869,22.1036,24.8119,33.404,49.0632,66.7223,87.1284,109.646,131.312
new,Mix5,1.5,6.06625,1.94029,3.09059,4.40365,5.85969,7.44402,9.14387,10.9475,12.844,14.8229,16.8746,18.9902,21.162,27.9523,40.025,53.2487,68.0791,84.0314,99.1797
new,Mix5,2,6.01919,1.84283,2.8017,3.8461,4.96323,6.14407,7.38137,8.66887,10.001,11.3729,12.78,14.2183,15.6843,20.2208,28.1547,36.5746,45.5882,55.0105,64.1977
new,Mix5,2.51,6.01294,1.77119,2.60762,3.4909,4.41335,5.36975,6.35603,7.36885,8.40533,9.46296,10.5395,11.6331,12.742,16.1476,22.042,28.2045,34.6617,41.3234,47.9261
new,Mix5,3,6.00780,1.71494,2.45997,3.22615,4.00975,4.80828,5.61984,6.44292,7.27622,8.11865,8.96924,9.82716,10.6917,13.3187,17.7848,22.3408,26.975,31.648,36.2811
new,Mix5,4,6.00270,1.62601,2.24703,2.86534,3.48189,4.09728,4.71194,5.3262,5.94031,6.55447,7.16883,7.7835,8.39855,10.2461,13.3292,16.4043,19.4676,22.5421,25.6601
new,Mix5,5,6.00102,1.564,2.10329,2.62788,3.14182,3.64766,4.14722,4.64188,5.13275,5.6207,6.10644,6.59055,7.0735,8.5186,10.9218,13.308,15.6549,17.9723,20.3218
new,Mix5,6,5.99918,1.519,1.99586,2.45049,2.89057,3.32072,3.7441,4.163,4.57913,4.99377,5.40784,5.822,6.23661,7.4834,9.54364,11.5098,13.3962,15.3719,17.6207
new,Mix5,7,5.99723,1.47135,1.90075,2.30756,2.6992,3.08017,3.45351,3.82144,4.18562,4.54728,4.90735,5.26647,5.62508,6.69879,8.46352,10.1492,11.7817,13.5051,15.4671
new,Mix5,8,5.99561,1.43008,1.81899,2.18537,2.53642,2.87645,3.20842,3.53444,3.85612,4.17465,4.49093,4.80563,5.11917,6.0545,7.58494,9.04838,10.4767,11.9938,13.7199
new,Mix5,9,5.99561,1.40262,1.76218,2.09831,2.41852,2.72729,3.02768,3.32187,3.61152,3.89787,4.18189,4.46428,4.74558,5.58541,6.96641,8.28699,9.53481,10.7932,12.19
new,Mix5,10,5.99268,1.37807,1.71191,2.02179,2.31543,2.59742,2.87084,3.13793,3.40036,3.6594,3.91604,4.17103,4.42495,5.18345,6.43684,7.64365,8.76844,9.85166,11.0054
new,Mix5,11,5.99308,1.35574,1.66841,1.9579,2.23176,2.49446,2.749,2.99753,3.24167,3.48264,3.72141,3.95869,4.19504,4.90159,6.07095,7.19623,8.23447,9.21153,10.2307
new,Mix5,12,5.99214,1.33536,1.62887,1.89998,2.15607,2.40145,2.63905,2.87095,3.09869,3.32348,3.54622,3.76763,3.98822,4.64815,5.74227,6.79579,7.76085,8.65069,9.55877
new,Mix5,13,5.99132,1.31662,1.59263,1.84703,2.08698,2.31668,2.53895,2.7558,2.96872,3.17887,3.38713,3.59416,3.80049,4.41821,5.44422,6.43352,7.33526,8.15211,8.96735
new,Mix5,14,5.99126,1.29926,1.55918,1.79826,2.02346,2.23885,2.44714,2.65027,2.84969,3.0465,3.24155,3.43549,3.62882,4.20801,5.17183,6.10292,6.94889,7.70361,8.44037
new,Mix5,15,5.99217,1.28309,1.52811,1.75307,1.9647,2.16694,2.3624,2.55295,2.73998,2.92456,3.1075,3.28943,3.47082,4.01463,4.92127,5.79908,6.59519,7.29624,7.96596
new,Mix6,0.015,6.88110,1.254,1.39301,1.48905,1.56257,1.6228,1.67459,1.72071,1.76288,1.80216,1.83926,1.87465,1.90862,2.00366,2.14056,2.24619,2.32181,2.38486,2.45733
new,Mix6,0.02,6.91833,1.58496,1.96248,2.25323,2.49448,2.70454,2.89381,3.06872,3.23347,3.39089,3.54296,3.69106,3.83614,4.25858,4.92401,5.51171,5.99249,6.4086,6.86224
new,Mix6,0.03,6.96879,2.74137,4.27668,5.71674,7.10204,8.45631,9.79559,11.1316,12.4735,13.8285,15.2025,16.6004,18.0262,22.4993,30.664,39.5243,48.5638,57.5217,67.0146
new,Mix6,0.04,7.00264,3.98184,7.64146,11.8776,16.6634,21.9854,27.8351,34.2061,41.0928,48.4904,56.3948,64.8025,73.7116,103.456,163.6,239.291,333.865,446.912,571.63
new,Mix6,0.05,7.01961,4.87879,10.7147,18.4952,28.3534,40.435,54.8792,71.8119,91.3434,113.569,138.57,166.418,197.181,307.734,561.245,934.273,1486.93,2248.48,3141.64
new,Mix6,0.06,7.03195,5.13019,12.2348,22.649,36.9079,55.5732,79.1992,108.315,143.413,184.942,233.311,288.895,352.047,590.627,1186.65,2161.39,3772.57,6190.28,9126.32
new,Mix6,0.08,7.04871,4.91456,12.5268,24.735,42.7489,67.9017,101.596,145.262,200.318,268.148,350.084,447.405,561.362,1016.04,2259.88,4499.82,8505.02,14774.5,22344.6
new,Mix6,0.1,7.06033,4.65888,11.8756,23.6461,41.3304,66.4909,100.851,146.259,204.651,278.019,368.381,477.768,608.22,1147,2691,5519.69,10672.7,19402.7,31668.2
new,Mix6,0.15,7.07895,3.76345,9.307,18.4579,32.34,52.2509,79.6275,116.015,163.034,222.35,295.648,384.613,490.922,930.925,2188.59,4463.45,8521.4,15206.4,24258.9
new,Mix6,0.2,7.08679,3.365,7.9396,15.2792,26.1418,41.3811,61.917,88.7116,122.746,165.002,216.443,278.005,350.596,643.443,1443.9,2827.49,5220.36,9127.52,14485.8
new,Mix6,0.3,7.09907,2.84731,6.21687,11.3664,18.6599,28.4829,41.2216,57.2486,76.9115,100.525,128.365,160.671,197.646,338.326,684.731,1220.16,2044.88,3206.37,4519.78
new,Mix6,0.356,7.10303,2.71413,5.72035,10.1788,16.3328,24.4335,34.7237,47.4278,62.7454,80.8468,101.872,125.93,153.109,254.016,492.383,845.309,1368.26,2078.5,2854.85
new,Mix6,0.4,7.10545,2.62336,5.39187,9.40984,14.8527,21.8975,30.7099,41.4363,54.1998,69.0982,86.2035,105.565,127.211,206.018,385.912,642.745,1010.96,1495.45,2008.16
new,Mix6,0.5,7.10876,2.46396,4.83438,8.14098,12.47,17.9053,24.5195,32.3691,41.494,51.9164,63.643,76.6669,90.9716,141.353,250.1,396.732,596.385,845.872,1096.18
new,Mix6,0.511,7.10888,2.45197,4.78934,8.03618,12.2722,17.5748,24.0105,31.6305,40.47,50.5476,61.867,74.4195,88.1872,136.558,240.537,380.107,569.37,805.234,1041.79
new,Mix6,0.6,7.11060,2.36347,4.46299,7.2862,10.8706,15.2526,20.4605,26.5118,33.413,41.16,49.7395,59.1309,69.3086,104.295,176.75,270.032,391.791,539.24,685.028
new,Mix6,0.662,7.11458,2.30879,4.27698,6.8787,10.1352,14.0677,18.691,24.0114,30.0267,36.727,44.0952,52.1094,60.7446,90.1311,150.044,226.016,323.845,441.007,556.285
new,Mix6,0.8,7.11217,2.20343,3.92877,6.1308,8.80666,11.9552,15.5721,19.6481,24.1696,29.1189,34.4749,40.215,46.3159,66.5708,106.21,154.388,214.088,283.17,349.373
new,Mix6,1,7.11318,2.10752,3.59855,5.42008,7.5564,9.99581,12.7264,15.7348,19.0064,22.5251,26.2741,30.2363,34.3951,47.9029,73.3485,102.797,137.646,177.239,216.226
new,Mix6,1.173,6.60909,2.03506,3.38528,4.99826,6.85537,8.94254,11.2466,13.754,16.4509,19.3234,22.3572,25.5386,28.8549,39.5044,59.2701,81.933,108.552,138.468,167.681
new,Mix6,1.33,6.20011,1.98414,3.23035,4.68793,6.33701,8.16259,10.1512,12.2899,14.566,16.967,19.4811,22.0971,24.8048,33.3953,49.0523,66.7057,87.1,109.606,131.275
new,Mix6,1.5,6.11086,1.93981,3.08962,4.40221,5.85785,7.44185,9.1415,10.9451,12.8416,14.8207,16.8727,18.9889,21.1613,27.9548,40.0352,53.2688,68.1107,84.0784,99.2479
new,Mix6,2,6.06887,1.84241,2.80107,3.84539,4.96246,6.14323,7.3804,8.66767,9.99947,11.3708,12.7772,14.2146,15.6794,20.2112,28.1342,36.5433,45.5485,54.9593,64.1223
new,Mix6,2.51,6.06286,1.77079,2.60703,3.49024,4.41269,5.36911,6.35544,7.36829,8.40477,9.46235,10.5388,11.6323,12.741,16.1456,22.0387,28.2028,34.6656,41.3311,47.9281
new,Mix6,3,6.05876,1.71456,2.4594,3.22552,4.00913,4.80773,5.61941,6.44262,7.27608,8.11867,8.96941,9.82747,10.6921,13.3195,17.7866,22.3453,26.9841,31.6615,36.2952
new,Mix6,4,6.05401,1.62617,2.2471,2.86524,3.4816,4.09682,4.71136,5.32558,5.93973,6.55405,7.16867,7.78371,8.39924,10.2488,13.3367,16.4156,19.4799,22.554,25.6745
new,Mix6,5,6.05256,1.56417,2.10326,2.62755,3.14118,3.64679,4.14622,4.6409,5.13192,5.62019,6.10643,6.59123,7.07504,8.52377,10.9355,13.3307,15.684,18.0071,20.3664
new,Mix6,6,6.05085,1.51769,1.99413,2.44875,2.88906,3.31958,3.7434,4.16279,4.57942,4.99457,5.40918,5.8239,6.23914,7.4886,9.55879,11.5413,13.434,15.3893,17.5926
new,Mix6,7,6.04906,1.47072,1.89976,2.30633,2.69786,3.0788,3.45219,3.82025,4.18461,4.54652,4.9069,5.26643,5.62551,6.70125,8.47187,10.165,11.8,13.5172,15.467
new,Mix6,8,6.04739,1.43,1.81863,2.1847,2.53545,2.87525,3.20705,3.53298,3.85465,4.17327,4.48972,4.80467,5.11855,6.0553,7.58862,9.05396,10.4833,12.0029,13.7358
new,Mix6,9,6.04761,1.40217,1.76136,2.0972,2.4172,2.72586,3.0262,3.32043,3.61019,3.89673,4.18102,4.46375,4.74546,5.58691,6.97157,8.29612,9.54768,10.8103,12.2131
new,Mix6,10,6.04457,1.37733,1.7107,2.02028,2.31375,2.59567,2.86912,3.13632,3.39892,3.6582,3.91514,4.17049,4.42482,5.18487,6.44175,7.65288,8.78244,9.87086,11.0307
new,Mix6,11,6.04486,1.35503,1.66721,1.95638,2.23004,2.49263,2.74715,2.99573,3.24,3.48117,3.72019,3.95779,4.19451,4.90249,6.07511,7.20429,8.24667,9.22828,10.2532
new,Mix6,12,6.04409,1.33468,1.6277,1.89847,2.15431,2.39955,2.63708,2.86899,3.09682,3.32176,3.54471,3.76639,3.9873,4.64854,5.74567,6.8027,7.77129,8.66497,9.57813
new,Mix6,13,6.04336,1.31597,1.59148,1.84552,2.0852,2.31473,2.5369,2.75372,2.96669,3.17695,3.38538,3.59264,3.79926,4.41816,5.44696,6.43947,7.34427,8.16432,8.984
new,Mix6,14,6.04349,1.29863,1.55805,1.79676,2.02167,2.23685,2.44502,2.6481,2.84753,3.04442,3.23961,3.43375,3.62733,4.20761,5.17405,6.1081,6.95675,7.71415,8.45484
new,Mix6,15,6.04401,1.28248,1.52702,1.75159,1.96292,2.16493,2.36025,2.55072,2.73774,2.92237,3.10542,3.28752,3.46914,4.01395,4.92302,5.80354,6.60193,7.30517,7.97837
new,Mix7,0.015,6.86350,1.2567,1.39735,1.49462,1.56914,1.63022,1.68276,1.72958,1.77238,1.81227,1.84995,1.8859,1.92041,2.017,2.15619,2.26364,2.3406,2.40479,2.4786
new,Mix7,0.02,6.89457,1.59257,1.97699,2.27398,2.52096,2.73636,2.93069,3.11043,3.27986,3.44186,3.59844,3.75101,3.90055,4.33641,5.02483,5.63571,6.13803,6.57333,7.04625
new,Mix7,0.03,6.93429,2.77398,4.35359,5.84496,7.28708,8.70296,10.1083,11.5147,12.9312,14.3652,15.8226,17.3083,18.8266,23.6064,32.3849,41.9844,51.8744,61.8094,72.4857
new,Mix7,0.04,6.96099,4.0233,7.7775,12.1603,17.1473,22.7283,28.8977,35.6516,42.9872,50.9019,59.3938,68.4619,78.1063,110.533,176.977,261.999,370.093,501.366,647.942
new,Mix7,0.05,6.97908,4.90759,10.8328,18.7768,28.8896,41.3337,56.2647,73.8244,94.1376,117.313,143.444,172.614,204.901,321.338,589.87,987.397,1580.08,2402.04,3371.07
new,Mix7,0.06,6.99318,5.14577,12.3202,22.8813,37.3905,56.4374,80.6048,110.45,146.49,189.2,239.009,296.312,361.479,608.045,1225.22,2236.56,3912.26,6432.2,9493.38
new,Mix7,0.08,7.00871,4.91328,12.5609,24.8691,43.0823,68.5743,102.793,147.214,203.308,272.506,356.188,455.679,572.275,1038.13,2315.15,4619.81,8747.34,15207.8,22987.6
new,Mix7,0.1,7.01799,4.66037,11.9012,23.7397,41.565,66.9772,101.747,147.777,207.068,281.682,373.717,485.286,618.518,1170.14,2756.74,5670.44,10986.7,20019,32770.1
new,Mix7,0.15,7.03263,3.75499,9.29953,18.4739,32.4191,52.4544,80.0429,116.76,164.259,224.243,298.433,388.553,496.322,942.921,2221.71,4538.21,8675.59,15498,24738.9
new,Mix7,0.2,7.03779,3.365,7.94627,15.3056,26.21,41.524,62.1814,89.1603,123.461,166.083,218.014,280.211,353.608,650.127,1462.37,2868.52,5304.5,9297.12,14808.1
new,Mix7,0.3,7.04770,2.84405,6.21371,11.37,18.6807,28.5355,41.3252,57.4268,77.1923,100.94,128.951,161.467,198.694,340.401,689.525,1229.34,2061.17,3233.35,4559.29
new,Mix7,0.356,7.05072,2.7118,5.71843,10.1822,16.3489,24.4722,34.7976,47.5519,62.9371,81.1257,102.259,126.449,153.783,255.304,495.22,850.521,1377.18,2092.85,2875.44
new,Mix7,0.4,7.05253,2.62168,5.39083,9.41328,14.866,21.928,30.7661,41.5285,54.3396,69.2981,86.4769,105.925,127.674,206.871,387.693,645.856,1016.05,1503.34,2019.17
new,Mix7,0.5,7.05499,2.463,4.83424,8.1442,12.4798,17.9258,24.555,32.4247,41.5748,52.028,63.7908,76.8563,91.2079,141.76,250.895,398.107,598.625,849.111,1100.04
new,Mix7,0.511,7.05505,2.45109,4.78931,8.03943,12.2818,17.5945,24.0445,31.6835,40.5467,50.6532,62.0066,74.598,88.4095,136.939,241.277,381.383,571.443,808.236,1045.39
new,Mix7,0.6,7.05634,2.36324,4.4638,7.28961,10.8785,15.2671,20.4839,26.5464,33.4614,41.2246,49.8226,59.2347,69.4352,104.501,177.122,270.633,392.726,540.576,686.657
new,Mix7,0.662,7.05974,2.3084,4.27737,6.88123,10.1415,14.0794,18.7099,24.0394,30.0656,36.7784,44.1606,52.1903,60.8422,90.2845,150.309,226.437,324.505,441.949,557.398
new,Mix7,0.8,7.05734,2.20273,3.92836,6.1317,8.80996,11.962,15.5834,19.665,24.1929,29.1491,34.5127,40.2607,46.3696,66.6486,106.329,154.572,214.389,283.603,349.845
new,Mix7,1,7.05831,2.10775,3.59921,5.42142,7.55872,9.99945,12.7317,15.7423,19.0164,22.5382,26.2907,30.2569,34.4201,47.9434,73.4174,102.888,137.763,177.434,216.602
new,Mix7,1.173,6.59408,2.03493,3.38519,4.99836,6.8558,8.94344,11.248,13.7561,16.4538,19.3269,22.3615,25.5437,28.8608,39.5125,59.2821,81.9524,108.585,138.516,167.732
new,Mix7,1.33,6.23435,1.98411,3.23007,4.68725,6.33578,8.16072,10.1486,12.2865,14.5618,16.962,19.4754,22.0907,24.7977,33.3867,49.0414,66.6892,87.0717,109.566,131.237
new,Mix7,1.5,6.15559,1.93934,3.08865,4.40078,5.85601,7.4397,9.13913,10.9426,12.8392,14.8185,16.8709,18.9876,21.1607,27.9572,40.0454,53.2888,68.1421,84.1253,99.3158
new,Mix7,2,6.11867,1.84198,2.80045,3.84467,4.96169,6.1424,7.37943,8.66647,9.99791,11.3687,12.7744,14.2108,15.6746,20.2017,28.1139,36.5124,45.5095,54.909,64.0477
new,Mix7,2.51,6.11291,1.7704,2.60645,3.48958,4.41202,5.36848,6.35485,7.36773,8.40421,9.46175,10.5381,11.6314,12.7399,16.1437,22.0356,28.2016,34.6702,41.3395,47.9306
new,Mix7,3,6.10985,1.71418,2.45884,3.22489,4.00851,4.80719,5.61898,6.44233,7.27594,8.11868,8.96958,9.82779,10.6926,13.3204,17.7886,22.35,26.9937,31.6755,36.3098
new,Mix7,4,6.10544,1.62634,2.24718,2.86515,3.48131,4.09636,4.71079,5.32496,5.93916,6.55362,7.1685,7.78392,8.39993,10.2516,13.3443,16.4274,19.4929,22.5669,25.6897
new,Mix7,5,6.10421,1.56434,2.10322,2.62721,3.14055,3.64592,4.14523,4.6399,5.13108,5.61967,6.1064,6.59186,7.07652,8.5288,10.9489,13.3525,15.7118,18.0401,20.4091
new,Mix7,6,6.10264,1.51636,1.99238,2.447,2.88753,3.31841,3.74266,4.16251,4.57962,4.99525,5.41035,5.82557,6.24135,7.49305,9.57189,11.5698,13.4696,15.4066,17.5651
new,Mix7,7,6.10104,1.4701,1.89876,2.30511,2.69652,3.07743,3.45087,3.81904,4.18359,4.54575,4.90647,5.26639,5.62595,6.70376,8.48042,10.1813,11.8193,13.5303,15.4674
new,Mix7,8,6.09936,1.43,1.81836,2.18411,2.53457,2.87411,3.20572,3.53155,3.85321,4.17191,4.48855,4.80379,5.11804,6.05635,7.59274,9.05989,10.4901,12.0127,13.7537
new,Mix7,9,6.09981,1.40176,1.76058,2.09613,2.41593,2.72446,3.02476,3.31903,3.60892,3.89568,4.18025,4.46336,4.74551,5.58873,6.97735,8.30615,9.56164,10.8287,12.2384
new,Mix7,10,6.09680,1.37655,1.70944,2.01873,2.31204,2.59392,2.86743,3.13476,3.39757,3.65714,3.91443,4.17019,4.42499,5.1868,6.4476,7.66361,8.79861,9.89293,11.0595
new,Mix7,11,6.09695,1.35429,1.66599,1.95483,2.22829,2.49079,2.7453,2.99397,3.23839,3.47979,3.71911,3.95707,4.19421,4.90378,6.07998,7.21342,8.26037,9.24716,10.2787
new,Mix7,12,6.09640,1.33397,1.6265,1.89691,2.15252,2.39762,2.63511,2.86705,3.09499,3.32011,3.54332,3.7653,3.98659,4.64929,5.7497,6.81049,7.78287,8.68097,9.60038
new,Mix7,13,6.09585,1.31529,1.59031,1.84397,2.08339,2.31274,2.53483,2.75165,2.96469,3.17509,3.38372,3.59126,3.7982,4.41843,5.45025,6.44606,7.35394,8.17763,9.00305
new,Mix7,14,6.09620,1.29798,1.5569,1.79522,2.01984,2.23483,2.44288,2.64591,2.84538,3.04237,3.23773,3.4321,3.62598,4.20747,5.17667,6.11364,6.96475,7.72504,8.47086
new,Mix7,15,6.09620,1.28186,1.52591,1.75009,1.96111,2.16291,2.35808,2.54848,2.73551,2.92021,3.10339,3.28569,3.46756,4.01344,4.92503,5.80808,6.60836,7.31375,7.99138
new,Mix8,0.015,6.85461,1.25806,1.39955,1.49745,1.57247,1.63398,1.68691,1.73408,1.77721,1.8174,1.85538,1.89161,1.9264,2.02377,2.16414,2.27252,2.35016,2.41493,2.48943
new,Mix8,0.02,6.88257,1.59642,1.98435,2.28453,2.53444,2.75258,2.94949,3.13172,3.30355,3.4679,3.6268,3.78166,3.93349,4.37625,5.07651,5.69936,6.21284,6.65813,7.14106
new,Mix8,0.03,6.91690,2.79048,4.39269,5.91037,7.38172,8.8294,10.2689,11.7118,13.1671,14.6421,16.1428,17.6744,19.241,24.1811,33.2815,43.2703,53.6114,64.0694,75.3838
new,Mix8,0.04,6.93962,4.04492,7.84909,12.31,17.4051,23.1259,29.4687,36.4316,44.0131,52.2124,61.029,70.4633,80.517,114.447,184.463,274.849,390.82,532.848,692.469
new,Mix8,0.05,6.95489,4.92336,10.9032,18.9524,29.2347,41.927,57.1998,75.2094,96.0952,119.98,146.97,177.163,210.65,331.871,613.318,1032.98,1662.99,2542.96,3587.96
new,Mix8,0.06,6.96689,5.15261,12.3682,23.025,37.7089,57.0373,81.6238,112.058,148.892,192.636,243.755,302.676,369.807,624.68,1266.31,2323.32,4083.38,6746.51,10006.3
new,Mix8,0.08,6.98345,4.91222,12.5784,24.9432,43.275,68.9773,103.533,148.458,205.265,275.433,360.39,461.51,580.137,1055.02,2360.43,4721.4,8959,15613.9,23663.2
new,Mix8,0.1,6.99523,4.65943,11.9111,23.7845,41.6852,67.2354,102.232,148.61,208.408,283.729,376.716,489.531,624.355,1183.38,2794.77,5758.68,11172.6,20386.5,33427.8
new,Mix8,0.15,7.00942,3.75073,9.29571,18.4818,32.4586,52.5563,80.2512,117.134,164.874,225.194,299.833,390.535,499.039,948.96,2238.37,4575.81,8753.07,15644.4,24979.5
new,Mix8,0.2,7.01324,3.365,7.94963,15.319,26.2443,41.5961,62.3148,89.3868,123.821,166.63,218.808,281.328,355.133,653.514,1471.75,2889.36,5347.27,9383.4,14972.5
new,Mix8,0.3,7.02196,2.84241,6.21211,11.3718,18.6911,28.562,41.3772,57.5163,77.3335,101.149,129.246,161.868,199.222,341.445,691.934,1233.95,2069.34,3246.87,4579.06
new,Mix8,0.356,7.02451,2.71063,5.71746,10.1839,16.357,24.4917,34.8347,47.6143,63.0336,81.266,102.454,126.71,154.122,255.953,496.647,853.138,1381.65,2100.05,2885.75
new,Mix8,0.4,7.02602,2.62083,5.3903,9.415,14.8728,21.9433,30.7944,41.5749,54.4099,69.3986,86.6145,106.107,127.907,207.301,388.588,647.418,1018.6,1507.29,2024.68
new,Mix8,0.5,7.02805,2.46251,4.83416,8.14582,12.4848,17.9361,24.5729,32.4527,41.6155,52.0841,63.8651,76.9516,91.3267,141.965,251.294,398.798,599.75,850.737,1101.98
new,Mix8,0.511,7.02807,2.45065,4.7893,8.04106,12.2866,17.6044,24.0616,31.7101,40.5854,50.7064,62.0768,74.6878,88.5214,137.131,241.65,382.025,572.485,809.743,1047.2
new,Mix8,0.6,7.02916,2.36312,4.46421,7.29133,10.8825,15.2744,20.4956,26.5639,33.4858,41.2571,49.8645,59.287,69.499,104.605,177.309,270.935,393.196,541.247,687.476
new,Mix8,0.662,7.03226,2.3082,4.27756,6.8825,10.1446,14.0853,18.7194,24.0535,30.0852,36.8042,44.1936,52.231,60.8914,90.3617,150.442,226.649,324.837,442.422,557.956
new,Mix8,0.8,7.02987,2.20238,3.92815,6.13215,8.81162,11.9655,15.5892,19.6735,24.2045,29.1643,34.5317,40.2836,46.3965,66.6876,106.389,154.664,214.54,283.819,350.08
new,Mix8,1,7.03081,2.10787,3.59955,5.4221,7.55989,10.0013,12.7344,15.7461,19.0215,22.5448,26.2991,30.2673,34.4327,47.9639,73.4522,102.934,137.822,177.531,216.792
new,Mix8,1.173,6.58656,2.03487,3.38515,4.99842,6.85602,8.94388,11.2487,13.7571,16.4552,19.3287,22.3637,25.5463,28.8637,39.5165,59.2881,81.9622,108.602,138.54,167.757
new,Mix8,1.33,6.25151,1.9841,3.22994,4.68691,6.33517,8.15978,10.1473,12.2848,14.5597,16.9596,19.4726,22.0875,24.7941,33.3824,49.036,66.681,87.0576,109.547,131.218
new,Mix8,1.5,6.17800,1.9391,3.08817,4.40006,5.8551,7.43862,9.13795,10.9414,12.838,14.8174,16.87,18.9869,21.1604,27.9584,40.0505,53.2987,68.1578,84.1486,99.3497
new,Mix8,2,6.14362,1.84177,2.80015,3.84432,4.96131,6.14198,7.37895,8.66587,9.99713,11.3677,12.773,14.209,15.6722,20.1969,28.1039,36.4971,45.4902,54.8842,64.0108
new,Mix8,2.51,6.13798,1.7702,2.60616,3.48926,4.4117,5.36817,6.35456,7.36745,8.40393,9.46145,10.5378,11.631,12.7394,16.1428,22.0341,28.2012,34.6728,41.344,47.932
new,Mix8,3,6.13544,1.71399,2.45856,3.22457,4.00821,4.80692,5.61876,6.44218,7.27586,8.11868,8.96966,9.82795,10.6928,13.3208,17.7896,22.3525,26.9988,31.6827,36.3172
new,Mix8,4,6.13119,1.62642,2.24722,2.8651,3.48117,4.09613,4.7105,5.32465,5.93888,6.55341,7.16842,7.78402,8.40028,10.253,13.3482,16.4334,19.4998,22.5738,25.6977
new,Mix8,5,6.13007,1.56442,2.1032,2.62704,3.14024,3.64549,4.14473,4.6394,5.13065,5.6194,6.10637,6.59216,7.07723,8.53126,10.9554,13.3631,15.7252,18.0558,20.4297
new,Mix8,6,6.12856,1.5157,1.99151,2.44612,2.88677,3.31781,3.74228,4.16235,4.57969,4.99555,5.41086,5.82632,6.24234,7.495,9.57767,11.5827,13.4865,15.4152,17.552
new,Mix8,7,6.12706,1.4698,1.89827,2.3045,2.69585,3.07675,3.45022,3.81844,4.18308,4.54537,4.90624,5.26636,5.62616,6.70498,8.48464,10.1895,11.8291,13.5371,15.4679
new,Mix8,8,6.12537,1.43,1.81823,2.18382,2.53412,2.87354,3.20505,3.53083,3.85249,4.17123,4.48797,4.80334,5.11778,6.05686,7.59476,9.0628,10.4934,12.0175,13.7625
new,Mix8,9,6.12593,1.40156,1.7602,2.0956,2.41529,2.72376,3.02404,3.31834,3.60829,3.89515,4.17987,4.46316,4.74554,5.58964,6.98022,8.31114,9.5686,10.8379,12.251
new,Mix8,10,6.12294,1.37616,1.70881,2.01795,2.31119,2.59305,2.86658,3.13398,3.3969,3.65661,3.91407,4.17004,4.42507,5.18775,6.4505,7.66894,8.80666,9.90392,11.0739
new,Mix8,11,6.12301,1.35392,1.66538,1.95405,2.22741,2.48987,2.74438,2.99309,3.23759,3.4791,3.71857,3.95671,4.19405,4.90442,6.08239,7.21796,8.26719,9.25656,10.2914
new,Mix8,12,6.12256,1.33362,1.6259,1.89614,2.15163,2.39667,2.63413,2.86609,3.09408,3.31929,3.54262,3.76476,3.98624,4.64965,5.7517,6.81435,7.78862,8.68892,9.61146
new,Mix8,13,6.12211,1.31495,1.58972,1.8432,2.08249,2.31176,2.5338,2.75062,2.96369,3.17416,3.38289,3.59056,3.79767,4.41856,5.45187,6.44932,7.35873,8.18424,9.01253
new,Mix8,14,6.12255,1.29766,1.55633,1.79445,2.01893,2.23382,2.44181,2.64483,2.84431,3.04135,3.2368,3.43128,3.6253,4.20739,5.17797,6.11637,6.96869,7.73042,8.47882
new,Mix8,15,6.12230,1.28156,1.52536,1.74934,1.96022,2.1619,2.357,2.54737,2.7344,2.91913,3.10238,3.28477,3.46677,4.01319,4.92601,5.81031,6.61151,7.31797,7.99783
new,Mix9,0.015,6.84566,1.25943,1.40177,1.5003,1.57583,1.63778,1.6911,1.73862,1.78208,1.82259,1.86086,1.89738,1.93245,2.03062,2.17217,2.2815,2.35983,2.42519,2.50039
new,Mix9,0.02,6.87049,1.60031,1.9918,2.2952,2.54809,2.76901,2.96855,3.15331,3.32759,3.49433,3.65558,3.81278,3.96693,4.41673,5.12905,5.76413,6.28906,6.74459,7.2378
new,Mix9,0.03,6.89943,2.8071,4.43224,5.97667,7.47782,8.95797,10.4324,11.9127,13.4077,14.9249,16.4702,18.0489,19.6651,24.7704,34.2028,44.5945,55.4045,66.4095,78.3944
new,Mix9,0.04,6.91816,4.06669,7.92144,12.4617,17.6669,23.5306,30.0512,37.2285,45.063,53.5555,62.7072,72.5199,82.9971,118.486,192.226,288.239,412.532,566,739.567
new,Mix9,0.05,6.93063,4.93922,10.9742,19.13,29.5844,42.5296,58.1511,76.6209,98.0934,122.706,150.58,181.827,216.55,342.722,637.595,1080.39,1749.61,2690.9,3816.66
new,Mix9,0.06,6.94054,5.15949,12.4166,23.1701,38.0308,57.6448,82.6573,113.692,151.337,196.138,248.597,309.179,378.326,641.759,1308.7,2413.17,4261.23,7074.46,10543.8
new,Mix9,0.08,6.95413,4.91083,12.5963,25.0229,43.4883,69.4333,104.386,149.915,207.594,278.964,365.523,468.716,589.96,1076.7,2420.38,4857.85,9246.91,16180.6,24641.2
new,Mix9,0.1,6.96389,4.64905,11.9045,23.8159,41.8165,67.5644,102.902,149.818,210.412,286.86,381.381,496.222,633.65,1204.94,2858.57,5911.54,11505,21055.7,34624.9
new,Mix9,0.15,6.97934,3.74467,9.28876,18.4881,32.5046,52.6845,80.5241,117.638,165.724,226.533,301.84,393.424,503.06,958.268,2265.41,4638.65,8885.08,15901.3,25424.3
new,Mix9,0.2,6.98309,3.36199,7.9473,15.326,26.276,41.6759,62.4762,89.675,124.294,167.36,219.882,282.849,357.22,658.164,1484.53,2917.48,5403.26,9488.61,15153.4
new,Mix9,0.3,6.99428,2.84077,6.21062,11.3741,18.7028,28.5911,41.4343,57.6145,77.4886,101.38,129.572,162.312,199.808,342.616,694.66,1239.15,2078.53,3262.28,4602.32
new,Mix9,0.356,6.99739,2.70949,5.71661,10.1859,16.3656,24.5122,34.8736,47.6795,63.1343,81.4126,102.658,126.984,154.478,256.636,498.162,855.929,1386.44,2107.83,2897.16
new,Mix9,0.4,6.99920,2.62001,5.38982,9.41683,14.8797,21.9589,30.8232,41.6221,54.4814,69.5008,86.7543,106.292,128.144,207.738,389.502,649.016,1021.22,1511.37,2030.42
new,Mix9,0.5,7.00108,2.46202,4.83409,8.14744,12.4898,17.9464,24.5908,32.4807,41.6564,52.1406,63.9398,77.0473,91.4461,142.17,251.695,399.491,600.879,852.366,1103.92
new,Mix9,0.511,7.00107,2.4502,4.78928,8.04269,12.2915,17.6144,24.0788,31.7369,40.6242,50.7598,62.1474,74.7781,88.6337,137.324,242.024,382.668,573.53,811.253,1049.01
new,Mix9,0.6,7.00194,2.36301,4.46461,7.29305,10.8864,15.2817,20.5074,26.5814,33.5103,41.2898,49.9065,59.3395,69.5631,104.709,177.496,271.238,393.667,541.92,688.296
new,Mix9,0.662,7.00475,2.308,4.27775,6.88378,10.1478,14.0912,18.729,24.0676,30.1048,36.8302,44.2267,52.272,60.9407,90.4392,150.575,226.862,325.17,442.896,558.514
new,Mix9,0.8,7.00237,2.20203,3.92794,6.1326,8.81329,11.9689,15.5949,19.682,24.2163,29.1796,34.5507,40.3066,46.4236,66.7268,106.448,154.757,214.691,284.036,350.316
new,Mix9,1,7.00328,2.10799,3.59989,5.42278,7.56107,10.0031,12.7371,15.7498,19.0266,22.5514,26.3075,30.2777,34.4454,47.9845,73.4872,102.981,137.881,177.63,216.981
new,Mix9,1.173,6.57903,2.0348,3.3851,4.99847,6.85624,8.94433,11.2495,13.7582,16.4566,19.3305,22.3659,25.5489,28.8667,39.5206,59.2941,81.9719,108.618,138.564,167.783
new,Mix9,1.33,6.26869,1.98408,3.2298,4.68657,6.33456,8.15885,10.146,12.2831,14.5576,16.9571,19.4697,22.0843,24.7906,33.3781,49.0306,66.6728,87.0436,109.527,131.199
new,Mix9,1.5,6.20044,1.93887,3.08769,4.39935,5.85418,7.43755,9.13677,10.9402,12.8368,14.8163,16.869,18.9863,21.1601,27.9597,40.0556,53.3087,68.1735,84.172,99.3835
new,Mix9,2,6.16860,1.84156,2.79984,3.84397,4.96093,6.14156,7.37847,8.66527,9.99635,11.3666,12.7716,14.2071,15.6697,20.1922,28.0938,36.4819,45.4712,54.8596,63.9742
new,Mix9,2.51,6.16309,1.77,2.60587,3.48893,4.41137,5.36785,6.35426,7.36717,8.40365,9.46115,10.5374,11.6306,12.7389,16.1418,22.0326,28.2009,34.6756,41.3487,47.9336
new,Mix9,3,6.16106,1.7138,2.45828,3.22426,4.0079,4.80664,5.61855,6.44203,7.27579,8.11869,8.96975,9.82811,10.693,13.3213,17.7906,22.3551,27.0039,31.69,36.3247
new,Mix9,4,6.15698,1.6265,2.24726,2.86505,3.48102,4.09591,4.71021,5.32434,5.93859,6.5532,7.16834,7.78413,8.40063,10.2544,13.3521,16.4396,19.5069,22.5809,25.7058
new,Mix9,5,6.15596,1.5645,2.10318,2.62687,3.13992,3.64506,4.14423,4.6389,5.13023,5.61912,6.10633,6.59245,7.07794,8.53369,10.9619,13.3735,15.7382,18.0712,20.4499
new,Mix9,6,6.15451,1.51504,1.99064,2.44525,2.88599,3.31721,3.74188,4.16217,4.57973,4.99581,5.41134,5.827,6.24325,7.49679,9.58295,11.5948,13.5025,15.4235,17.5392
new,Mix9,7,6.15310,1.46949,1.89778,2.3039,2.69519,3.07607,3.44956,3.81784,4.18257,4.54499,4.90602,5.26633,5.62637,6.7062,8.48881,10.1976,11.8389,13.5442,15.4687
new,Mix9,8,6.15140,1.43,1.8181,2.18354,2.53368,2.87297,3.20439,3.53012,3.85177,4.17056,4.48738,4.80289,5.11751,6.05735,7.59676,9.06569,10.4967,12.0222,13.7713
new,Mix9,9,6.15206,1.40135,1.75981,2.09507,2.41466,2.72306,3.02333,3.31765,3.60766,3.89462,4.17949,4.46297,4.74556,5.59054,6.98309,8.31612,9.57554,10.8471,12.2636
new,Mix9,10,6.14908,1.37577,1.70819,2.01718,2.31034,2.59218,2.86574,3.1332,3.39623,3.65608,3.91371,4.16989,4.42515,5.18869,6.45339,7.67426,8.81467,9.91487,11.0882
new,Mix9,11,6.14909,1.35355,1.66477,1.95328,2.22654,2.48895,2.74346,2.99221,3.23679,3.47842,3.71803,3.95634,4.19389,4.90505,6.0848,7.22249,8.27398,9.26593,10.304
new,Mix9,12,6.14873,1.33327,1.6253,1.89537,2.15074,2.39571,2.63315,2.86513,3.09318,3.31847,3.54192,3.76422,3.98588,4.65001,5.75369,6.8182,7.79434,8.69685,9.62251
new,Mix9,13,6.14837,1.31462,1.58914,1.84243,2.08159,2.31077,2.53278,2.74959,2.96269,3.17323,3.38206,3.58987,3.79715,4.41869,5.45349,6.45256,7.3635,8.19082,9.02199
new,Mix9,14,6.14891,1.29733,1.55576,1.79369,2.01803,2.23282,2.44075,2.64375,2.84324,3.04034,3.23586,3.43046,3.62463,4.20731,5.17925,6.11908,6.9726,7.73577,8.48675
new,Mix9,15,6.14840,1.28126,1.52481,1.74859,1.95932,2.1609,2.35592,2.54626,2.73329,2.91805,3.10137,3.28386,3.46598,4.01293,4.92698,5.81252,6.61462,7.32215,8.00425
new,Mix10,0.015,6.82757,1.26221,1.40626,1.50607,1.58265,1.64549,1.69959,1.74783,1.79197,1.83311,1.872,1.9091,1.94475,2.04454,2.18851,2.29976,2.37951,2.44608,2.5227
new,Mix10,0.02,6.84607,1.60819,2.00691,2.31692,2.5759,2.80251,3.00745,3.19739,3.37669,3.54834,3.71443,3.87644,4.03538,4.49964,5.23682,5.89716,6.44582,6.92268,7.43721
new,Mix10,0.03,6.86418,2.84075,4.51267,6.11198,7.67448,9.22166,10.7685,12.3262,13.9037,15.5085,17.1467,18.8235,20.5433,25.9936,36.1218,47.361,59.1643,71.3382,84.7655
new,Mix10,0.04,6.87502,4.11069,8.0685,12.7714,18.2032,24.3621,31.2511,38.8744,47.2365,56.3419,66.1956,76.803,88.1712,126.953,208.609,316.691,459.016,637.519,841.805
new,Mix10,0.05,6.88191,4.97126,11.1182,19.4912,30.2982,43.7628,60.1036,79.5251,102.215,128.342,158.059,191.508,228.822,365.405,688.719,1180.88,1934.47,3008.74,4311.13
new,Mix10,0.06,6.88766,5.17339,12.5145,23.4642,38.6851,58.883,84.7692,117.039,156.356,203.343,258.58,322.612,395.959,677.291,1397.53,2602.51,4637.96,7773.15,11696.1
new,Mix10,0.08,6.89533,4.90802,12.6324,25.1839,43.92,70.3584,106.12,152.885,212.349,286.189,376.047,483.519,610.177,1121.56,2545.21,5143.26,9850.97,17374.6,26715
new,Mix10,0.1,6.90104,4.62812,11.8906,23.8778,42.0787,68.2251,104.251,152.256,214.469,293.211,390.862,509.841,652.604,1249.08,2989.86,6227.26,12193.7,22446.1,37119.9
new,Mix10,0.15,6.90971,3.72997,9.27027,18.4981,32.6051,52.977,81.1603,118.83,167.755,229.768,306.73,400.514,512.997,981.682,2334.85,4801.97,9230.63,16580.9,26621.4
new,Mix10,0.2,6.90966,3.34882,7.92906,15.3248,26.3321,41.8524,62.8635,90.3949,125.504,169.253,222.693,286.851,362.727,670.469,1518.21,2990.99,5546.5,9743.03,15551.5
new,Mix10,0.3,6.91665,2.83758,6.20907,11.3841,18.7405,28.68,41.6063,57.9103,77.9582,102.082,130.577,163.695,201.654,346.415,703.787,1256.55,2109.05,3315.34,4689.93
new,Mix10,0.356,6.91819,2.70857,5.71861,10.1978,16.3982,24.5805,34.9974,47.8839,63.4493,81.8736,103.305,127.862,155.636,258.96,503.624,866.314,1404.85,2140.33,2951.25
new,Mix10,0.4,6.91901,2.62068,5.3943,9.4302,14.9094,22.0149,30.9185,41.7726,54.7061,69.8218,87.1964,106.882,128.912,209.236,392.93,655.451,1032.64,1531.72,2064.56
new,Mix10,0.5,6.92010,2.46155,4.8345,8.1514,12.5015,17.9717,24.6376,32.5585,41.7766,52.3165,64.1861,77.3798,91.8814,143.013,253.461,402.319,605.542,862.125,1124.23
new,Mix10,0.511,6.91999,2.45011,4.79035,8.04738,12.3036,17.6394,24.1239,31.8109,40.7378,50.9253,62.3785,75.0898,89.0416,138.114,243.698,385.386,577.997,820.332,1067.46
new,Mix10,0.6,6.92063,2.36566,4.47037,7.30275,10.9015,15.3041,20.5402,26.6283,33.5761,41.3803,50.0285,59.5005,69.7713,105.112,178.388,272.741,395.934,545.536,694.333
new,Mix10,0.662,6.92372,2.30955,4.28154,6.89074,10.1591,14.1085,18.7543,24.1032,30.1534,36.8949,44.3109,52.3793,61.0751,90.6781,151.053,227.617,326.258,444.559,561.178
new,Mix10,0.8,6.92051,2.2017,3.92842,6.13502,8.81878,11.9786,15.6097,19.7028,24.2437,29.214,34.5924,40.3553,46.479,66.7986,106.531,154.841,214.78,284.092,350.21
new,Mix10,1,6.92165,2.10647,3.59824,5.42232,7.56306,10.0088,12.7475,15.7658,19.0488,22.5803,26.3434,30.3207,34.4953,48.0532,73.5849,103.132,138.141,178.005,217.355
new,Mix10,1.173,6.56394,2.03467,3.38501,4.99857,6.85668,8.94523,11.2509,13.7603,16.4594,19.3341,22.3703,25.5541,28.8726,39.5287,59.3061,81.9916,108.652,138.612,167.834
new,Mix10,1.33,6.30311,1.98406,3.22953,4.6859,6.33334,8.15698,10.1434,12.2798,14.5535,16.9521,19.464,22.0779,24.7835,33.3695,49.0199,66.6564,87.0156,109.488,131.162
new,Mix10,1.5,6.24541,1.9384,3.08673,4.39793,5.85236,7.43541,9.13442,10.9377,12.8344,14.8141,16.8672,18.985,21.1595,27.9621,40.0657,53.3285,68.2047,84.2184,99.4509
new,Mix10,2,6.21866,1.84114,2.79922,3.84326,4.96017,6.14073,7.3775,8.66408,9.99479,11.3645,12.7688,14.2034,15.6649,20.1828,28.0739,36.4519,45.4336,54.8111,63.9015
new,Mix10,2.51,6.21339,1.76961,2.60529,3.48828,4.41071,5.36723,6.35367,7.36661,8.40309,9.46055,10.5368,11.6298,12.7379,16.14,22.0298,28.2006,34.6817,41.3587,47.9371
new,Mix10,3,6.21239,1.71342,2.45772,3.22363,4.00729,4.8061,5.61812,6.44174,7.27565,8.1187,8.96991,9.82843,10.6935,13.3222,17.7928,22.3605,27.0146,31.7051,36.3399
new,Mix10,4,6.20863,1.62667,2.24733,2.86495,3.48074,4.09545,4.70964,5.32373,5.93803,6.55278,7.16818,7.78434,8.40134,10.2573,13.36,16.4523,19.5216,22.5957,25.7227
new,Mix10,5,6.20781,1.56466,2.10315,2.62654,3.13929,3.6442,4.14323,4.6379,5.12936,5.61856,6.10623,6.59299,7.07929,8.53845,10.9745,13.3936,15.7632,18.1005,20.4888
new,Mix10,6,6.20648,1.51373,1.98891,2.44349,2.88444,3.31599,3.74106,4.16177,4.57975,4.99624,5.41216,5.82821,6.24485,7.49988,9.59212,11.6164,13.5324,15.4395,17.5144
new,Mix10,7,6.20525,1.46888,1.8968,2.30269,2.69386,3.07471,3.44825,3.81665,4.18156,4.54421,4.90556,5.26626,5.62676,6.70858,8.49703,10.2137,11.8588,13.5588,15.4711
new,Mix10,8,6.20351,1.43,1.81784,2.18296,2.53281,2.87184,3.20307,3.5287,3.85033,4.1692,4.4862,4.80198,5.11696,6.05832,7.60071,9.07136,10.5032,12.0316,13.7886
new,Mix10,9,6.20438,1.40095,1.75904,2.09402,2.4134,2.72168,3.02191,3.31627,3.60641,3.89358,4.17873,4.46257,4.74561,5.59234,6.98881,8.32605,9.58938,10.8655,12.2887
new,Mix10,10,6.20141,1.375,1.70695,2.01565,2.30865,2.59045,2.86405,3.13165,3.39489,3.65501,3.91299,4.16957,4.42529,5.19055,6.45912,7.68482,8.83063,9.93668,11.1168
new,Mix10,11,6.20126,1.35282,1.66356,1.95175,2.22481,2.48713,2.74164,2.99046,3.23519,3.47704,3.71694,3.95561,4.19357,4.90629,6.08957,7.23148,8.2875,9.28459,10.3293
new,Mix10,12,6.20110,1.33258,1.62412,1.89383,2.14897,2.39381,2.6312,2.86321,3.09136,3.31684,3.54053,3.76313,3.98516,4.65072,5.75763,6.82584,7.80572,8.71262,9.64454
new,Mix10,13,6.20091,1.31395,1.58798,1.8409,2.0798,2.30882,2.53073,2.74754,2.96071,3.17138,3.38042,3.58849,3.79609,4.41893,5.45669,6.45899,7.37294,8.20388,9.04081
new,Mix10,14,6.20165,1.2967,1.55462,1.79217,2.01623,2.23082,2.43863,2.64159,2.84112,3.03831,3.234,3.42883,3.62328,4.20713,5.18178,6.12443,6.98032,7.74635,8.50252
new,Mix10,15,6.20060,1.28065,1.52371,1.74711,1.95754,2.1589,2.35379,2.54405,2.73108,2.91591,3.09936,3.28203,3.4644,4.0124,4.92889,5.81685,6.62072,7.33036,8.01696
old,Mix1,0.015,6.62076,1.29454,1.45882,1.5739,1.66295,1.73652,1.8002,1.85721,1.90955,1.95847,2.00483,2.04916,2.09183,2.21173,2.38581,2.52117,2.61867,2.70049,2.79519
old,Mix1,0.02,6.63450,1.67763,2.14232,2.51349,2.82951,3.10991,3.36614,3.60548,3.83284,4.0516,4.26421,4.47242,4.67748,5.28124,6.25976,7.16955,7.95892,8.65627,9.38947
old,Mix1,0.03,6.64099,3.05799,5.04468,7.02168,9.01344,11.0358,13.1008,15.2181,17.3961,19.6422,21.963,24.3644,26.8518,34.872,50.2305,67.9492,87.5891,109.344,134.841
old,Mix1,0.04,6.64474,4.35027,8.88881,14.5289,21.2905,29.2093,38.3243,48.6742,60.2955,73.2231,87.4904,103.131,120.181,180.21,314.037,504.018,773.2,1133.87,1566.04
old,Mix1,0.05,6.64820,5.12815,11.8346,21.3123,33.9393,50.1233,70.276,94.8007,124.085,158.499,198.392,244.1,295.95,491.79,980.836,1767.86,3038.59,4951.88,7399.47
old,Mix1,0.06,6.65184,5.23667,12.9631,24.826,41.7444,64.726,94.8245,133.112,180.654,238.496,307.654,389.113,483.842,857.664,1859.75,3606.86,6670.89,11617,18174.6
old,Mix1,0.08,6.65745,4.8964,12.7803,25.8501,45.7222,74.2512,113.476,165.574,232.808,317.489,421.944,548.494,699.465,1323.1,3119.01,6474.73,12697.1,23077.2,36831.5
old,Mix1,0.1,6.66184,4.54665,11.8301,24.0989,43.0626,70.7463,109.457,161.747,230.377,318.273,428.492,564.189,728.606,1428.33,3531.46,7543.83,15089.5,28340.1,47790.3
old,Mix1,0.15,6.66842,3.67785,9.20216,18.5252,32.944,53.9866,83.3809,123.023,174.944,241.271,324.194,425.942,548.763,1066.72,2589.72,5404.96,10510.5,19107.6,31099.4
old,Mix1,0.2,6.66901,3.30467,7.86594,15.3145,26.5068,42.421,64.1275,92.7623,129.501,175.536,232.051,300.211,381.153,711.834,1631.75,3238.43,6025.97,10586.6,16853.6
old,Mix1,0.3,6.67449,2.82741,6.20388,11.4154,18.86,28.963,42.1548,58.8555,79.4619,104.337,133.804,168.145,207.602,358.696,733.38,1312.96,2207.5,3485.91,4972.31
old,Mix1,0.356,6.67569,2.70569,5.72483,10.2351,16.5003,24.7949,35.387,48.5276,64.4429,83.3294,105.351,130.642,159.307,266.344,521.052,899.501,1463.63,2244.01,3124.69
old,Mix1,0.4,6.67636,2.62276,5.4082,9.47172,15.0016,22.1893,31.2153,42.2419,55.4074,70.8242,88.578,108.73,131.319,213.941,403.729,675.763,1068.67,1595.93,2172.95
old,Mix1,0.5,6.67730,2.46016,4.83576,8.16352,12.5373,18.0496,24.7813,32.7982,42.1481,52.8612,64.9505,78.4142,93.2387,145.659,259.09,411.4,620.126,891.703,1186.47
old,Mix1,0.511,6.67720,2.44988,4.79365,8.06175,12.3409,17.7163,24.2625,32.039,41.0887,51.4374,63.0953,76.0584,90.312,140.596,249.025,394.107,592.052,848.115,1124.35
old,Mix1,0.6,6.67781,2.374,4.48828,7.33265,10.9474,15.3725,20.6397,26.7707,33.7763,41.6563,50.4013,59.9939,70.4114,106.363,181.192,277.52,403.176,557.036,713.486
old,Mix1,0.662,6.68028,2.31474,4.29382,6.91272,10.1944,14.1618,18.8314,24.2113,30.3011,37.0918,44.5679,52.7081,61.488,91.4193,152.554,230.004,329.692,449.802,569.665
old,Mix1,0.8,6.67781,2.20078,3.92996,6.14244,8.83548,12.0078,15.6544,19.7654,24.3259,29.3171,34.7166,40.5004,46.6438,67.0099,106.767,155.07,215.004,284.182,349.777
old,Mix1,1,6.67852,2.1016,3.59283,5.42047,7.56872,10.0256,12.7787,15.814,19.1161,22.668,26.4521,30.4504,34.6454,48.2582,73.8732,103.589,138.939,179.145,218.423
old,Mix1,1.173,6.33924,2.03268,3.38365,5.00014,6.86329,8.95879,11.2731,13.7923,16.5023,19.3884,22.4364,25.632,28.9622,39.6513,59.4877,82.2894,109.165,139.347,168.599
old,Mix1,1.33,6.09267,1.98423,3.23121,4.69009,6.34089,8.16854,10.1595,12.3006,14.5792,16.9828,19.4993,22.1176,24.8272,33.4227,49.0867,66.7584,87.1903,109.732,131.394
old,Mix1,1.5,6.03760,1.94059,3.09122,4.40458,5.86089,7.44542,9.14541,10.9491,12.8455,14.8243,16.8757,18.991,21.1623,27.9507,40.0183,53.2358,68.0587,84.0011,99.1357
old,Mix1,2,6.01050,1.84291,2.80181,3.84623,4.96336,6.14422,7.38154,8.66908,10.0013,11.3733,12.7805,14.219,15.6852,20.2225,28.1584,36.5802,45.5952,55.0195,64.2111
old,Mix1,2.51,6.00690,1.77124,2.60769,3.49098,4.41343,5.36982,6.3561,7.36892,8.4054,9.46303,10.5396,11.6332,12.7422,16.1478,22.0425,28.2048,34.6613,41.3225,47.9259
old,Mix1,3,6.00348,1.71497,2.46002,3.22621,4.0098,4.80832,5.61988,6.44294,7.27624,8.11865,8.96923,9.82713,10.6916,13.3186,17.7847,22.3405,26.9743,31.6469,36.2799
old,Mix1,4,5.99959,1.626,2.24702,2.86535,3.48191,4.09731,4.71197,5.32623,5.94034,6.55449,7.16884,7.78348,8.3985,10.2459,13.3288,16.4037,19.4669,22.5413,25.6592
old,Mix1,5,5.99861,1.56401,2.10331,2.6279,3.14184,3.64768,4.14724,4.64191,5.13277,5.62071,6.10644,6.59054,7.07347,8.51849,10.9215,13.3075,15.6541,17.9714,20.3206
old,Mix1,6,5.99717,1.51902,1.99588,2.45052,2.89061,3.32076,3.74414,4.16303,4.57915,4.99377,5.40783,5.82196,6.23655,7.48326,9.54334,11.5094,13.3956,15.371,17.6192
old,Mix1,7,5.99542,1.47137,1.90079,2.3076,2.69925,3.08021,3.45356,3.82148,4.18565,4.54731,4.90737,5.26649,5.62509,6.69877,8.46344,10.149,11.7814,13.5048,15.4668
old,Mix1,8,5.99376,1.43012,1.81904,2.18543,2.53648,2.87651,3.20848,3.5345,3.85618,4.17471,4.49099,4.80569,5.11924,6.05457,7.58501,9.04836,10.4767,11.9938,13.7201
old,Mix1,9,5.99418,1.40264,1.76221,2.09835,2.41856,2.72734,3.02773,3.32193,3.61157,3.89793,4.18194,4.46434,4.74563,5.58547,6.96646,8.28701,9.53479,10.7932,12.19
old,Mix1,10,5.99098,1.37809,1.71194,2.02183,2.31548,2.59747,2.8709,3.138,3.40043,3.65947,3.91611,4.1711,4.42502,5.18351,6.43687,7.64366,8.76842,9.8516,11.0053
old,Mix1,11,5.99147,1.35576,1.66844,1.95794,2.23181,2.49452,2.74906,2.99759,3.24173,3.48271,3.72148,3.95876,4.1951,4.90164,6.07097,7.1962,8.2344,9.21144,10.2306
old,Mix1,12,5.99068,1.33538,1.6289,1.90002,2.15611,2.4015,2.63911,2.871,3.09875,3.32354,3.54629,3.76769,3.98828,4.6482,5.74228,6.79574,7.76074,8.65056,9.55867
old,Mix1,13,5.99004,1.31663,1.59265,1.84706,2.08702,2.31673,2.539,2.75585,2.96878,3.17893,3.38718,3.59422,3.80054,4.41825,5.44422,6.43345,7.33513,8.15194,8.96723
old,Mix1,14,5.99020,1.29927,1.5592,1.79829,2.0235,2.23889,2.44718,2.65031,2.84974,3.04655,3.2416,3.43554,3.62886,4.20805,5.17183,6.10286,6.94876,7.70343,8.44024
old,Mix1,15,5.99088,1.2831,1.52814,1.75311,1.96475,2.16698,2.36245,2.553,2.74004,2.92462,3.10756,3.28949,3.47087,4.01468,4.92127,5.79899,6.595,7.29598,7.96575
old,Mix2,0.015,6.51588,1.31132,1.48631,1.60959,1.7054,1.78483,1.85377,1.91563,1.97252,2.02578,2.07631,2.12469,2.17131,2.30257,2.49378,2.643,2.75075,2.84144,2.94673
old,Mix2,0.02,6.52961,1.71288,2.21252,2.61676,2.96406,3.27424,3.55905,3.82606,4.0804,4.32569,4.56451,4.79877,5.02984,5.71234,6.82761,7.88096,8.81288,9.6439,10.5082
old,Mix2,0.03,6.53436,3.16435,5.31306,7.48963,9.71245,11.9942,14.3451,16.7739,19.2882,21.8954,24.6019,27.4139,30.337,39.8198,58.1664,79.6426,103.976,131.647,164.612
old,Mix2,0.04,6.53687,4.46536,9.29434,15.4152,22.8726,31.7276,42.0434,53.8811,67.2986,82.3502,99.0878,117.562,137.826,209.971,373.899,612.008,957.778,1431.13,2005.02
old,Mix2,0.05,6.53975,5.20284,12.1821,22.2091,35.7567,53.3372,75.4743,102.688,135.486,174.358,219.775,272.193,332.059,561.008,1144.54,2103.02,3680.93,6104.9,9265.04
old,Mix2,0.06,6.54297,5.26664,13.1774,25.4836,43.2381,67.6093,99.8369,141.201,192.994,256.504,332.998,423.724,529.916,954.095,2113.25,4168.02,7824.94,13839.2,21999.1
old,Mix2,0.08,6.54818,4.89093,12.8492,26.1644,46.5809,76.1233,117.045,171.782,242.9,333.052,444.936,581.28,744.836,1427.49,3423.83,7193.56,14249.4,26228.9,42545.6
old,Mix2,0.1,6.55226,4.50835,11.7981,24.192,43.5042,71.9021,111.874,166.198,237.9,330.214,446.537,590.402,765.461,1516.44,3802.01,8208.36,16561.8,31358.4,53298.1
old,Mix2,0.15,6.55825,3.65343,9.16886,18.5333,33.0934,54.4445,84.4015,124.968,178.301,246.673,332.437,437.995,565.786,1107.6,2713.63,5699.81,11137.9,20350.2,33314.9
old,Mix2,0.2,6.55914,3.28398,7.83534,15.3062,26.5814,42.6748,64.7005,93.8452,131.341,178.441,236.393,306.428,389.748,731.22,1685.1,3354.34,6248.88,10974,17441.1
old,Mix2,0.3,6.56419,2.82265,6.20134,11.4298,18.9154,29.0946,42.4108,59.2978,80.167,105.396,135.323,170.243,210.409,364.513,747.445,1339.75,2254.04,3566.16,5105.5
old,Mix2,0.356,6.56530,2.70434,5.72771,10.2524,16.548,24.8953,35.5697,48.8299,64.9103,84.0152,106.317,131.955,161.043,269.848,529.357,915.341,1491.65,2293.4,3207.73
old,Mix2,0.4,6.56593,2.62374,5.41469,9.49115,15.0448,22.271,31.3547,42.4625,55.7375,71.2966,89.2298,109.602,132.457,216.171,408.87,685.452,1085.84,1626.55,2224.94
old,Mix2,0.5,6.56683,2.45951,4.83635,8.16917,12.5541,18.086,24.8488,32.9107,42.3229,53.1179,65.3113,78.9034,93.8819,146.922,261.814,415.838,627.09,905.271,1215.13
old,Mix2,0.511,6.56674,2.44977,4.7952,8.06846,12.3583,17.7524,24.3276,32.1462,41.2538,51.6789,63.4338,76.5166,90.9142,141.78,251.603,398.37,598.803,861.014,1150.79
old,Mix2,0.6,6.56735,2.3779,4.49663,7.34657,10.9688,15.4042,20.6859,26.837,33.8695,41.7851,50.5754,60.2248,70.7114,106.952,182.528,279.824,406.689,562.583,722.659
old,Mix2,0.662,6.56966,2.31716,4.29955,6.92298,10.2108,14.1866,18.8674,24.2618,30.3701,37.1839,44.6881,52.862,61.6815,91.7676,153.264,231.139,331.329,452.292,573.678
old,Mix2,0.8,6.56740,2.20034,3.93068,6.14589,8.84325,12.0214,15.6752,19.7945,24.3642,29.365,34.7743,40.5676,46.72,67.1073,106.875,155.172,215.1,284.21,349.554
old,Mix2,1,6.56796,2.09932,3.59028,5.41954,7.57123,10.0332,12.7929,15.8361,19.1469,22.7081,26.5017,30.5095,34.7137,48.3509,74.0033,103.798,139.309,179.671,218.896
old,Mix2,1.173,6.22301,2.03163,3.38292,5.00095,6.86677,8.96593,11.2847,13.8092,16.5248,19.4171,22.4712,25.673,29.0093,39.7156,59.5833,82.4477,109.438,139.737,169
old,Mix2,1.33,5.97104,1.98419,3.23192,4.6922,6.34494,8.175,10.1687,12.3129,14.5948,17.0017,19.5216,22.1432,24.8561,33.4603,49.1391,66.8375,87.3167,109.906,131.574
old,Mix2,1.5,5.91403,1.94053,3.09158,4.40579,5.86333,7.44943,9.15131,10.9572,12.856,14.8373,16.8914,19.0095,21.1837,27.981,40.0641,53.3006,68.1513,84.13,99.2996
old,Mix2,2,5.88737,1.84196,2.80074,3.84549,4.96322,6.14477,7.38275,8.67079,10.0033,11.3751,12.7818,14.2192,15.6839,20.213,28.1259,36.522,45.5176,54.9229,64.0757
old,Mix2,2.51,5.88374,1.77082,2.60734,3.49089,4.41368,5.37037,6.35684,7.36968,8.40594,9.46309,10.5389,11.6314,12.7389,16.1383,22.0185,28.1683,34.6192,41.274,47.8549
old,Mix2,3,5.88073,1.715,2.46026,3.22666,4.01039,4.80892,5.6203,6.44298,7.27564,8.11718,8.96661,9.82309,10.6859,13.3062,17.7574,22.2978,26.9188,31.5778,36.1891
old,Mix2,4,5.87702,1.62645,2.24769,2.86608,3.48259,4.09784,4.71228,5.32625,5.94002,6.55378,7.1677,7.78188,8.3964,10.2421,13.3214,16.3905,19.4428,22.4998,25.5959
old,Mix2,5,5.87641,1.5648,2.1044,2.62906,3.14294,3.64864,4.14803,4.64251,5.13321,5.621,6.10661,6.59063,7.07352,8.51856,10.9211,13.3033,15.641,17.9469,20.2878
old,Mix2,6,5.87524,1.51969,1.99725,2.45243,2.89285,3.32311,3.74636,4.16488,4.58037,4.99411,5.40706,5.81987,6.23293,7.47417,9.52483,11.4841,13.3614,15.3163,17.5282
old,Mix2,7,5.87390,1.47295,1.9032,2.31045,2.70228,3.08325,3.45646,3.82415,4.18801,4.54929,4.90893,5.26758,5.62566,6.69756,8.45811,10.1378,11.7639,13.4826,15.4424
old,Mix2,8,5.87241,1.43248,1.82244,2.1893,2.54052,2.88056,3.21247,3.53842,3.86004,4.17857,4.49491,4.80972,5.12342,6.05923,7.5883,9.04566,10.4693,11.9916,13.7366
old,Mix2,9,5.87305,1.4044,1.76499,2.10178,2.42243,2.7315,3.03209,3.32641,3.61615,3.90257,4.18663,4.46906,4.75038,5.5902,6.97042,8.28838,9.53271,10.7896,12.1889
old,Mix2,10,5.87047,1.37932,1.71412,2.02478,2.31904,2.60153,2.87534,3.14271,3.40533,3.66447,3.92114,4.17609,4.42989,5.18768,6.43911,7.64379,8.76672,9.84751,10.9969
old,Mix2,11,5.87102,1.35701,1.67066,1.96093,2.23543,2.49863,2.75356,3.00237,3.2467,3.48778,3.72656,3.96378,4.19998,4.90567,6.0723,7.19392,8.22899,9.2047,10.2241
old,Mix2,12,5.87023,1.33666,1.63115,1.90307,2.15979,2.40569,2.64368,2.87586,3.1038,3.32869,3.55145,3.77278,3.99321,4.65216,5.74291,6.79133,7.75152,8.63981,9.55084
old,Mix2,13,5.87010,1.31793,1.59494,1.85015,2.09074,2.32096,2.54363,2.76078,2.9739,3.18415,3.39242,3.59938,3.80554,4.4222,5.44437,6.42733,7.32244,8.13682,8.95636
old,Mix2,14,5.87007,1.30059,1.56152,1.80142,2.02728,2.2432,2.4519,2.65534,2.85497,3.05189,3.24696,3.44083,3.63399,4.21208,5.17169,6.09538,6.93301,7.68392,8.4254
old,Mix2,15,5.87056,1.28444,1.5305,1.75629,1.9686,2.17137,2.36726,2.55813,2.74539,2.93009,3.11306,3.29493,3.47616,4.01885,4.92099,5.79053,6.57672,7.27241,7.94662
old,Mix3,0.015,6.72236,1.27853,1.43273,1.54017,1.62295,1.69112,1.74997,1.80254,1.85073,1.89571,1.93827,1.97894,2.01804,2.1277,2.28641,2.40944,2.49783,2.57181,2.65721
old,Mix3,0.02,6.73698,1.64372,2.07572,2.41635,2.70376,2.95709,3.18744,3.40181,3.60485,3.79975,3.98879,4.17357,4.35525,4.88821,5.74398,6.52608,7.19094,7.7733,8.39288
old,Mix3,0.03,6.74696,2.95395,4.78715,6.57823,8.35723,10.1429,11.9486,13.785,15.6608,17.5835,19.5594,21.5942,23.6929,30.4094,43.1074,57.5101,73.0917,89.8191,108.949
old,Mix3,0.04,6.75290,4.23672,8.49596,13.6811,19.7923,26.845,34.8588,43.8536,53.8488,64.8629,76.9141,90.0211,104.204,153.471,260.697,408.531,611.65,876.425,1188.03
old,Mix3,0.05,6.75737,5.05419,11.4946,20.4431,32.1927,47.0585,65.354,87.381,113.424,143.75,178.606,218.227,262.838,429.012,834.394,1471.31,2476.43,3954.56,5802.8
old,Mix3,0.06,6.76162,5.20693,12.7517,24.1816,40.2909,61.939,90.0107,125.39,168.941,221.497,283.853,356.768,440.982,769.06,1630.52,3105.21,5649.16,9671.58,14869.9
old,Mix3,0.08,6.76778,4.90184,12.7113,25.5381,44.8751,72.4152,109.996,159.552,223.069,302.548,399.974,517.31,656.504,1225.46,2838.47,5819.95,11292.2,20248.1,31772.4
old,Mix3,0.1,6.77252,4.5847,11.8596,23.9995,42.6104,69.5788,107.035,157.315,222.926,306.503,410.777,538.547,692.676,1343.16,3272.53,6911.82,13695.2,25493.7,42620.6
old,Mix3,0.15,6.77972,3.70212,9.23437,18.5142,32.7895,53.5218,82.3538,121.078,171.6,235.909,316.038,414.047,532.008,1026.74,2469.38,5119.6,9904.12,17908.9,28970
old,Mix3,0.2,6.78001,3.32523,7.8957,15.3205,26.428,42.1607,63.5457,91.6692,127.651,172.624,227.708,294.003,372.584,692.562,1578.79,3123.12,5803.09,10196.1,16254.5
old,Mix3,0.3,6.78591,2.83213,6.20633,11.401,18.8047,28.8318,41.9001,58.4163,78.7626,103.288,132.301,166.071,204.829,352.963,719.549,1286.6,2161.58,3406.47,4840.67
old,Mix3,0.356,6.78721,2.70703,5.72195,10.2178,16.4529,24.6953,35.2059,48.2281,63.9804,82.6514,104.398,129.346,157.595,262.896,512.902,883.972,1436.14,2195.53,3043.44
old,Mix3,0.4,6.78792,2.6218,5.40174,9.45243,14.9587,22.1082,31.0773,42.0235,55.081,70.3575,87.9344,107.869,130.197,211.745,398.682,666.263,1051.82,1565.9,2122.15
old,Mix3,0.5,6.78888,2.46081,4.83518,8.1579,12.5207,18.0134,24.7145,32.6867,41.9752,52.6076,64.5944,77.932,92.6055,144.422,256.443,407.116,613.311,878.078,1157.73
old,Mix3,0.511,6.78878,2.44999,4.79212,8.05508,12.3236,17.6806,24.1981,31.9329,40.9254,51.199,62.7614,75.6068,89.7193,139.435,246.521,389.992,585.468,835.26,1097.99
old,Mix3,0.6,6.78938,2.37013,4.47998,7.31879,10.9261,15.3408,20.5936,26.7047,33.6834,41.5283,50.2283,59.7648,70.114,105.781,179.881,275.277,399.769,551.639,704.519
old,Mix3,0.662,6.79202,2.31234,4.28813,6.90254,10.1781,14.1371,18.7956,24.1612,30.2326,37.0005,44.4487,52.5555,61.2963,91.0749,151.855,228.89,328.088,447.356,565.713
old,Mix3,0.8,6.78933,2.20121,3.92925,6.139,8.82774,11.9942,15.6337,19.7364,24.2878,29.2694,34.6591,40.4333,46.5676,66.9124,106.659,154.966,214.903,284.145,349.985
old,Mix3,1,6.79020,2.10385,3.59535,5.42135,7.56614,10.0179,12.7643,15.7918,19.0851,22.6277,26.4021,30.3907,34.5764,48.1642,73.7411,103.378,138.569,178.619,217.937
old,Mix3,1.173,6.45669,2.03373,3.38437,4.99932,6.85982,8.95166,11.2614,13.7755,16.4797,19.3599,22.4016,25.5911,28.9152,39.5869,59.3923,82.1324,108.894,138.959,168.197
old,Mix3,1.33,6.21393,1.98413,3.23024,4.68766,6.33651,8.16183,10.1502,12.2885,14.5643,16.965,19.4788,22.0945,24.8019,33.3918,49.0479,66.699,87.0885,109.59,131.259
old,Mix3,1.5,6.15995,1.93929,3.08856,4.40064,5.85583,7.43949,9.1389,10.9424,12.8389,14.8182,16.8707,18.9875,21.1607,27.9575,40.0464,53.2907,68.1452,84.1298,99.3224
old,Mix3,2,6.13411,1.84185,2.80026,3.84445,4.96145,6.14214,7.37913,8.6661,9.99742,11.3681,12.7735,14.2097,15.6731,20.1987,28.1077,36.5029,45.4976,54.8936,64.0249
old,Mix3,2.51,6.12995,1.77026,2.60625,3.48936,4.4118,5.36827,6.35465,7.36754,8.40402,9.46155,10.5379,11.6311,12.7396,16.1431,22.0345,28.2013,34.672,41.3426,47.9316
old,Mix3,3,6.12776,1.71404,2.45864,3.22467,4.0083,4.807,5.61883,6.44223,7.27589,8.11868,8.96964,9.8279,10.6927,13.3207,17.7893,22.3518,26.9972,31.6805,36.3149
old,Mix3,4,6.12415,1.6264,2.24721,2.86511,3.48121,4.0962,4.71058,5.32473,5.93896,6.55347,7.16844,7.78399,8.40019,10.2526,13.3471,16.4318,19.4979,22.5719,25.6955
old,Mix3,5,6.12335,1.5644,2.10321,2.62709,3.14032,3.6456,4.14486,4.63953,5.13076,5.61947,6.10638,6.59208,7.07705,8.53063,10.9537,13.3604,15.7218,18.0518,20.4244
old,Mix3,6,6.12208,1.51586,1.99173,2.44634,2.88696,3.31796,3.74237,4.16239,4.57967,4.99548,5.41074,5.82613,6.2421,7.49453,9.57627,11.5795,13.4823,15.413,17.5552
old,Mix3,7,6.12067,1.46987,1.89839,2.30465,2.69602,3.07692,3.45038,3.81859,4.18321,4.54547,4.9063,5.26637,5.62611,6.70468,8.48361,10.1875,11.8267,13.5355,15.4678
old,Mix3,8,6.11910,1.43,1.81826,2.18389,2.53423,2.87367,3.20521,3.53101,3.85266,4.1714,4.48811,4.80345,5.11784,6.05673,7.59428,9.0621,10.4926,12.0163,13.7604
old,Mix3,9,6.11975,1.40161,1.76029,2.09573,2.41544,2.72392,3.02421,3.3185,3.60844,3.89527,4.17996,4.46321,4.74553,5.58943,6.97955,8.30996,9.56696,10.8358,12.248
old,Mix3,10,6.11677,1.37625,1.70896,2.01814,2.31139,2.59326,2.86678,3.13417,3.39706,3.65673,3.91416,4.17008,4.42506,5.18752,6.44982,7.66769,8.80476,9.90133,11.0705
old,Mix3,11,6.11705,1.354,1.66552,1.95423,2.22761,2.49008,2.74459,2.99329,3.23778,3.47926,3.71869,3.95679,4.19409,4.90427,6.08184,7.21693,8.26563,9.25441,10.2885
old,Mix3,12,6.11658,1.3337,1.62603,1.89631,2.15183,2.39688,2.63436,2.86631,3.09429,3.31948,3.54278,3.76489,3.98632,4.64957,5.75124,6.81347,7.7873,8.68711,9.60893
old,Mix3,13,6.11618,1.31503,1.58985,1.84337,2.08269,2.31198,2.53403,2.75085,2.96391,3.17437,3.38308,3.59072,3.79779,4.41853,5.45151,6.44859,7.35765,8.18275,9.01039
old,Mix3,14,6.11664,1.29773,1.55646,1.79462,2.01914,2.23405,2.44205,2.64507,2.84455,3.04158,3.23701,3.43147,3.62545,4.2074,5.17768,6.11576,6.96781,7.72922,8.47704
old,Mix3,15,6.11666,1.28163,1.52547,1.7495,1.96041,2.16212,2.35723,2.54761,2.73464,2.91936,3.1026,3.28497,3.46694,4.01324,4.9258,5.80983,6.61083,7.31706,7.99644
old,Mix4,0.015,6.66672,1.28727,1.44695,1.55854,1.64472,1.71582,1.77727,1.83225,1.88268,1.92979,1.9744,2.01704,2.05807,2.17325,2.34023,2.46989,2.56316,2.64135,2.73174
old,Mix4,0.02,6.67933,1.66273,2.11295,2.47055,2.77382,3.04213,3.2868,3.51498,3.73145,3.93953,4.14158,4.3393,4.53388,5.10592,6.02941,6.88177,7.61484,8.25998,8.94168
old,Mix4,0.03,6.68561,3.01398,4.93513,6.83235,8.73251,10.6527,12.6055,14.6011,16.648,18.7537,20.9246,23.1666,25.4849,32.9377,47.1373,63.4075,81.2638,100.795,123.475
old,Mix4,0.04,6.68941,4.30315,8.7249,14.1738,20.6611,28.2135,36.8615,46.6353,57.564,69.6753,82.996,97.5532,113.376,168.79,291.183,462.979,703.506,1022.38,1401.92
old,Mix4,0.05,6.69281,5.09778,11.6945,20.9531,33.2157,48.8506,68.2278,91.7071,119.632,152.328,190.101,233.242,282.037,465.32,918.814,1641.81,2798.76,4524.76,6713.29
old,Mix4,0.06,6.69638,5.22454,12.8768,24.5623,41.1484,63.5809,92.8428,129.927,175.815,231.462,297.79,375.688,466.028,820.701,1763.65,3395.82,6239.74,10793.2,16769.5
old,Mix4,0.08,6.70182,4.8986,12.7525,25.7239,45.3791,73.5063,112.062,163.123,228.838,311.389,412.962,535.727,681.854,1282.93,3003.03,6203.2,12113.4,21898.8,34715.4
old,Mix4,0.1,6.70611,4.56194,11.8422,24.0598,42.8824,70.2793,108.485,159.966,227.379,313.531,421.345,553.833,714.08,1393.81,3426.18,7286.34,14520.6,27177.2,45674.9
old,Mix4,0.15,6.71261,3.68754,9.21512,18.5211,32.8831,53.8023,82.9725,122.248,173.611,239.13,320.935,421.185,542.057,1050.69,2541.36,5290.15,10266.4,18624.8,30240.7
old,Mix4,0.2,6.71301,3.31286,7.87787,15.3171,26.476,42.3183,63.8971,92.3288,128.767,174.379,230.324,297.741,377.742,704.156,1610.64,3192.49,5937.31,10431.6,16616.6
old,Mix4,0.3,6.71840,2.82928,6.20486,11.4097,18.8382,28.911,42.0539,58.6815,79.1847,103.921,133.208,167.322,206.502,356.42,727.884,1302.49,2189.27,3454.4,4920.08
old,Mix4,0.356,6.71959,2.70622,5.72369,10.2282,16.4815,24.7555,35.3153,48.409,64.2597,83.0608,104.974,130.128,158.628,264.976,517.815,893.332,1452.72,2224.76,3092.4
old,Mix4,0.4,6.72025,2.62238,5.40565,9.46409,14.9846,22.1572,31.1607,42.1555,55.2782,70.6394,88.3231,108.389,130.875,213.07,401.727,671.993,1061.98,1584.01,2152.76
old,Mix4,0.5,6.72114,2.46042,4.83553,8.1613,12.5307,18.0353,24.7549,32.7541,42.0797,52.7609,64.8096,78.2233,92.988,145.169,258.038,409.693,617.424,886.341,1175.15
old,Mix4,0.511,6.72105,2.44992,4.79305,8.05911,12.334,17.7022,24.2371,31.9971,41.0241,51.3431,62.9632,75.8796,90.0773,140.135,248.029,392.467,589.438,843.044,1113.95
old,Mix4,0.6,6.72162,2.37248,4.48501,7.32718,10.939,15.36,20.6215,26.7447,33.7396,41.6058,50.333,59.9034,70.2939,106.133,180.673,276.629,401.822,554.893,709.93
old,Mix4,0.662,6.72404,2.31379,4.29158,6.90871,10.188,14.1521,18.8173,24.1916,30.2741,37.0559,44.5209,52.648,61.4125,91.2835,152.278,229.564,329.058,448.836,568.105
old,Mix4,0.8,6.72160,2.20095,3.92968,6.14108,8.83242,12.0024,15.6462,19.7539,24.3109,29.2983,34.694,40.4739,46.6138,66.9715,106.725,155.03,214.965,284.168,349.861
old,Mix4,1,6.72235,2.10249,3.59383,5.42082,7.56771,10.0226,12.773,15.8053,19.1039,22.6522,26.4325,30.4269,34.6183,48.2213,73.8214,103.506,138.793,178.938,218.233
old,Mix4,1.173,6.40487,2.03327,3.38406,4.99968,6.86135,8.95479,11.2665,13.7829,16.4896,19.3724,22.4169,25.6091,28.9359,39.6152,59.4343,82.2013,109.013,139.129,168.374
old,Mix4,1.33,6.17394,1.98416,3.23056,4.68846,6.33795,8.16403,10.1532,12.2925,14.5692,16.9708,19.4855,22.1021,24.8102,33.4019,49.0606,66.7184,87.1218,109.636,131.303
old,Mix4,1.5,6.12248,1.93969,3.08937,4.40184,5.85737,7.44129,9.14088,10.9444,12.8409,14.8201,16.8722,18.9886,21.1612,27.9554,40.0379,53.274,68.1189,84.0906,99.2656
old,Mix4,2,6.09756,1.84216,2.80072,3.84498,4.96202,6.14275,7.37984,8.66698,9.99857,11.3696,12.7756,14.2124,15.6766,20.2057,28.1225,36.5254,45.5259,54.9302,64.0792
old,Mix4,2.51,6.09387,1.77055,2.60667,3.48983,4.41228,5.36872,6.35508,7.36794,8.40442,9.46198,10.5384,11.6317,12.7403,16.1444,22.0367,28.202,34.6684,41.3362,47.9296
old,Mix4,3,6.09131,1.71431,2.45904,3.22512,4.00874,4.80738,5.61913,6.44244,7.27599,8.11867,8.96952,9.82768,10.6924,13.3201,17.7879,22.3483,26.9902,31.6703,36.3044
old,Mix4,4,6.08783,1.62628,2.24715,2.86518,3.48141,4.09652,4.71098,5.32517,5.93936,6.55377,7.16856,7.78384,8.39969,10.2507,13.3417,16.4233,19.4884,22.5624,25.6844
old,Mix4,5,6.08704,1.56428,2.10323,2.62732,3.14076,3.64621,4.14556,4.64023,5.13136,5.61984,6.10641,6.59165,7.07603,8.52714,10.9445,13.3453,15.7028,18.0293,20.3951
old,Mix4,6,6.08581,1.51679,1.99295,2.44757,2.88803,3.31879,3.74291,4.16261,4.57957,4.99505,5.40999,5.82506,6.24067,7.49168,9.56787,11.5609,13.4584,15.401,17.5739
old,Mix4,7,6.08435,1.4703,1.89908,2.3055,2.69695,3.07787,3.4513,3.81943,4.18392,4.546,4.90661,5.2664,5.62581,6.70296,8.4777,10.1761,11.8131,13.526,15.4672
old,Mix4,8,6.08286,1.43,1.81845,2.1843,2.53485,2.87447,3.20614,3.532,3.85367,4.17234,4.48893,4.80407,5.1182,6.05602,7.59144,9.05802,10.4879,12.0096,13.748
old,Mix4,9,6.08341,1.40189,1.76083,2.09647,2.41633,2.72489,3.02521,3.31947,3.60932,3.89601,4.18049,4.46348,4.74549,5.58816,6.97554,8.30301,9.55726,10.8229,12.2305
old,Mix4,10,6.08048,1.37679,1.70983,2.01921,2.31258,2.59447,2.86796,3.13525,3.39799,3.65747,3.91465,4.17029,4.42494,5.1862,6.44578,7.66027,8.79357,9.88605,11.0505
old,Mix4,11,6.08089,1.35451,1.66636,1.95531,2.22882,2.49135,2.74587,2.99451,3.23889,3.48022,3.71944,3.95729,4.1943,4.90339,6.07848,7.21061,8.25615,9.24135,10.2708
old,Mix4,12,6.08032,1.33419,1.62687,1.89739,2.15307,2.39821,2.63572,2.86765,3.09555,3.32062,3.54375,3.76564,3.98681,4.64906,5.74846,6.8081,7.77932,8.67606,9.59355
old,Mix4,13,6.07984,1.31549,1.59066,1.84444,2.08394,2.31335,2.53546,2.75228,2.9653,3.17565,3.38422,3.59168,3.79853,4.41835,5.44925,6.44405,7.351,8.17358,8.99725
old,Mix4,14,6.08018,1.29817,1.55725,1.79568,2.0204,2.23544,2.44352,2.64658,2.84603,3.04299,3.2383,3.4326,3.62639,4.20751,5.17588,6.11197,6.96233,7.72175,8.466
old,Mix4,15,6.08056,1.28205,1.52624,1.75054,1.96165,2.16351,2.35873,2.54915,2.73618,2.92086,3.104,3.28624,3.46803,4.0136,4.92443,5.80673,6.60645,7.3112,7.9875
old,Mix5,0.015,6.48804,1.31582,1.4937,1.61921,1.71687,1.79791,1.86829,1.93149,1.98963,2.04409,2.09577,2.14528,2.193,2.32741,2.52341,2.6765,2.78714,2.88033,2.9886
old,Mix5,0.02,6.50070,1.7227,2.23224,2.64594,3.00223,3.321,3.61407,3.8891,4.15127,4.40424,4.65067,4.89248,5.13111,5.83642,6.99129,8.08638,9.06016,9.93078,10.8338
old,Mix5,0.03,6.50388,3.19508,5.39154,7.62752,9.91962,12.2796,14.717,17.2402,19.8568,22.5738,25.3977,28.3348,31.3906,41.3185,60.5736,83.1972,108.98,138.491,173.753
old,Mix5,0.04,6.50545,4.49924,9.4151,15.6812,23.3505,32.4921,43.1773,55.4747,69.4489,85.1604,102.667,122.025,143.291,219.219,392.541,645.694,1015.54,1524.48,2142.93
old,Mix5,0.05,6.50781,5.22507,12.2863,22.4797,36.308,54.3169,77.0656,105.112,139.002,179.265,226.412,280.936,343.324,582.737,1196.3,2209.55,3886.13,6475.38,9867.49
old,Mix5,0.06,6.51063,5.27564,13.2419,25.6826,43.6922,68.4896,101.373,143.689,196.804,262.083,340.876,434.514,544.321,984.469,2193.86,4347.61,8196.24,14558.5,23246.5
old,Mix5,0.08,6.51535,4.88926,12.8701,26.2598,46.8428,76.6965,118.142,173.697,246.023,337.882,452.095,591.518,759.043,1460.44,3521.02,7424.25,14749.4,27249.1,44410.9
old,Mix5,0.1,6.51906,4.49661,11.7879,24.2191,43.6368,72.252,112.61,167.559,240.208,333.887,452.102,598.506,776.879,1543.88,3886.78,8417.3,17025.7,32311.7,55042
old,Mix5,0.15,6.52445,3.64585,9.15836,18.5353,33.1385,54.5846,84.7154,125.568,179.34,248.349,334.999,441.749,571.096,1120.4,2752.61,5792.77,11335.9,20742.6,34016.1
old,Mix5,0.2,6.52543,3.27756,7.82572,15.3032,26.6035,42.7519,64.8757,94.1774,131.907,179.336,237.733,308.349,392.406,737.228,1701.64,3390.23,6317.63,11092.8,17619.8
old,Mix5,0.3,6.53000,2.82116,6.20053,11.4342,18.9326,29.1357,42.4909,59.4365,80.3882,105.729,135.8,170.902,211.293,366.346,751.883,1348.2,2268.68,3591.36,5147.36
old,Mix5,0.356,6.53101,2.70391,5.72862,10.2579,16.563,24.9269,35.6272,48.9251,65.0575,84.2313,106.621,132.37,161.591,270.955,531.986,920.36,1500.52,2309.03,3234.06
old,Mix5,0.4,6.53159,2.62404,5.41674,9.49726,15.0584,22.2968,31.3987,42.5321,55.8416,71.4456,89.4356,109.878,132.816,216.876,410.499,688.525,1091.29,1636.26,2241.47
old,Mix5,0.5,6.53242,2.45931,4.83654,8.17095,12.5594,18.0975,24.87,32.9463,42.3781,53.1991,65.4255,79.0583,94.0858,147.323,262.685,417.263,629.308,909.52,1224.1
old,Mix5,0.511,6.53232,2.44974,4.79569,8.07058,12.3638,17.7638,24.3482,32.1801,41.306,51.7552,63.5409,76.6617,91.105,142.156,252.426,399.739,600.958,865.072,1159.1
old,Mix5,0.6,6.53291,2.37913,4.49926,7.35095,10.9756,15.4142,20.7005,26.8579,33.8989,41.8256,50.6304,60.2976,70.8061,107.139,182.952,280.56,407.814,564.355,725.583
old,Mix5,0.662,6.53503,2.31792,4.30136,6.92622,10.2161,14.1945,18.8788,24.2778,30.3919,37.2131,44.7262,52.9108,61.7428,91.8782,153.489,231.502,331.852,453.086,574.955
old,Mix5,0.8,6.53299,2.20021,3.93091,6.14698,8.8457,12.0257,15.6817,19.8036,24.3762,29.38,34.7924,40.5888,46.744,67.1378,106.908,155.204,215.129,284.217,349.481
old,Mix5,1,6.53343,2.0986,3.58948,5.41924,7.57201,10.0356,12.7974,15.843,19.1565,22.7207,26.5172,30.5279,34.735,48.3798,74.0439,103.864,139.426,179.836,219.042
old,Mix5,1.173,6.20506,2.03146,3.38281,5.00108,6.86731,8.96704,11.2865,13.8118,16.5284,19.4215,22.4766,25.6794,29.0167,39.7256,59.5982,82.4724,109.481,139.798,169.062
old,Mix5,1.33,5.96491,1.98417,3.23191,4.69224,6.34507,8.17526,10.1691,12.3135,14.5956,17.0028,19.523,22.1448,24.858,33.4632,49.1438,66.8444,87.3266,109.919,131.59
old,Mix5,1.5,5.91077,1.94051,3.09156,4.40578,5.86336,7.44952,9.15145,10.9574,12.8563,14.8377,16.892,19.0102,21.1845,27.9822,40.0662,53.3038,68.1559,84.1365,99.3081
old,Mix5,2,5.88521,1.84194,2.80072,3.84548,4.96322,6.14478,7.38277,8.67082,10.0033,11.3751,12.7818,14.2192,15.6838,20.2128,28.1252,36.5207,45.516,54.9209,64.0727
old,Mix5,2.51,5.88201,1.77082,2.60733,3.49089,4.41368,5.37038,6.35685,7.36969,8.40595,9.46309,10.5389,11.6314,12.7388,16.1382,22.0181,28.1677,34.6186,41.2734,47.8539
old,Mix5,3,5.87878,1.715,2.46026,3.22667,4.0104,4.80893,5.6203,6.44298,7.27563,8.11715,8.96657,9.82302,10.6858,13.306,17.757,22.2971,26.9179,31.5767,36.1876
old,Mix5,4,5.87527,1.62646,2.2477,2.86609,3.4826,4.09785,4.71228,5.32625,5.94001,6.55377,7.16768,7.78186,8.39637,10.2421,13.3213,16.3903,19.4424,22.4992,25.595
old,Mix5,5,5.87471,1.56481,2.10441,2.62908,3.14296,3.64866,4.14804,4.64252,5.13321,5.621,6.10661,6.59063,7.07352,8.51856,10.9211,13.3032,15.6408,17.9466,20.2873
old,Mix5,6,5.87365,1.5197,1.99726,2.45245,2.89288,3.32315,3.74639,4.1649,4.58038,4.99412,5.40705,5.81984,6.23288,7.47404,9.52458,11.4838,13.361,15.3155,17.527
old,Mix5,7,5.87235,1.47297,1.90323,2.31048,2.70232,3.08329,3.4565,3.82419,4.18804,4.54932,4.90895,5.26759,5.62567,6.69754,8.45804,10.1377,11.7637,13.4823,15.4421
old,Mix5,8,5.87099,1.4325,1.82248,2.18934,2.54056,2.88061,3.21251,3.53846,3.86009,4.17862,4.49496,4.80977,5.12346,6.05928,7.58833,9.04561,10.4692,11.9916,13.7368
old,Mix5,9,5.87159,1.40442,1.76502,2.10182,2.42248,2.73155,3.03214,3.32647,3.61621,3.90262,4.18668,4.46912,4.75043,5.59026,6.97047,8.2884,9.53268,10.7896,12.1889
old,Mix5,10,5.86914,1.37933,1.71415,2.02481,2.31908,2.60157,2.87539,3.14276,3.40538,3.66453,3.9212,4.17614,4.42994,5.18773,6.43913,7.64379,8.7667,9.84747,10.9968
old,Mix5,11,5.86983,1.35702,1.67068,1.96096,2.23547,2.49867,2.7536,3.00242,3.24675,3.48783,3.72661,3.96383,4.20003,4.90571,6.07231,7.19389,8.22894,9.20463,10.2241
old,Mix5,12,5.86899,1.33667,1.63118,1.9031,2.15983,2.40573,2.64373,2.87591,3.10386,3.32875,3.5515,3.77283,3.99326,4.6522,5.74292,6.79129,7.75142,8.6397,9.55076
old,Mix5,13,5.86886,1.31794,1.59496,1.85018,2.09078,2.32101,2.54368,2.76083,2.97395,3.18421,3.39248,3.59944,3.80559,4.42224,5.44437,6.42726,7.32231,8.13666,8.95625
old,Mix5,14,5.86877,1.3006,1.56155,1.80146,2.02733,2.24325,2.45195,2.65539,2.85503,3.05195,3.24702,3.44089,3.63404,4.21212,5.17168,6.0953,6.93284,7.68371,8.42525
old,Mix5,15,5.86956,1.28445,1.53052,1.75632,1.96863,2.17141,2.3673,2.55817,2.74543,2.93014,3.11311,3.29497,3.4762,4.01888,4.92099,5.79046,6.57657,7.27222,7.94647
old,Mix6,0.015,6.57716,1.30148,1.47017,1.58862,1.68045,1.75642,1.82225,1.88124,1.93544,1.98613,2.03419,2.08017,2.12445,2.24897,2.43001,2.57099,2.67263,2.75804,2.85702
old,Mix6,0.02,6.59038,1.69239,2.1716,2.55644,2.88537,3.17804,3.44602,3.69674,3.93518,4.16484,4.38822,4.60712,4.82287,5.45898,6.49367,7.46231,8.30983,9.06146,9.84803
old,Mix6,0.03,6.59544,3.10321,5.15817,7.21886,9.3072,11.4378,13.6217,15.8685,18.1862,20.5821,23.0629,25.6346,28.3026,36.9293,53.5273,72.801,94.3723,118.553,147.121
old,Mix6,0.04,6.59828,4.3996,9.06174,14.9055,21.9609,30.2738,39.8932,50.8668,63.24,77.0555,92.3546,109.178,127.568,192.648,339.015,549.017,849.955,1257.21,1748.04
old,Mix6,0.05,6.60130,5.1603,11.9837,21.696,34.7149,51.492,72.4854,98.147,128.914,165.206,207.423,255.949,311.163,520.866,1049.36,1907.78,3306.02,5430.51,8171.86
old,Mix6,0.06,6.60463,5.2496,13.0555,25.1088,42.3856,65.9614,96.9683,136.565,185.914,246.161,318.425,403.803,503.372,898.4,1966.36,3842.14,7153.52,12543.6,19763.5
old,Mix6,0.08,6.60992,4.89403,12.8102,25.9861,46.0933,75.0589,115.014,168.244,237.142,324.163,431.791,562.517,718.847,1367.54,3248.17,6778.43,13351.8,24403.4,39226.6
old,Mix6,0.1,6.61407,4.53003,11.8165,24.1401,43.2559,71.2503,110.508,163.68,233.639,323.444,436.297,575.516,744.516,1466.28,3647.66,7828.79,15720.1,29631.6,50144.2
old,Mix6,0.15,6.62025,3.66723,9.18777,18.5291,33.0098,54.1871,83.8267,123.872,176.407,243.622,327.778,431.178,556.153,1084.43,2643.31,5532.36,10781.5,19644,32055
old,Mix6,0.2,6.62097,3.29566,7.8527,15.3111,26.5398,42.5325,64.3784,93.2357,130.305,176.804,233.945,302.921,384.898,720.273,1654.97,3288.9,6123.19,10756,17111.4
old,Mix6,0.3,6.62614,2.82533,6.20278,11.4217,18.8842,29.0204,42.2665,59.0485,79.7693,104.799,134.466,169.059,208.825,361.228,739.498,1324.61,2227.76,3520.88,5030.33
old,Mix6,0.356,6.62728,2.7051,5.72609,10.2426,16.5211,24.8387,35.4667,48.6594,64.6466,83.6283,105.772,131.214,160.063,267.869,524.664,906.388,1475.82,2265.5,3160.78
old,Mix6,0.4,6.62792,2.62319,5.41103,9.4802,15.0205,22.2249,31.2761,42.3381,55.5513,71.0301,88.8621,109.11,131.815,214.912,405.966,679.978,1076.14,1609.25,2195.54
old,Mix6,0.5,6.62882,2.45988,4.83602,8.16599,12.5446,18.0655,24.8108,32.8473,42.2243,52.9731,65.1078,78.6273,93.5189,146.209,260.272,413.322,623.154,897.645,1199.02
old,Mix6,0.511,6.62873,2.44983,4.79433,8.06468,12.3485,17.7321,24.2909,32.0858,41.1607,51.5427,63.2429,76.2581,90.5743,141.111,250.144,395.953,594.984,853.752,1135.9
old,Mix6,0.6,6.62933,2.37571,4.49193,7.33873,10.9568,15.3863,20.6599,26.7997,33.817,41.7125,50.4773,60.0947,70.5424,106.62,181.773,278.521,404.701,559.445,717.475
old,Mix6,0.662,6.63168,2.3158,4.29632,6.91721,10.2016,14.1726,18.8471,24.2334,30.3312,37.1321,44.6204,52.7754,61.5725,91.5714,152.864,230.499,330.405,450.888,571.415
old,Mix6,0.8,6.62936,2.20059,3.93028,6.14395,8.83887,12.0137,15.6635,19.7781,24.3427,29.338,34.7418,40.5298,46.6771,67.0526,106.814,155.115,215.046,284.195,349.681
old,Mix6,1,6.62998,2.1006,3.59172,5.42007,7.56983,10.029,12.7849,15.8237,19.1296,22.6856,26.4739,30.4763,34.6754,48.2989,73.9304,103.681,139.101,179.376,218.632
old,Mix6,1.173,6.29426,2.03228,3.38337,5.00046,6.86463,8.96154,11.2776,13.7988,16.511,19.3995,22.4498,25.6478,28.9804,39.6761,59.5246,82.3503,109.27,139.497,168.753
old,Mix6,1.33,6.05043,1.98427,3.23156,4.69095,6.34244,8.17091,10.1628,12.3049,14.5845,16.989,19.5065,22.1257,24.8362,33.4335,49.1004,66.7794,87.2264,109.782,131.442
old,Mix6,1.5,5.99574,1.94098,3.09202,4.4058,5.8625,7.44737,9.14763,10.9515,12.848,14.8267,16.878,18.993,21.1639,27.9502,40.0123,53.2227,68.0377,83.9694,99.0886
old,Mix6,2,5.96845,1.84271,2.80161,3.84613,4.96344,6.1445,7.38203,8.66975,10.0021,11.3741,12.7813,14.2196,15.6856,20.2214,28.1525,36.5688,45.5797,55.0004,64.185
old,Mix6,2.51,5.96499,1.77116,2.60764,3.49102,4.41357,5.37005,6.35638,7.3692,8.40562,9.46311,10.5395,11.6328,12.7413,16.1452,22.0356,28.1938,34.648,41.3068,47.9041
old,Mix6,3,5.96157,1.715,2.46012,3.22638,4.01002,4.80854,5.62003,6.44297,7.27605,8.11818,8.96838,9.82582,10.6898,13.3146,17.7758,22.3264,26.9557,31.6237,36.2497
old,Mix6,4,5.95782,1.62615,2.24725,2.8656,3.48214,4.09749,4.71208,5.32624,5.94023,6.55425,7.16845,7.78294,8.39779,10.2446,13.3263,16.3992,19.4586,22.527,25.6375
old,Mix6,5,5.95699,1.56428,2.10368,2.6283,3.14222,3.64801,4.14751,4.64212,5.13292,5.62081,6.1065,6.59058,7.07349,8.51853,10.9214,13.3062,15.6499,17.9634,20.3097
old,Mix6,6,5.95569,1.51924,1.99634,2.45117,2.89137,3.32156,3.74489,4.16366,4.57956,4.99389,5.40757,5.82126,6.23533,7.4802,9.53714,11.501,13.3842,15.3526,17.5884
old,Mix6,7,5.95409,1.4719,1.9016,2.30856,2.70027,3.08124,3.45454,3.82239,4.18646,4.54799,4.90791,5.26687,5.62529,6.69838,8.46167,10.1453,11.7756,13.4974,15.4586
old,Mix6,8,5.95254,1.43091,1.82019,2.18674,2.53785,2.87789,3.20983,3.53584,3.8575,4.17604,4.49235,4.80709,5.12069,6.05623,7.5863,9.04776,10.4746,11.9935,13.7262
old,Mix6,9,5.95303,1.40323,1.76315,2.09951,2.41987,2.72875,3.02921,3.32345,3.61313,3.8995,4.18353,4.46594,4.74725,5.58709,6.96784,8.28753,9.53417,10.7921,12.1897
old,Mix6,10,5.95009,1.3785,1.71268,2.02283,2.31668,2.59884,2.8724,3.13959,3.40208,3.66116,3.91781,4.17279,4.42666,5.18492,6.43763,7.64371,8.76786,9.85024,11.0025
old,Mix6,11,5.95065,1.35618,1.66918,1.95895,2.23303,2.4959,2.75057,2.9992,3.24341,3.48442,3.72319,3.96045,4.19675,4.903,6.07142,7.19543,8.23257,9.20916,10.2284
old,Mix6,12,5.94985,1.33581,1.62966,1.90105,2.15735,2.40291,2.64065,2.87264,3.10046,3.32528,3.54803,3.76941,3.98994,4.64954,5.7425,6.79425,7.75761,8.64689,9.55597
old,Mix6,13,5.94939,1.31707,1.59342,1.8481,2.08827,2.31815,2.54056,2.75751,2.9705,3.18069,3.38895,3.59596,3.80223,4.41959,5.44428,6.43139,7.33082,8.14677,8.96344
old,Mix6,14,5.94947,1.29971,1.55998,1.79935,2.02477,2.24034,2.44877,2.65201,2.8515,3.04835,3.24341,3.43732,3.63059,4.20941,5.17179,6.10034,6.94341,7.69675,8.43505
old,Mix6,15,5.95019,1.28355,1.52893,1.75418,1.96604,2.16846,2.36406,2.55473,2.74184,2.92646,3.10941,3.29132,3.47265,4.01609,4.92119,5.79616,6.58882,7.28792,7.95907
old,Mix7,0.015,6.66324,1.28781,1.44784,1.5597,1.6461,1.71737,1.779,1.83413,1.8847,1.93195,1.97669,2.01946,2.06061,2.17614,2.34365,2.47373,2.56732,2.64578,2.73649
old,Mix7,0.02,6.67767,1.66328,2.11403,2.47212,2.77585,3.04461,3.2897,3.51828,3.73515,3.94362,4.14605,4.34415,4.53911,5.11231,6.03779,6.89223,7.62733,8.27434,8.95789
old,Mix7,0.03,6.68592,3.01368,4.93439,6.83108,8.73062,10.6501,12.6022,14.597,16.643,18.7477,20.9177,23.1586,25.4757,32.9248,47.1167,63.3773,81.2219,100.739,123.4
old,Mix7,0.04,6.69074,4.30174,8.72004,14.1633,20.6425,28.1842,36.8184,46.5754,57.4839,69.5714,82.8644,97.39,113.177,168.457,290.518,461.787,701.486,1019.16,1397.18
old,Mix7,0.05,6.69474,5.09648,11.6885,20.9377,33.1847,48.7962,68.1404,91.5752,119.443,152.066,189.749,232.782,281.447,464.201,916.2,1636.51,2788.71,4506.9,6684.67
old,Mix7,0.06,6.69873,5.22391,12.8723,24.5485,41.1172,63.5211,92.7395,129.761,175.563,231.097,297.278,374.992,465.106,818.793,1758.71,3384.99,6217.67,10751.2,16698
old,Mix7,0.08,6.70470,4.89874,12.7507,25.7158,45.357,73.4584,111.971,162.965,228.583,310.999,412.387,534.911,680.729,1280.37,2995.67,6186.01,12076.5,21824.4,34582.2
old,Mix7,0.1,6.70933,4.56306,11.8431,24.0569,42.8692,70.2453,108.415,159.837,227.161,313.187,420.828,553.083,713.029,1391.31,3418.59,7267.82,14479.7,27093.7,45523.2
old,Mix7,0.15,6.71632,3.68835,9.21619,18.5208,32.8779,53.7868,82.9383,122.184,173.499,238.952,320.663,420.788,541.498,1049.35,2537.34,5280.61,10246.1,18584.7,30169.5
old,Mix7,0.2,6.71678,3.31356,7.87889,15.3173,26.4733,42.3094,63.8774,92.2916,128.704,174.28,230.176,297.53,377.451,703.5,1608.84,3188.56,5929.72,10418.4,16596.3
old,Mix7,0.3,6.72256,2.82946,6.20495,11.4092,18.8361,28.9061,42.0444,58.6651,79.1586,103.882,133.152,167.245,206.398,356.205,727.366,1301.5,2187.55,3451.43,4915.16
old,Mix7,0.356,6.72383,2.70627,5.72358,10.2276,16.4797,24.7517,35.3084,48.3976,64.2421,83.0349,104.937,130.079,158.563,264.844,517.505,892.74,1451.67,2222.92,3089.3
old,Mix7,0.4,6.72454,2.62234,5.4054,9.46335,14.983,22.1541,31.1554,42.147,55.2656,70.6214,88.2983,108.355,130.831,212.986,401.532,671.627,1061.33,1582.85,2150.8
old,Mix7,0.5,6.72550,2.46044,4.83551,8.16108,12.5301,18.0339,24.7523,32.7497,42.073,52.7509,64.7956,78.2044,92.9631,145.12,257.934,409.525,617.156,885.808,1174.03
old,Mix7,0.511,6.72540,2.44993,4.79299,8.05885,12.3334,17.7008,24.2345,31.9929,41.0177,51.3338,62.9501,75.862,90.0541,140.09,247.931,392.306,589.18,842.542,1112.92
old,Mix7,0.6,6.72601,2.37232,4.48468,7.32664,10.9382,15.3587,20.6197,26.7421,33.736,41.6007,50.3262,59.8944,70.2822,106.11,180.621,276.54,401.687,554.68,709.575
old,Mix7,0.662,6.72861,2.31369,4.29135,6.9083,10.1873,14.1511,18.8158,24.1895,30.2713,37.0521,44.516,52.6418,61.4046,91.2694,152.25,229.518,328.992,448.736,567.943
old,Mix7,0.8,6.72600,2.20096,3.92965,6.14095,8.83212,12.0019,15.6454,19.7528,24.3094,29.2964,34.6917,40.4713,46.6107,66.9677,106.72,155.026,214.961,284.167,349.869
old,Mix7,1,6.72680,2.10258,3.59393,5.42086,7.56761,10.0223,12.7725,15.8044,19.1027,22.6506,26.4305,30.4246,34.6156,48.2176,73.8162,103.498,138.778,178.917,218.214
old,Mix7,1.173,6.38367,2.03308,3.38393,4.99983,6.86197,8.95608,11.2686,13.7859,16.4937,19.3776,22.4232,25.6165,28.9444,39.6269,59.4515,82.2297,109.061,139.199,168.446
old,Mix7,1.33,6.13414,1.9842,3.23088,4.68926,6.33938,8.16623,10.1563,12.2965,14.5741,16.9767,19.4923,22.1096,24.8185,33.4121,49.0733,66.7379,87.1551,109.683,131.348
old,Mix7,1.5,6.07852,1.94016,3.09032,4.40325,5.85919,7.44342,9.14322,10.9469,12.8433,14.8223,16.874,18.9898,21.1618,27.953,40.0278,53.2543,68.0878,84.0444,99.1985
old,Mix7,2,6.05148,1.84256,2.80129,3.84564,4.96273,6.14353,7.38074,8.66809,10,11.3715,12.7782,14.2159,15.6812,20.2146,28.1414,36.5542,45.5623,54.9771,64.1486
old,Mix7,2.51,6.04754,1.77092,2.60721,3.49044,4.41289,5.36931,6.35562,7.36846,8.40494,9.46254,10.539,11.6325,12.7413,16.1462,22.0397,28.2033,34.6643,41.3286,47.9274
old,Mix7,3,6.04461,1.71466,2.45956,3.22569,4.0093,4.80788,5.61953,6.44271,7.27612,8.11866,8.96937,9.82739,10.692,13.3193,17.7861,22.344,26.9815,31.6577,36.2913
old,Mix7,4,6.04075,1.62613,2.24708,2.86527,3.48168,4.09694,4.71151,5.32574,5.93988,6.55415,7.16871,7.78365,8.39906,10.2481,13.3347,16.4127,19.4766,22.5508,25.6707
old,Mix7,5,6.03981,1.56413,2.10327,2.62763,3.14134,3.647,4.14647,4.64114,5.13213,5.62032,6.10644,6.59106,7.07466,8.5225,10.9322,13.3251,15.677,17.9987,20.3556
old,Mix7,6,6.03838,1.51801,1.99455,2.44918,2.88943,3.31986,3.74358,4.16284,4.57936,4.99438,5.40887,5.82346,6.23856,7.48741,9.55531,11.534,13.425,15.3851,17.5995
old,Mix7,7,6.03670,1.47087,1.89999,2.30662,2.69818,3.07913,3.45251,3.82053,4.18485,4.5467,4.90701,5.26643,5.6254,6.70064,8.46981,10.1611,11.7954,13.5142,15.4671
old,Mix7,8,6.03499,1.43,1.81869,2.18484,2.53567,2.87553,3.20737,3.53333,3.855,4.17359,4.49,4.80489,5.11868,6.05505,7.58763,9.05252,10.4816,12.0005,13.7315
old,Mix7,9,6.03549,1.40227,1.76154,2.09745,2.4175,2.72618,3.02654,3.32076,3.61049,3.89698,4.18119,4.46384,4.74544,5.58649,6.97022,8.29379,9.54443,10.806,12.2073
old,Mix7,10,6.03222,1.37751,1.711,2.02065,2.31416,2.59609,2.86952,3.13669,3.39923,3.65845,3.9153,4.17056,4.42477,5.18441,6.44036,7.65032,8.77859,9.86561,11.0238
old,Mix7,11,6.03261,1.3552,1.66751,1.95675,2.23045,2.49307,2.74758,2.99615,3.24038,3.48149,3.72045,3.95796,4.19458,4.90219,6.07395,7.20213,8.24343,9.22382,10.2471
old,Mix7,12,6.03190,1.33485,1.62798,1.89883,2.15473,2.4,2.63755,2.86944,3.09725,3.32214,3.54504,3.76664,3.98747,4.64836,5.74472,6.80088,7.76858,8.66123,9.57294
old,Mix7,13,6.03128,1.31612,1.59176,1.84588,2.08562,2.31519,2.53738,2.7542,2.96715,3.17738,3.38576,3.59296,3.7995,4.4181,5.4462,6.43794,7.34202,8.16123,8.9796
old,Mix7,14,6.03156,1.29877,1.55831,1.79711,2.02209,2.23732,2.44551,2.64859,2.84802,3.04488,3.24003,3.43412,3.62763,4.20764,5.17345,6.10684,6.95492,7.71167,8.45119
old,Mix7,15,6.03199,1.28262,1.52727,1.75194,1.96334,2.1654,2.36075,2.55124,2.73826,2.92287,3.10589,3.28795,3.46951,4.01406,4.92255,5.80248,6.60043,7.30317,7.97535
old,Mix8,0.015,6.70545,1.28118,1.43703,1.54572,1.62953,1.69858,1.75821,1.81151,1.86037,1.90599,1.94917,1.99043,2.03011,2.14142,2.30261,2.42762,2.51747,2.59271,2.6796
old,Mix8,0.02,6.72070,1.64907,2.08617,2.43154,2.72337,2.98086,3.2152,3.4334,3.64017,3.83874,4.03138,4.21976,4.40501,4.94881,5.82336,6.62489,7.30853,7.90812,8.54477
old,Mix8,0.03,6.73099,2.96952,4.82539,6.64371,8.45372,10.2737,12.117,13.9939,15.9133,17.8825,19.9079,21.9954,24.1497,31.0531,44.1317,59.0067,75.1606,92.5899,112.607
old,Mix8,0.04,6.73707,4.25323,8.5526,13.8026,20.0061,27.1811,35.3498,44.5345,54.757,66.0378,78.3973,91.856,106.436,157.191,268.079,421.677,633.752,911.423,1239.19
old,Mix8,0.05,6.74167,5.06475,11.5429,20.5661,32.4389,47.489,66.0432,88.417,114.909,145.799,181.348,221.804,267.407,437.629,854.354,1511.5,2552.17,4088.09,6015.38
old,Mix8,0.06,6.74604,5.21112,12.7814,24.2719,40.494,62.3274,90.6795,126.46,170.56,223.841,287.127,361.207,446.853,781.128,1661.51,3172.66,5785.88,9930.49,15306.9
old,Mix8,0.08,6.75239,4.90109,12.7209,25.5813,44.9921,72.6681,110.474,160.377,224.401,304.587,402.966,521.548,662.332,1238.63,2876.04,5907.25,11479,20622.7,32438.1
old,Mix8,0.1,6.75728,4.5795,11.8557,24.0135,42.673,69.7395,107.367,157.921,223.943,308.106,413.186,542.028,697.547,1354.66,3307.33,6996.52,13881.6,25873.5,43308.8
old,Mix8,0.15,6.76468,3.69887,9.2301,18.5158,32.8106,53.5847,82.4923,121.339,172.049,236.628,317.13,415.638,534.246,1032.06,2485.36,5157.42,9984.42,18067.5,29251.3
old,Mix8,0.2,6.76501,3.32247,7.89175,15.3198,26.4389,42.1961,63.6244,91.8168,127.901,173.016,228.292,294.837,373.734,695.146,1585.89,3138.58,5833.04,10248.8,16335.6
old,Mix8,0.3,6.77109,2.83151,6.20601,11.4029,18.812,28.8491,41.9338,58.4743,78.8548,103.426,132.499,166.345,205.194,353.718,721.366,1290.06,2167.62,3416.94,4858.01
old,Mix8,0.356,6.77243,2.70685,5.72233,10.2201,16.4591,24.7084,35.2297,48.2675,64.0412,82.7404,104.523,129.516,157.819,263.348,513.968,886.003,1439.74,2201.88,3054.06
old,Mix8,0.4,6.77317,2.62192,5.40259,9.45496,14.9644,22.1188,31.0954,42.0522,55.1238,70.4186,88.0187,107.982,130.344,212.032,399.342,667.504,1054.02,1569.82,2128.77
old,Mix8,0.5,6.77416,2.46072,4.83525,8.15863,12.5229,18.0181,24.7232,32.7013,41.9978,52.6407,64.6409,77.9949,92.6881,144.583,256.786,407.67,614.198,879.872,1161.51
old,Mix8,0.511,6.77406,2.44997,4.79232,8.05595,12.3258,17.6853,24.2065,31.9468,40.9467,51.2301,62.805,75.6658,89.7967,139.586,246.846,390.524,586.324,836.947,1101.45
old,Mix8,0.6,6.77468,2.37064,4.48107,7.32061,10.9289,15.3449,20.5996,26.7133,33.6956,41.545,50.2509,59.7947,70.1529,105.856,180.052,275.567,400.21,552.338,705.684
old,Mix8,0.662,6.77740,2.31265,4.28887,6.90386,10.1802,14.1403,18.8003,24.1677,30.2415,37.0123,44.4641,52.5753,61.3212,91.1195,151.946,229.034,328.295,447.673,566.224
old,Mix8,0.8,6.77463,2.20115,3.92934,6.13945,8.82875,11.996,15.6364,19.7402,24.2928,29.2756,34.6666,40.4421,46.5776,66.9252,106.673,154.98,214.917,284.15,349.959
old,Mix8,1,6.77552,2.10356,3.59502,5.42124,7.56648,10.0189,12.7662,15.7947,19.0892,22.633,26.4087,30.3986,34.5855,48.1766,73.7585,103.406,138.617,178.688,218.001
old,Mix8,1.173,6.42887,2.03349,3.3842,4.99951,6.86064,8.95334,11.2642,13.7794,16.485,19.3666,22.4098,25.6007,28.9263,39.6021,59.4148,82.1693,108.958,139.05,168.292
old,Mix8,1.33,6.17660,1.98416,3.23054,4.6884,6.33785,8.16388,10.153,12.2922,14.5688,16.9704,19.4851,22.1016,24.8097,33.4013,49.0598,66.7171,87.1195,109.633,131.3
old,Mix8,1.5,6.12048,1.93971,3.08941,4.4019,5.85745,7.44139,9.14098,10.9445,12.8411,14.8202,16.8723,18.9886,21.1612,27.9553,40.0374,53.2731,68.1174,84.0885,99.2625
old,Mix8,2,6.09352,1.8422,2.80077,3.84503,4.96208,6.14282,7.37992,8.66708,9.9987,11.3698,12.7758,14.2127,15.677,20.2065,28.1242,36.5279,45.5291,54.9343,64.0852
old,Mix8,2.51,6.08926,1.77058,2.60672,3.48989,4.41234,5.36878,6.35513,7.368,8.40447,9.46204,10.5385,11.6318,12.7404,16.1446,22.037,28.2021,34.668,41.3354,47.9293
old,Mix8,3,6.08682,1.71435,2.45909,3.22517,4.00879,4.80743,5.61917,6.44246,7.276,8.11867,8.9695,9.82765,10.6924,13.32,17.7877,22.3478,26.9893,31.6691,36.3032
old,Mix8,4,6.08300,1.62627,2.24715,2.86519,3.48144,4.09656,4.71104,5.32523,5.93941,6.55381,7.16857,7.78382,8.39963,10.2504,13.3409,16.4222,19.4871,22.5612,25.683
old,Mix8,5,6.08209,1.56426,2.10324,2.62735,3.14082,3.64629,4.14565,4.64033,5.13144,5.61989,6.10642,6.59159,7.07589,8.52666,10.9432,13.3432,15.7001,18.0262,20.3911
old,Mix8,6,6.08070,1.51692,1.99312,2.44774,2.88818,3.31891,3.74298,4.16264,4.57955,4.99498,5.40987,5.82489,6.24046,7.49125,9.5666,11.5582,13.4549,15.3993,17.5765
old,Mix8,7,6.07914,1.47036,1.89918,2.30562,2.69708,3.07801,3.45143,3.81955,4.18402,4.54608,4.90665,5.26641,5.62577,6.70271,8.47684,10.1745,11.8111,13.5247,15.4671
old,Mix8,8,6.07744,1.43,1.81847,2.18436,2.53494,2.87459,3.20628,3.53215,3.85382,4.17248,4.48905,4.80416,5.11826,6.05591,7.59101,9.0574,10.4872,12.0086,13.7461
old,Mix8,9,6.07805,1.40193,1.76091,2.09658,2.41646,2.72504,3.02536,3.31961,3.60945,3.89612,4.18057,4.46352,4.74549,5.58798,6.97494,8.30198,9.55583,10.821,12.2279
old,Mix8,10,6.07486,1.37687,1.70997,2.01938,2.31276,2.59466,2.86814,3.13541,3.39814,3.65758,3.91473,4.17032,4.42492,5.18599,6.44515,7.65911,8.79183,9.88368,11.0474
old,Mix8,11,6.07513,1.3546,1.6665,1.95548,2.22902,2.49156,2.74607,2.99471,3.23907,3.48037,3.71956,3.95737,4.19433,4.90325,6.07794,7.20961,8.25464,9.23926,10.268
old,Mix8,12,6.07457,1.33427,1.627,1.89756,2.15326,2.39843,2.63593,2.86786,3.09576,3.3208,3.5439,3.76576,3.98689,4.64898,5.74802,6.80725,7.77805,8.67431,9.59111
old,Mix8,13,6.07406,1.31557,1.59079,1.84461,2.08414,2.31357,2.53569,2.75251,2.96552,3.17586,3.38441,3.59183,3.79864,4.41832,5.44889,6.44333,7.34994,8.17212,8.99516
old,Mix8,14,6.07447,1.29824,1.55737,1.79585,2.02059,2.23566,2.44376,2.64681,2.84627,3.04322,3.2385,3.43278,3.62653,4.20753,5.1756,6.11137,6.96147,7.72057,8.46427
old,Mix8,15,6.07453,1.28212,1.52637,1.75071,1.96186,2.16375,2.35898,2.54941,2.73643,2.92111,3.10423,3.28645,3.46821,4.01365,4.9242,5.80621,6.60571,7.31021,7.986
old,Mix9,0.015,6.74657,1.27475,1.42659,1.53225,1.61358,1.6805,1.73823,1.78979,1.83702,1.8811,1.92279,1.96262,2.0009,2.10823,2.26345,2.38367,2.47001,2.54222,2.62553
old,Mix9,0.02,6.76278,1.63527,2.05926,2.39247,2.67297,2.91979,3.14394,3.35233,3.54956,3.73877,3.92219,4.10138,4.27748,4.79358,5.62018,6.37216,7.00802,7.56389,8.15715
old,Mix9,0.03,6.77541,2.9263,4.71955,6.46277,8.18745,9.91299,11.6533,13.419,15.219,17.0607,18.9505,20.8939,22.8957,29.2881,41.3262,54.9124,69.5089,85.035,102.651
old,Mix9,0.04,6.78291,4.20554,8.38936,13.4529,19.3918,26.2168,33.9428,42.5853,52.1596,62.6804,74.1621,86.6199,100.07,146.598,247.102,384.392,571.212,812.624,1095
old,Mix9,0.05,6.78819,5.03352,11.4003,20.2036,31.7143,46.2233,64.0191,85.3776,110.558,139.799,173.325,211.343,254.056,412.496,796.272,1394.8,2332.69,3701.95,5401.86
old,Mix9,0.06,6.79299,5.19853,12.6921,24.0008,39.8851,61.1644,88.6783,123.261,165.725,216.847,277.363,347.978,429.371,745.257,1569.62,2973.05,5381.94,9166.97,14020.8
old,Mix9,0.08,6.79975,4.9034,12.6915,25.4486,44.6333,71.8931,109.01,157.852,220.329,298.357,393.832,508.618,644.565,1198.54,2761.95,5642.59,10913.3,19489.6,30428.9
old,Mix9,0.1,6.80490,4.59572,11.8677,23.9694,42.477,69.2374,106.33,156.031,220.775,303.115,405.692,531.206,682.412,1318.97,3199.49,6734.36,13305,24699.7,41183.8
old,Mix9,0.15,6.81272,3.70924,9.24366,18.5104,32.7431,53.3837,82.0501,120.504,170.618,234.337,313.652,410.574,527.124,1015.13,2434.61,5037.36,9729.58,17564.4,28359.6
old,Mix9,0.2,6.81293,3.33126,7.90431,15.3219,26.4041,42.0829,63.3727,91.3453,127.105,171.764,226.428,292.177,370.065,686.908,1563.28,3089.29,5737.52,10080.7,16076.1
old,Mix9,0.3,6.81931,2.83354,6.20704,11.3966,18.7882,28.7928,41.8246,58.2861,78.5554,102.977,131.857,165.458,204.01,351.272,715.474,1278.83,2148.02,3382.97,4801.77
old,Mix9,0.356,6.82072,2.70742,5.72109,10.2126,16.4388,24.6657,35.1521,48.1393,63.8433,82.4506,104.116,128.963,157.089,261.877,510.499,879.396,1428.04,2181.24,3019.53
old,Mix9,0.4,6.82148,2.62151,5.39982,9.4467,14.946,22.0841,31.0363,41.9587,54.9841,70.219,87.7436,107.614,129.865,211.096,397.191,663.46,1046.85,1557.04,2107.19
old,Mix9,0.5,6.82251,2.461,4.835,8.15622,12.5157,18.0026,24.6946,32.6536,41.9239,52.5322,64.4887,77.7889,92.4178,144.056,255.666,405.862,611.296,873.984,1149.11
old,Mix9,0.511,6.82241,2.45002,4.79166,8.05309,12.3184,17.67,24.1789,31.9014,40.8769,51.1282,62.6623,75.4729,89.5437,139.092,245.785,388.788,583.527,831.416,1090.12
old,Mix9,0.6,6.82303,2.36898,4.4775,7.31465,10.9198,15.3313,20.5798,26.685,33.6557,41.4901,50.1767,59.6965,70.0254,105.607,179.494,274.616,398.769,550.049,701.871
old,Mix9,0.662,6.82587,2.31162,4.28643,6.89948,10.1732,14.1297,18.7849,24.1462,30.212,36.9731,44.413,52.5099,61.239,90.9719,151.647,228.559,327.612,446.629,564.534
old,Mix9,0.8,6.82296,2.20134,3.92903,6.13797,8.82543,11.9902,15.6275,19.7277,24.2764,29.2551,34.6419,40.4132,46.5448,66.8831,106.626,154.934,214.872,284.132,350.045
old,Mix9,1,6.82394,2.10453,3.5961,5.42161,7.56536,10.0155,12.76,15.7851,19.0758,22.6155,26.387,30.3727,34.5556,48.1358,73.7011,103.315,138.458,178.461,217.788
old,Mix9,1.173,6.47343,2.03388,3.38447,4.9992,6.85933,8.95065,11.2598,13.7731,16.4766,19.3558,22.3967,25.5853,28.9085,39.5778,59.3788,82.1103,108.856,138.905,168.14
old,Mix9,1.33,6.21820,1.98413,3.2302,4.68757,6.33636,8.1616,10.1498,12.2881,14.5637,16.9644,19.4781,22.0937,24.801,33.3908,49.0466,66.697,87.085,109.585,131.255
old,Mix9,1.5,6.16152,1.93928,3.08852,4.40059,5.85577,7.43941,9.13881,10.9423,12.8388,14.8182,16.8706,18.9874,21.1606,27.9576,40.0468,53.2914,68.1463,84.1315,99.3248
old,Mix9,2,6.13462,1.84185,2.80026,3.84445,4.96145,6.14213,7.37912,8.66609,9.99741,11.368,12.7735,14.2096,15.673,20.1987,28.1075,36.5026,45.4972,54.8931,64.0241
old,Mix9,2.51,6.13002,1.77026,2.60625,3.48936,4.4118,5.36827,6.35465,7.36754,8.40402,9.46155,10.5379,11.6311,12.7396,16.1431,22.0345,28.2013,34.672,41.3426,47.9316
old,Mix9,3,6.12806,1.71404,2.45864,3.22466,4.0083,4.80699,5.61882,6.44222,7.27589,8.11868,8.96964,9.8279,10.6927,13.3207,17.7893,22.3518,26.9973,31.6806,36.315
old,Mix9,4,6.12426,1.6264,2.24721,2.86511,3.48121,4.0962,4.71058,5.32473,5.93895,6.55347,7.16844,7.78399,8.40019,10.2527,13.3471,16.4318,19.4979,22.5719,25.6955
old,Mix9,5,6.12339,1.5644,2.10321,2.62709,3.14032,3.6456,4.14486,4.63953,5.13076,5.61947,6.10638,6.59208,7.07705,8.53063,10.9537,13.3604,15.7218,18.0518,20.4244
old,Mix9,6,6.12203,1.51587,1.99173,2.44634,2.88696,3.31796,3.74238,4.16239,4.57967,4.99547,5.41074,5.82613,6.2421,7.49453,9.57626,11.5795,13.4823,15.413,17.5553
old,Mix9,7,6.12058,1.46987,1.89839,2.30465,2.69602,3.07692,3.45038,3.81859,4.18321,4.54547,4.9063,5.26637,5.62611,6.70468,8.48359,10.1874,11.8266,13.5354,15.4678
old,Mix9,8,6.11887,1.43,1.81826,2.1839,2.53423,2.87368,3.20522,3.53101,3.85267,4.1714,4.48811,4.80345,5.11784,6.05673,7.59426,9.06208,10.4926,12.0163,13.7603
old,Mix9,9,6.11957,1.40161,1.76029,2.09573,2.41544,2.72393,3.02422,3.31851,3.60844,3.89528,4.17996,4.46321,4.74553,5.58942,6.97953,8.30993,9.56691,10.8357,12.2479
old,Mix9,10,6.11646,1.37625,1.70897,2.01814,2.3114,2.59327,2.86679,3.13417,3.39707,3.65674,3.91416,4.17008,4.42505,5.18751,6.44979,7.66762,8.80466,9.9012,11.0703
old,Mix9,11,6.11660,1.35401,1.66553,1.95424,2.22763,2.49009,2.74461,2.99331,3.23779,3.47927,3.7187,3.9568,4.19409,4.90426,6.0818,7.21685,8.26551,9.25425,10.2882
old,Mix9,12,6.11617,1.33371,1.62604,1.89633,2.15184,2.3969,2.63437,2.86633,3.09431,3.31949,3.54279,3.76489,3.98632,4.64956,5.75121,6.81341,7.78721,8.68698,9.60876
old,Mix9,13,6.11578,1.31503,1.58986,1.84338,2.0827,2.312,2.53405,2.75087,2.96393,3.17438,3.38309,3.59073,3.7978,4.41853,5.45148,6.44854,7.35758,8.18265,9.01025
old,Mix9,14,6.11630,1.29773,1.55646,1.79463,2.01915,2.23406,2.44206,2.64509,2.84457,3.0416,3.23702,3.43148,3.62546,4.20741,5.17766,6.11573,6.96776,7.72915,8.47693
old,Mix9,15,6.11600,1.28163,1.52549,1.74952,1.96043,2.16214,2.35726,2.54764,2.73466,2.91939,3.10262,3.28499,3.46696,4.01325,4.92577,5.80977,6.61075,7.31696,7.99628
old,Mix10,0.015,6.82735,1.26225,1.40632,1.50615,1.58273,1.64558,1.6997,1.74795,1.79209,1.83324,1.87213,1.90924,1.9449,2.04471,2.18871,2.29999,2.37975,2.44633,2.52297
old,Mix10,0.02,6.84585,1.60826,2.00705,2.31711,2.57614,2.8028,3.0078,3.19778,3.37712,3.54882,3.71495,3.877,4.03599,4.50037,5.23777,5.89833,6.44721,6.92425,7.43898
old,Mix10,0.03,6.86397,2.84096,4.51317,6.11281,7.67569,9.22329,10.7706,12.3287,13.9068,15.5121,17.1509,18.8283,20.5488,26.0012,36.1338,47.3783,59.1879,71.3693,84.8058
old,Mix10,0.04,6.87480,4.11091,8.06925,12.773,18.2059,24.3664,31.2573,38.8829,47.2477,56.3563,66.2136,76.8252,88.1981,126.997,208.694,316.84,459.261,637.898,842.348
old,Mix10,0.05,6.88169,4.97141,11.1189,19.4928,30.3014,43.7684,60.1124,79.5383,102.234,128.368,158.094,191.552,228.879,365.51,688.955,1181.34,1935.33,3010.23,4313.45
old,Mix10,0.06,6.88744,5.17345,12.5149,23.4654,38.6879,58.8882,84.7781,117.053,156.377,203.373,258.622,322.669,396.033,677.442,1397.91,2603.32,4639.58,7776.15,11701.1
old,Mix10,0.08,6.89512,4.90801,12.6325,25.1845,43.9217,70.3618,106.127,152.897,212.367,286.216,376.086,483.574,610.253,1121.73,2545.68,5144.35,9853.27,17379.2,26722.9
old,Mix10,0.1,6.90082,4.62804,11.8905,23.878,42.0796,68.2274,104.255,152.265,214.484,293.233,390.895,509.889,652.67,1249.23,2990.32,6228.37,12196.2,22451,37128.7
old,Mix10,0.15,6.90949,3.72992,9.27021,18.4981,32.6054,52.9779,81.1623,118.834,167.762,229.778,306.745,400.537,513.028,981.755,2335.07,4802.48,9231.72,16583.1,26625.2
old,Mix10,0.2,6.90944,3.34878,7.929,15.3248,26.3323,41.8529,62.8646,90.397,125.507,169.258,222.701,286.863,362.743,670.506,1518.31,2991.21,5546.93,9743.78,15552.7
old,Mix10,0.3,6.91643,2.83757,6.20906,11.3841,18.7406,28.6803,41.6068,57.9111,77.9595,102.084,130.58,163.699,201.659,346.426,703.813,1256.6,2109.13,3315.49,4690.17
old,Mix10,0.356,6.91798,2.70857,5.71861,10.1978,16.3983,24.5806,34.9978,47.8844,63.4502,81.8749,103.307,127.864,155.639,258.966,503.639,866.342,1404.9,2140.42,2951.4
old,Mix10,0.4,6.91880,2.62068,5.39431,9.43024,14.9094,22.0151,30.9188,41.773,54.7068,69.8227,87.1976,106.884,128.914,209.24,392.939,655.468,1032.67,1531.77,2064.66
old,Mix10,0.5,6.91988,2.46155,4.8345,8.15141,12.5015,17.9718,24.6377,32.5587,41.7769,52.3169,64.1868,77.3807,91.8825,143.015,253.466,402.327,605.554,862.151,1124.28
old,Mix10,0.511,6.91978,2.45011,4.79035,8.04739,12.3036,17.6395,24.124,31.8111,40.7381,50.9258,62.3792,75.0906,89.0427,138.116,243.702,385.393,578.009,820.356,1067.51
old,Mix10,0.6,6.92042,2.36567,4.47039,7.30278,10.9015,15.3042,20.5402,26.6284,33.5762,41.3806,50.0288,59.5009,69.7718,105.113,178.391,272.745,395.94,545.546,694.35
old,Mix10,0.662,6.92350,2.30956,4.28156,6.89076,10.1592,14.1086,18.7543,24.1033,30.1535,36.8951,44.3111,52.3796,61.0755,90.6787,151.054,227.619,326.261,444.563,561.185
old,Mix10,0.8,6.92029,2.2017,3.92842,6.13503,8.8188,11.9786,15.6098,19.7029,24.2438,29.2141,34.5925,40.3555,46.4792,66.7988,106.531,154.841,214.781,284.092,350.21
old,Mix10,1,6.92144,2.10646,3.59823,5.42232,7.56307,10.0088,12.7475,15.7658,19.0488,22.5804,26.3435,30.3208,34.4954,48.0534,73.5852,103.133,138.141,178.006,217.356
old,Mix10,1.173,6.56357,2.03467,3.38501,4.99858,6.85669,8.94525,11.251,13.7603,16.4595,19.3342,22.3704,25.5542,28.8728,39.5289,59.3064,81.992,108.653,138.613,167.835
old,Mix10,1.33,6.30264,1.98406,3.22954,4.68591,6.33336,8.15701,10.1434,12.2798,14.5535,16.9522,19.4641,22.078,24.7836,33.3696,49.02,66.6566,87.016,109.488,131.163
old,Mix10,1.5,6.24491,1.9384,3.08674,4.39795,5.85238,7.43544,9.13444,10.9377,12.8344,14.8141,16.8672,18.985,21.1595,27.962,40.0656,53.3283,68.2044,84.2179,99.4501
old,Mix10,2,6.21815,1.84115,2.79923,3.84327,4.96017,6.14074,7.37751,8.66409,9.9948,11.3646,12.7688,14.2034,15.6649,20.1829,28.0741,36.4522,45.434,54.8116,63.9022
old,Mix10,2.51,6.21289,1.76961,2.6053,3.48829,4.41072,5.36723,6.35368,7.36662,8.40309,9.46056,10.5368,11.6298,12.7379,16.14,22.0298,28.2006,34.6816,41.3586,47.9371
old,Mix10,3,6.21188,1.71342,2.45773,3.22364,4.0073,4.80611,5.61812,6.44174,7.27565,8.1187,8.96991,9.82842,10.6935,13.3222,17.7928,22.3604,27.0145,31.705,36.3398
old,Mix10,4,6.20811,1.62666,2.24733,2.86496,3.48074,4.09545,4.70965,5.32373,5.93803,6.55279,7.16818,7.78434,8.40133,10.2573,13.3599,16.4521,19.5214,22.5956,25.7225
old,Mix10,5,6.20730,1.56466,2.10315,2.62654,3.1393,3.64421,4.14324,4.63791,5.12937,5.61856,6.10624,6.59299,7.07928,8.5384,10.9743,13.3934,15.7629,18.1002,20.4884
old,Mix10,6,6.20596,1.51375,1.98893,2.44351,2.88446,3.316,3.74106,4.16177,4.57975,4.99623,5.41215,5.8282,6.24483,7.49985,9.59203,11.6162,13.5321,15.4394,17.5146
old,Mix10,7,6.20473,1.46889,1.89681,2.3027,2.69388,3.07473,3.44826,3.81666,4.18157,4.54422,4.90556,5.26626,5.62676,6.70855,8.49695,10.2135,11.8586,13.5587,15.471
old,Mix10,8,6.20299,1.43,1.81784,2.18297,2.53281,2.87185,3.20309,3.52871,3.85035,4.16921,4.48621,4.80199,5.11697,6.05831,7.60067,9.07131,10.5031,12.0315,13.7885
old,Mix10,9,6.20386,1.40095,1.75905,2.09403,2.41341,2.7217,3.02192,3.31628,3.60642,3.89359,4.17874,4.46258,4.74561,5.59232,6.98875,8.32595,9.58924,10.8653,12.2885
old,Mix10,10,6.20089,1.37501,1.70696,2.01566,2.30867,2.59046,2.86407,3.13167,3.3949,3.65502,3.913,4.16957,4.42529,5.19054,6.45907,7.68471,8.83047,9.93646,11.1165
old,Mix10,11,6.20074,1.35283,1.66357,1.95177,2.22483,2.48714,2.74165,2.99048,3.23521,3.47706,3.71695,3.95561,4.19357,4.90628,6.08952,7.23139,8.28736,9.28441,10.329
old,Mix10,12,6.20058,1.33258,1.62413,1.89385,2.14899,2.39383,2.63122,2.86323,3.09138,3.31685,3.54054,3.76314,3.98516,4.65072,5.75759,6.82576,7.80561,8.71246,9.64432
old,Mix10,13,6.20039,1.31396,1.58799,1.84092,2.07982,2.30884,2.53075,2.74756,2.96073,3.1714,3.38043,3.5885,3.7961,4.41892,5.45666,6.45893,7.37285,8.20375,9.04063
old,Mix10,14,6.20112,1.2967,1.55463,1.79219,2.01625,2.23084,2.43865,2.64161,2.84114,3.03833,3.23402,3.42884,3.62329,4.20714,5.18176,6.12438,6.98024,7.74624,8.50236
old,Mix10,15,6.20008,1.28066,1.52373,1.74713,1.95756,2.15892,2.35381,2.54408,2.7311,2.91593,3.09938,3.28205,3.46442,4.01241,4.92887,5.8168,6.62066,7.33028,8.01684
