set,material,E_MeV,Zeq,B_1mfp,B_2mfp,B_3mfp,B_4mfp,B_5mfp,B_6mfp,B_7mfp,B_8mfp,B_9mfp,B_10mfp,B_11mfp,B_12mfp,B_15mfp,B_20mfp,B_25mfp,B_30mfp,B_35mfp,B_40mfp
new,Mix1,0.015,6.87233,1.25215,1.38876,1.48306,1.55543,1.61497,1.66642,1.71247,1.75476,1.79433,1.83185,1.86774,1.90229,1.99922,2.13853,2.24407,2.3182,2.38175,2.4586
new,Mix1,0.02,6.90649,1.57214,1.94566,2.2349,2.47563,2.68553,2.87476,3.04961,3.21421,3.37139,3.52311,3.67075,3.81529,4.23574,4.89838,5.48708,5.97285,6.39248,6.8425
new,Mix1,0.03,6.95159,2.66107,4.13215,5.51745,6.85501,8.16718,9.46912,10.772,12.0844,13.4134,14.7645,16.1425,17.551,21.9859,30.1095,38.8926,47.7588,56.5077,65.917
new,Mix1,0.04,6.98228,3.96662,7.64314,11.9241,16.7816,22.2014,28.1738,34.6914,41.7473,49.3357,57.4512,66.0896,75.2485,105.862,168.022,247.098,347.178,467.414,599.2
new,Mix1,0.05,7.00231,5.03659,11.1566,19.353,29.7717,42.5699,57.8959,75.8823,96.6432,120.275,146.859,176.464,209.158,326.53,595.387,991.939,1581.49,2391.7,3330.26
new,Mix1,0.06,7.01361,5.49691,13.3097,24.8324,40.6785,61.4883,87.8905,120.481,159.808,206.37,260.612,322.938,393.728,660.902,1327.83,2422.85,4242.86,6970.14,10241
new,Mix1,0.08,7.02873,5.41209,14.1821,28.4438,49.7019,79.6101,119.9,172.326,238.613,320.424,419.337,536.857,674.435,1222.71,2722.99,5454.27,10406.6,18163.4,27334
new,Mix1,0.1,7.03918,5.17808,13.6039,27.5531,48.7527,79.1919,121.068,176.735,248.655,339.351,451.369,587.25,749.531,1420.73,3345.44,6883.88,13379.2,24428.5,39840.6
new,Mix1,0.15,7.05581,3.96447,10.2105,20.8478,37.3562,61.4391,94.9709,139.944,198.417,272.459,364.116,475.381,608.197,1155.26,2707.37,5552.67,10803.4,19641,31417.8
new,Mix1,0.2,7.06231,3.39002,8.339,16.6232,29.261,47.3853,72.196,104.917,146.754,198.865,262.334,338.169,427.307,783.657,1748.51,3447.57,6394.35,10764.8,15536.4
new,Mix1,0.3,7.07340,2.95481,6.63075,12.3609,20.5984,31.8214,46.5069,65.1111,88.0548,115.712,148.403,186.397,229.916,395.444,802.52,1436.52,2428.86,3836.08,5399.91
new,Mix1,0.356,7.07689,2.79963,6.05151,10.9675,17.8503,27.0096,38.742,53.3181,70.9737,91.9044,116.264,144.166,175.693,292.585,567.891,978.141,1595.56,2438.92,3342.09
new,Mix1,0.4,7.07901,2.69403,5.66949,10.0692,16.1117,24.0146,33.9785,46.1777,60.7541,77.815,97.4336,119.652,144.487,234.707,439.764,734.159,1162.73,1729.38,2315.33
new,Mix1,0.5,7.08190,2.53251,5.06379,8.64013,13.3672,19.3464,26.664,35.387,45.5603,57.2075,70.3323,84.9217,100.95,157.359,278.757,442.653,667.741,950.871,1232.92
new,Mix1,0.511,7.08198,2.51695,5.00906,8.51601,13.1357,18.9617,26.0732,34.5301,44.3717,55.6169,68.2658,82.3026,97.7005,151.74,267.52,423.153,636.09,903.057,1168.35
new,Mix1,0.6,7.08349,2.40209,4.61284,7.62943,11.5002,16.2698,21.9715,28.6245,36.2334,44.7894,54.2716,64.6506,75.8909,114.425,193.825,296.43,432.072,596.871,756.107
new,Mix1,0.662,7.08718,2.34514,4.41226,7.18128,10.6806,14.9365,19.9662,25.776,32.3611,39.7068,47.7897,56.5804,66.0461,98.181,163.437,246.594,355.064,485.294,610.461
new,Mix1,0.8,7.08477,2.23595,4.0393,6.36504,9.212,12.5796,16.4622,20.8485,25.7209,31.0573,36.8316,43.0156,49.5808,71.3121,113.658,165.368,230.156,305.014,374.751
new,Mix1,1,7.08576,2.12072,3.66241,5.56854,7.82172,10.4078,13.3114,16.5152,19.9997,23.7442,27.727,31.9266,36.3227,50.5206,77.1242,108.312,145.885,187.854,226.272
new,Mix1,1.173,6.60159,2.08434,3.53124,5.28302,7.319,9.6228,12.1783,14.9684,17.9757,21.1818,24.5686,28.1186,31.8156,43.6591,65.6091,91.1026,121.658,155.997,188.295
new,Mix1,1.33,6.21722,2.053,3.41819,5.0369,6.88559,8.94575,11.2001,13.6317,16.2235,18.9591,21.8225,24.799,27.8752,37.6023,55.2873,75.4966,99.3238,125.528,149.647
new,Mix1,1.5,6.13321,2.00487,3.2567,4.69983,6.31033,8.06985,9.96208,11.9719,14.0849,16.2876,18.5676,20.9136,23.3158,30.7878,43.9934,58.5688,75.1174,92.6967,108.526
new,Mix1,2,6.09376,1.89398,2.92659,4.06003,5.27795,6.56862,7.92242,9.33101,10.787,12.2838,13.8155,15.3771,16.9643,21.8479,30.3354,39.4179,49.3223,59.691,69.4814
new,Mix1,2.51,6.08787,1.81276,2.70337,3.64855,4.6384,5.66609,6.72632,7.8147,8.92753,10.0617,11.2144,12.3836,13.5674,17.1964,23.502,30.2302,37.4099,44.7197,51.6474
new,Mix1,3,6.08429,1.74892,2.53386,3.34288,4.17094,5.01467,5.87152,6.73948,7.61687,8.50235,9.39479,10.2933,11.1973,13.9381,18.6058,23.4288,28.3712,33.2728,37.9656
new,Mix1,4,6.07971,1.65112,2.29505,2.93497,3.57218,4.20749,4.84151,5.47471,6.10746,6.74004,7.37273,8.0057,8.63914,10.5434,13.7329,16.9369,20.1334,23.2838,26.3379
new,Mix1,5,6.07837,1.57391,2.11923,2.64837,3.16624,3.67593,4.17961,4.6789,5.17506,5.66908,6.16173,6.65361,7.14518,8.62033,11.0767,13.49,15.8127,18.0734,20.3824
new,Mix1,6,6.07673,1.52434,2.00886,2.47135,2.9188,3.35545,3.78426,4.2074,4.62654,5.04298,5.45774,5.87161,6.28519,7.52744,9.60111,11.6368,13.5897,15.5076,17.5274
new,Mix1,7,6.07504,1.47842,1.9124,2.32218,2.71553,3.09716,3.47028,3.83721,4.19974,4.55922,4.9167,5.27299,5.62867,6.69525,8.46611,10.1699,11.7165,13.0935,14.416
new,Mix1,8,6.07337,1.43866,1.83007,2.19605,2.54488,2.88152,3.20932,3.53069,3.84744,4.16098,4.47236,4.78241,5.09174,6.01881,7.55772,9.03222,10.337,11.4149,12.3367
new,Mix1,9,6.07370,1.4035,1.76121,2.09441,2.41118,2.7163,3.01298,3.30355,3.58973,3.87282,4.15382,4.43348,4.71232,5.54649,6.92091,8.22006,9.38453,10.4555,11.5691
new,Mix1,10,6.07068,1.37209,1.70001,2.00441,2.2931,2.57069,2.84026,3.10402,3.3636,3.62021,3.87478,4.12796,4.38021,5.13307,6.36466,7.53087,8.64727,9.82711,11.1966
new,Mix1,11,6.07090,1.34941,1.65627,1.94052,2.20969,2.4682,2.71902,2.96427,3.20551,3.44394,3.68044,3.91567,4.15008,4.85045,6.00038,7.0892,8.10746,9.1422,10.3186
new,Mix1,12,6.07024,1.32871,1.61647,1.88251,2.13407,2.37541,2.60938,2.83801,3.06282,3.28493,3.50522,3.72434,3.94273,4.59588,5.67215,6.69415,7.63565,8.55811,9.57912
new,Mix1,13,6.06960,1.30968,1.57996,1.8294,2.06495,2.29071,2.5094,2.72298,2.93291,3.14026,3.34589,3.55043,3.75433,4.36462,5.37371,6.33614,7.2151,8.04939,8.9448
new,Mix1,14,6.06984,1.29204,1.54624,1.78043,2.00132,2.21282,2.41757,2.61742,2.81378,3.00768,3.19995,3.3912,3.58188,4.15302,5.10037,6.00851,6.83457,7.59838,8.39179
new,Mix1,15,6.07010,1.27562,1.51491,1.73503,1.9424,2.1408,2.33272,2.51996,2.70386,2.88543,3.06544,3.24449,3.42303,3.95817,4.84834,5.70621,6.48596,7.19217,7.90216
new,Mix2,0.015,6.77722,1.26589,1.41145,1.51256,1.59049,1.65479,1.71046,1.76036,1.80623,1.84917,1.88991,1.92891,1.96647,2.07198,2.2241,2.33998,2.42188,2.49221,2.57701
new,Mix2,0.02,6.80972,1.60271,2.00369,2.31782,2.58144,2.81275,3.02226,3.21656,3.40001,3.57563,3.74551,3.91116,4.07365,4.54818,5.30344,5.98582,6.55921,7.05686,7.58387
new,Mix2,0.03,6.84883,2.74705,4.34007,5.8692,7.36798,8.85662,10.3492,11.8565,13.3871,14.9479,16.5449,18.183,19.8666,25.2199,35.2029,46.255,57.774,69.6308,82.8625
new,Mix2,0.04,6.87552,4.09806,8.05564,12.7669,18.2134,24.391,31.3002,38.9426,47.3199,56.4342,66.2875,76.8833,88.2267,126.846,208.019,315.814,458.408,636.755,838.37
new,Mix2,0.05,6.89446,5.20328,11.7324,20.641,32.1494,46.4928,63.8987,84.5784,108.723,136.502,168.069,203.561,243.111,387.556,728.563,1248.23,2045.6,3177.54,4532.25
new,Mix2,0.06,6.90955,5.65334,13.8925,26.2248,43.4041,66.2276,95.4931,131.973,176.396,229.44,291.727,363.835,446.312,761.709,1566.19,2914.95,5202.73,8714.1,13041.1
new,Mix2,0.08,6.93106,5.51758,14.6261,29.603,52.1403,84.1173,127.525,184.401,256.775,346.624,455.847,586.266,739.65,1356.05,3064.09,6207.7,11973.8,21144.1,32179.4
new,Mix2,0.1,6.94638,5.24202,13.9124,28.4146,50.6481,82.8187,127.382,186.993,264.447,362.632,484.478,632.932,810.952,1552.78,3705.46,7707.73,15130.7,27894.5,45887.8
new,Mix2,0.15,6.97122,3.98099,10.3329,21.2358,38.261,63.2234,98.1249,145.097,206.343,284.081,380.499,497.725,637.829,1215.93,2859.46,5881.18,11479.6,20920.2,33459.3
new,Mix2,0.2,6.98090,3.40129,8.41774,16.8656,29.8132,48.4515,74.0431,107.876,151.22,205.292,271.23,350.085,442.835,813.906,1819.3,3592.71,6674.91,11242.3,16193.6
new,Mix2,0.3,6.99789,2.96236,6.67433,12.4832,20.8587,32.2961,47.2895,66.311,89.7951,118.126,151.634,190.591,235.222,404.971,822.144,1471.88,2490.12,3934.04,5532.18
new,Mix2,0.356,7.00215,2.80595,6.0863,11.0621,18.0464,27.3591,39.3061,54.1662,72.1816,93.5519,118.433,146.939,179.151,298.556,579.536,998.24,1629.18,2490.98,3410.16
new,Mix2,0.4,7.00429,2.69967,5.69929,10.1483,16.2722,24.2955,34.4245,46.838,61.681,79.0622,99.0544,121.698,147.009,238.916,447.578,747.104,1183.66,1760.8,2355.08
new,Mix2,0.5,7.00721,2.53751,5.0869,8.69765,13.4788,19.5345,26.9536,35.804,46.1315,57.9593,71.29,86.1088,102.388,159.657,282.776,448.971,677.506,965.116,1250.83
new,Mix2,0.511,7.00728,2.52177,5.03146,8.57168,13.2435,19.1431,26.3516,34.9301,44.9185,56.3349,69.1783,83.4314,99.065,153.907,271.282,429.038,645.167,916.26,1184.86
new,Mix2,0.6,7.00882,2.40559,4.63003,7.67208,11.5817,16.4047,22.1749,28.9114,36.6183,45.2856,54.891,65.4031,76.7848,115.775,196.006,299.692,436.992,603.827,764.338
new,Mix2,0.662,7.01265,2.34895,4.42841,7.21928,10.7511,15.0508,20.136,26.0131,32.6767,40.1112,48.2924,57.1895,66.7687,99.2746,165.234,249.33,359.204,491.14,617.491
new,Mix2,0.8,7.01006,2.2404,4.05372,6.39507,9.26358,12.6588,16.5751,21.0009,25.9184,31.3048,37.1336,43.3759,50.0027,71.9337,114.655,166.848,232.295,307.872,378.041
new,Mix2,1,7.01110,2.1227,3.67077,5.58738,7.85498,10.4592,13.3843,16.6125,20.124,23.8972,27.91,32.1403,36.5674,50.8573,77.614,109.01,146.902,189.204,227.737
new,Mix2,1.173,6.48396,2.0912,3.55276,5.32613,7.39027,9.7283,12.3235,15.1582,18.214,21.4719,24.913,28.519,32.2733,44.292,66.5564,92.4781,123.657,158.67,191.338
new,Mix2,1.33,6.09643,2.05945,3.43791,5.07547,6.94792,9.03609,11.322,13.7878,16.4159,19.1891,22.0906,25.1053,28.2195,38.0565,55.9326,76.4265,100.668,127.226,151.338
new,Mix2,1.5,6.01148,2.01047,3.27315,4.731,6.35927,8.13887,10.0528,12.0852,14.2211,16.4466,18.7485,21.1154,23.5372,31.0599,44.3436,59.0515,75.7913,93.4577,109.082
new,Mix2,2,5.97061,1.89954,2.94006,4.0831,5.31198,6.61471,7.98146,9.40369,10.8738,12.3851,13.9315,15.5079,17.1098,22.0368,30.5941,39.7533,49.7558,60.243,70.1445
new,Mix2,2.51,5.96508,1.81761,2.71413,3.66588,4.66275,5.69779,6.76557,7.86164,8.98221,10.1241,11.2846,12.4615,13.653,17.3052,23.6554,30.4452,37.7012,45.0797,52.0493
new,Mix2,3,5.96078,1.75319,2.54261,3.35613,4.18862,5.03665,5.89762,6.7695,7.6506,8.53955,9.43527,10.3369,11.2437,13.9927,18.6762,23.5219,28.4868,33.3978,38.0842
new,Mix2,4,5.95610,1.65425,2.30094,2.94332,3.58272,4.21999,4.85576,5.49049,6.12457,6.75831,7.39195,8.02573,8.6598,10.565,13.7536,16.9543,20.1468,23.2941,26.3471
new,Mix2,5,5.95478,1.576,2.1231,2.65373,3.17284,3.68351,4.18794,4.68774,5.1842,5.67829,6.17082,6.66239,7.15345,8.62616,11.0765,13.484,15.8021,18.0554,20.3501
new,Mix2,6,5.95315,1.52569,2.01156,2.47526,2.92372,3.36118,3.79056,4.21404,4.63329,5.0496,5.46401,5.8773,6.29009,7.52892,9.59522,11.6251,13.5731,15.4782,17.4685
new,Mix2,7,5.95141,1.47995,1.91507,2.32567,2.71959,3.10155,3.47478,3.84164,4.20389,4.56292,4.91979,5.27532,5.6301,6.69333,8.45792,10.1574,11.7003,13.0642,14.3527
new,Mix2,8,5.94977,1.44032,1.83272,2.19926,2.54836,2.88502,3.21263,3.53363,3.84987,4.16274,4.47335,4.78252,5.09089,6.0147,7.5484,9.02074,10.3263,11.3987,12.2955
new,Mix2,9,5.95004,1.40503,1.76359,2.09724,2.41418,2.71923,3.01566,3.30582,3.59145,3.87386,4.15408,4.43284,4.7107,5.54146,6.90933,8.20162,9.35768,10.4148,11.5069
new,Mix2,10,5.94718,1.37349,1.70215,2.00692,2.29572,2.57321,2.8425,3.10584,3.36487,3.62081,3.8746,4.12689,4.37815,5.12743,6.35115,7.50898,8.62073,9.80157,11.1754
new,Mix2,11,5.94755,1.35068,1.65826,1.9429,2.21221,2.47067,2.72127,2.96616,3.20691,3.44473,3.68051,3.9149,4.14837,4.84533,5.98777,7.06834,8.08107,9.11518,10.2941
new,Mix2,12,5.94670,1.32987,1.61832,1.88476,2.13649,2.37782,2.61162,2.83995,3.06431,3.28587,3.50548,3.72381,3.94132,4.59119,5.66025,6.6742,7.60971,8.53032,9.55239
new,Mix2,13,5.94615,1.31073,1.58168,1.83151,2.06726,2.29303,2.5116,2.72491,2.93443,3.14127,3.34627,3.55006,3.75311,4.36023,5.36232,6.31682,7.18948,8.02107,8.91648
new,Mix2,14,5.94614,1.293,1.54782,1.78241,2.0035,2.21505,2.41969,2.61931,2.81529,3.00872,3.20039,3.39092,3.58078,4.14884,5.0893,5.98955,6.80905,7.56948,8.36207
new,Mix2,15,5.94671,1.27649,1.51637,1.73687,1.94445,2.1429,2.33474,2.52177,2.70534,2.88645,3.06589,3.24426,3.42202,3.95416,4.83759,5.68763,6.46064,7.16297,7.87146
new,Mix3,0.015,6.96478,1.23897,1.36714,1.45508,1.52228,1.57742,1.62497,1.66748,1.70649,1.74296,1.77751,1.81056,1.84235,1.93143,2.05906,2.15524,2.2224,2.27987,2.34957
new,Mix3,0.02,7.00124,1.54275,1.89055,2.1568,2.37656,2.56702,2.7379,2.89522,3.0429,3.18356,3.31904,3.45062,3.57917,3.95159,4.53267,5.04015,5.45149,5.8057,6.19067
new,Mix3,0.03,7.04498,2.5938,3.97735,5.26317,6.49191,7.68708,8.86441,10.0353,11.2083,12.3903,13.5869,14.8023,16.0402,19.9125,26.9253,34.4049,41.8308,48.9993,56.553
new,Mix3,0.04,7.06742,3.887,7.40019,11.4435,15.9906,21.028,26.5471,32.5416,39.0063,45.937,53.3303,61.1843,69.498,97.2234,153.339,224.324,313.51,420.442,538.837
new,Mix3,0.05,7.08096,4.95495,10.8681,18.7163,28.624,40.7283,55.1605,72.0394,91.4689,113.539,138.327,165.904,196.335,305.546,555.989,925.66,1474.41,2228.6,3108.95
new,Mix3,0.06,7.09117,5.42278,13.0072,24.0965,39.2448,59.0324,84.0297,114.778,151.781,195.494,246.331,304.673,370.88,620.535,1243.55,2265.14,3958.28,6494.96,9558.97
new,Mix3,0.08,7.10536,5.35939,13.925,27.7448,48.2177,76.8781,115.331,165.199,228.081,305.519,398.982,509.87,639.545,1155.54,2564.62,5121.31,9744.2,17000.5,25667.5
new,Mix3,0.1,7.11539,5.12033,13.364,26.9308,47.4464,76.7755,116.969,170.218,238.802,325.054,431.318,559.932,713.23,1345.1,3148.92,6455.83,12510.9,22767.9,36999.1
new,Mix3,0.15,7.13157,3.95703,10.1243,20.5571,36.6661,60.0736,92.5649,136.039,192.461,263.814,352.065,459.139,586.92,1113.37,2608.9,5349.56,10394.9,18885.5,30270
new,Mix3,0.2,7.13812,3.38403,8.27854,16.4257,28.8019,46.4932,70.6501,102.447,143.043,193.556,255.037,328.463,414.753,759.737,1693.93,3336.16,6181.85,10425.8,15131.1
new,Mix3,0.3,7.14891,2.9475,6.58832,12.2419,20.3454,31.3604,45.7475,63.9477,86.3683,113.372,145.273,182.335,224.776,386.205,783.426,1401.97,2368.83,3739.81,5269.39
new,Mix3,0.356,7.15233,2.79331,6.01684,10.8734,17.6554,26.6624,38.1817,52.4757,69.7738,90.2669,114.106,141.405,172.247,286.614,556.152,957.722,1561.2,2385.37,3271.29
new,Mix3,0.4,7.15442,2.6884,5.63978,9.99049,15.952,23.7353,33.5352,45.5213,59.8324,76.5744,95.82,117.613,141.973,230.492,431.874,720.988,1141.31,1697,2273.89
new,Mix3,0.5,7.15727,2.52752,5.04074,8.58285,13.2562,19.1592,26.3761,34.9722,44.9921,56.4594,69.3788,83.7388,99.5162,155.061,274.708,436.248,657.793,936.293,1214.46
new,Mix3,0.511,7.15737,2.51213,4.98674,8.46057,13.0284,18.7813,25.7963,34.1321,43.8277,54.9023,67.3569,81.1775,96.3392,149.571,263.729,417.182,626.838,889.538,1151.31
new,Mix3,0.6,7.15885,2.39861,4.59571,7.58693,11.419,16.1355,21.769,28.3387,35.8498,44.2945,53.6534,63.8986,74.9966,113.069,191.617,293.104,427.036,589.714,747.544
new,Mix3,0.662,7.16239,2.34134,4.39617,7.14343,10.6104,14.8227,19.7971,25.5399,32.0469,39.3039,47.2886,55.9728,65.325,97.0867,161.629,243.833,350.877,479.36,603.276
new,Mix3,0.8,7.16017,2.23151,4.02493,6.33513,9.16065,12.5007,16.3499,20.6968,25.5244,30.811,36.531,42.6568,49.1606,70.6925,112.662,163.889,228.016,302.148,371.438
new,Mix3,1,7.16111,2.11874,3.65406,5.54976,7.78856,10.3565,13.2386,16.418,19.8758,23.5915,27.5443,31.7131,36.0779,50.183,76.6313,107.609,144.861,186.489,224.778
new,Mix3,1.173,6.72029,2.07755,3.50997,5.24044,7.24869,9.51876,12.0351,14.7813,17.7406,20.8955,24.2286,27.723,31.3632,43.0319,64.6684,89.7386,119.68,153.343,185.244
new,Mix3,1.33,6.33911,2.04661,3.39872,4.99887,6.82416,8.85673,11.08,13.4777,16.0337,18.7321,21.5577,24.4963,27.5349,37.1524,54.649,74.5838,98.009,123.856,147.949
new,Mix3,1.5,6.25606,1.99934,3.24045,4.66908,6.26209,8.0018,9.87262,11.86,13.9503,16.1305,18.3887,20.7139,23.0967,30.5183,43.6494,58.1032,74.4716,91.9578,107.966
new,Mix3,2,6.21780,1.88875,2.91388,4.03821,5.24569,6.52478,7.86608,9.26141,10.7036,12.1861,13.7033,15.2501,16.8224,21.6615,30.0749,39.0758,48.8803,59.1359,68.8269
new,Mix3,2.51,6.21134,1.80799,2.69295,3.63195,4.61523,5.63607,6.68925,7.77044,8.87598,10.0027,11.1481,12.3098,13.4861,17.0914,23.3486,30.0075,37.1049,44.3482,51.2424
new,Mix3,3,6.20896,1.74445,2.52499,3.32977,4.15379,4.99371,5.84698,6.71159,7.58589,8.46848,9.35824,10.2543,11.1558,13.8895,18.5417,23.3408,28.262,33.1601,37.867
new,Mix3,4,6.20463,1.64821,2.28954,2.92712,3.56224,4.19573,4.82819,5.46008,6.09175,6.72352,7.35562,7.98824,8.62156,10.5268,13.7217,16.9338,20.1382,23.2927,26.3466
new,Mix3,5,6.20344,1.57219,2.11601,2.64388,3.16076,3.66971,4.17291,4.67197,5.16817,5.66247,6.15566,6.64832,7.14088,8.62023,11.0861,13.509,15.8408,18.115,20.4481
new,Mix3,6,6.20196,1.52328,2.0065,2.46776,2.91411,3.34987,3.77802,4.20074,4.61973,5.03628,5.45142,5.8659,6.28032,7.5262,9.60681,11.6454,13.5993,15.5303,17.5863
new,Mix3,7,6.20063,1.47672,1.90957,2.31861,2.71156,3.09306,3.4663,3.83358,4.19665,4.55687,4.91525,5.27258,5.62943,6.69994,8.47653,10.1821,11.734,13.1441,14.5465
new,Mix3,8,6.19906,1.4364,1.82675,2.19231,2.54118,2.8782,3.20663,3.52884,3.84659,4.16126,4.47386,4.78521,5.09586,6.02668,7.56839,9.03724,10.3345,11.4316,12.4298
new,Mix3,9,6.19961,1.40159,1.75845,2.09138,2.40826,2.71377,3.01108,3.30244,3.58956,3.87371,4.15588,4.4368,4.71697,5.55547,6.93775,8.24629,9.42765,10.532,11.698
new,Mix3,10,6.19693,1.37049,1.69776,2.00201,2.29089,2.5689,2.83908,3.10361,3.36409,3.62173,3.87745,4.13191,4.38557,5.14366,6.38824,7.57099,8.69692,9.8708,11.2216
new,Mix3,11,6.19688,1.34803,1.65424,1.93825,2.20745,2.46622,2.71748,2.96332,3.20529,3.44458,3.68205,3.91838,4.15402,4.85893,6.01975,7.12266,8.15166,9.18702,10.3549
new,Mix3,12,6.19658,1.32753,1.61465,1.88038,2.13187,2.37335,2.60762,2.8367,3.0621,3.28493,3.50607,3.72616,3.94565,4.60286,5.68857,6.72248,7.6743,8.60099,9.62051
new,Mix3,13,6.19625,1.30867,1.57835,1.82743,2.06284,2.28863,2.50752,2.72145,2.93186,3.13983,3.3462,3.55161,3.7565,4.3705,5.388,6.36053,7.24865,8.08873,8.98732
new,Mix3,14,6.19676,1.29121,1.54482,1.77864,1.99933,2.2108,2.41566,2.61578,2.81253,3.00697,3.1999,3.39194,3.58353,4.15811,5.11313,6.02999,6.8638,7.63365,8.43302
new,Mix3,15,6.19623,1.27496,1.51371,1.73344,1.94058,2.13889,2.33087,2.51831,2.70254,2.88456,3.06517,3.24494,3.42433,3.96268,4.85995,5.72543,6.51152,7.22321,7.94046
new,Mix4,0.015,6.97356,1.23773,1.36511,1.45246,1.51918,1.57391,1.62111,1.66329,1.702,1.73818,1.77246,1.80524,1.83678,1.92514,2.05171,2.14703,2.21355,2.27047,2.33952
new,Mix4,0.02,7.01293,1.5404,1.8862,2.15069,2.36888,2.55789,2.72745,2.88352,3.02999,3.1695,3.30386,3.43434,3.56182,3.93107,4.50695,5.00945,5.41629,5.76645,6.14725
new,Mix4,0.03,7.05963,2.58498,3.95819,5.23278,6.44957,7.63218,8.79634,9.95343,11.1121,12.2792,13.4601,14.6593,15.8803,19.6978,26.6062,33.9705,41.2801,48.3349,55.7671
new,Mix4,0.04,7.08410,3.87273,7.35715,11.3594,15.8538,20.8273,26.2719,32.1817,38.5522,45.3798,52.6617,60.3965,68.5839,95.8922,151.193,221.169,309.082,414.602,531.857
new,Mix4,0.05,7.09924,4.9361,10.8019,18.5707,28.3621,40.3089,54.5384,71.1662,90.2938,112.009,136.39,163.504,193.419,300.758,546.921,910.245,1449.26,2189.94,3055.81
new,Mix4,0.06,7.11076,5.40419,12.9317,23.9135,38.8893,58.4244,83.0751,113.37,149.798,192.808,242.805,300.161,365.232,610.525,1222.5,2225.44,3886.16,6373.65,9382.84
new,Mix4,0.08,7.12697,5.34463,13.8533,27.5505,47.806,76.1215,114.067,163.229,225.172,301.403,393.36,502.414,629.9,1136.94,2520.53,5028.22,9558.26,16671.7,25190.1
new,Mix4,0.1,7.13844,5.10299,13.2923,26.7453,47.058,76.0586,115.756,168.291,235.893,320.837,425.41,551.892,702.553,1322.9,3091.27,6330.17,12255.6,22279.5,36163.5
new,Mix4,0.15,7.15710,3.95454,10.0955,20.46,36.4357,59.6181,91.7626,134.737,190.474,260.929,348.038,453.704,579.79,1099.26,2575.34,5279.61,10253.1,18621.1,29861.9
new,Mix4,0.2,7.16530,3.38189,8.25702,16.3554,28.6388,46.1766,70.1015,101.57,141.726,191.671,252.442,325.009,410.28,751.177,1674.26,3295.78,6104.37,10300.4,14976.9
new,Mix4,0.3,7.17754,2.94474,6.57237,12.1972,20.2505,31.1875,45.4628,63.5115,85.736,112.495,144.099,180.81,222.846,382.727,776.196,1388.82,2345.88,3702.84,5218.86
new,Mix4,0.356,7.18155,2.79088,6.00353,10.8372,17.5806,26.5293,37.967,52.153,69.314,89.6393,113.279,140.347,170.925,284.316,551.61,949.783,1547.79,2364.38,3243.35
new,Mix4,0.4,7.18402,2.6862,5.62822,9.95988,15.8899,23.6268,33.363,45.2663,59.4744,76.0922,95.1926,116.82,140.994,228.847,428.778,715.793,1132.82,1684.12,2257.3
new,Mix4,0.5,7.18741,2.52553,5.03161,8.56017,13.2122,19.0852,26.2622,34.8082,44.7672,56.1633,69.0013,83.2702,98.9478,154.148,273.093,433.68,653.793,930.414,1206.98
new,Mix4,0.511,7.18754,2.51022,4.97788,8.43859,12.9859,18.7099,25.6866,33.9745,43.6122,54.6191,66.9965,80.7312,95.7988,148.708,262.214,414.785,623.112,884.077,1144.4
new,Mix4,0.6,7.18928,2.39721,4.58884,7.56992,11.3865,16.0817,21.688,28.2243,35.6963,44.0962,53.4056,63.597,74.6377,112.523,190.723,291.752,424.983,586.787,744.016
new,Mix4,0.662,7.19316,2.33979,4.38963,7.12808,10.582,14.7766,19.7286,25.4443,31.9196,39.1406,47.0854,55.7263,65.0322,96.6415,160.891,242.703,349.16,476.924,600.311
new,Mix4,0.8,7.19095,2.22971,4.01911,6.32302,9.13988,12.4688,16.3044,20.6354,25.445,30.7114,36.4094,42.5117,48.9906,70.4417,112.258,163.288,227.147,300.983,370.088
new,Mix4,1,7.19193,2.11794,3.65067,5.54214,7.77511,10.3357,13.2091,16.3786,19.8254,23.5295,27.4701,31.6262,35.9783,50.0455,76.4299,107.321,144.443,185.93,224.162
new,Mix4,1.173,6.73502,2.07671,3.50736,5.23522,7.24007,9.50601,12.0175,14.7584,17.7118,20.8604,24.1869,27.6745,31.3077,42.9549,64.5527,89.571,119.437,153.017,184.867
new,Mix4,1.33,6.33073,2.04704,3.40005,5.00146,6.82834,8.86279,11.0882,13.4882,16.0467,18.7476,21.5758,24.5169,27.5581,37.1831,54.6925,74.6458,98.0982,123.969,148.065
new,Mix4,1.5,6.24286,1.99993,3.24218,4.67235,6.26722,8.00904,9.88214,11.8719,13.9646,16.1472,18.4077,20.7352,23.12,30.547,43.6859,58.1522,74.5394,92.0358,108.026
new,Mix4,2,6.20239,1.88939,2.91545,4.0409,5.24966,6.53018,7.87301,9.26997,10.7138,12.1981,13.7171,15.2658,16.8399,21.6845,30.1069,39.118,48.9348,59.2043,68.9076
new,Mix4,2.51,6.19581,1.80858,2.69425,3.63402,4.61812,5.63981,6.69387,7.77595,8.8824,10.0101,11.1564,12.319,13.4962,17.1044,23.3676,30.035,37.1426,44.3943,51.2928
new,Mix4,3,6.19303,1.74502,2.52611,3.33143,4.15597,4.99636,5.85009,6.71513,7.58981,8.47277,9.36287,10.2592,11.1611,13.8957,18.5497,23.3518,28.2757,33.1744,37.8796
new,Mix4,4,6.18865,1.64858,2.29024,2.92811,3.5635,4.19722,4.82988,5.46194,6.09375,6.72562,7.35779,7.99046,8.6238,10.5289,13.7231,16.9343,20.1378,23.2919,26.3459
new,Mix4,5,6.18738,1.57241,2.11642,2.64445,3.16145,3.6705,4.17376,4.67286,5.16905,5.66332,6.15643,6.64899,7.14143,8.62025,11.0849,13.5067,15.8373,18.1098,20.4397
new,Mix4,6,6.18590,1.52342,2.0068,2.46821,2.91471,3.35058,3.77881,4.20159,4.6206,5.03714,5.45222,5.86664,6.28095,7.52639,9.60617,11.6445,13.5984,15.5276,17.5789
new,Mix4,7,6.18456,1.47693,1.90993,2.31907,2.71207,3.09358,3.4668,3.83404,4.19705,4.55717,4.91544,5.27264,5.62934,6.69936,8.47524,10.1806,11.7316,13.137,14.5286
new,Mix4,8,6.18308,1.43669,1.82717,2.19278,2.54165,2.87862,3.20697,3.52907,3.84671,4.16123,4.47368,4.78486,5.09535,6.0257,7.56707,9.0366,10.3345,11.4282,12.4155
new,Mix4,9,6.18351,1.40183,1.7588,2.09177,2.40863,2.71409,3.01132,3.30258,3.58958,3.8736,4.15563,4.43638,4.71639,5.55433,6.93562,8.24293,9.42206,10.522,11.6812
new,Mix4,10,6.18097,1.37069,1.69804,2.00231,2.29117,2.56913,2.83924,3.10367,3.36403,3.62155,3.87712,4.13142,4.38491,5.14235,6.38533,7.56601,8.69069,9.86524,11.2184
new,Mix4,11,6.18097,1.3482,1.65449,1.93853,2.20773,2.46647,2.71767,2.96344,3.20532,3.4445,3.68186,3.91805,4.15353,4.85788,6.01734,7.11848,8.1461,9.18135,10.3502
new,Mix4,12,6.18062,1.32768,1.61488,1.88064,2.13215,2.37361,2.60784,2.83687,3.06219,3.28494,3.50597,3.72593,3.94529,4.60199,5.68651,6.71892,7.66943,8.59557,9.61527
new,Mix4,13,6.18023,1.3088,1.57855,1.82768,2.0631,2.28889,2.50776,2.72164,2.93199,3.13988,3.34617,3.55146,3.75623,4.36976,5.3862,6.35746,7.24441,8.08376,8.98195
new,Mix4,14,6.18065,1.29131,1.545,1.77887,1.99958,2.21106,2.4159,2.61598,2.81269,3.00706,3.19991,3.39184,3.58332,4.15747,5.11152,6.02728,6.86011,7.62919,8.4278
new,Mix4,15,6.18034,1.27504,1.51386,1.73364,1.94081,2.13913,2.3311,2.51852,2.7027,2.88467,3.0652,3.24489,3.42417,3.96211,4.8585,5.72303,6.50832,7.21933,7.93566
new,Mix5,0.015,6.89846,1.24841,1.3826,1.47508,1.54597,1.60424,1.65457,1.6996,1.74095,1.77962,1.81628,1.85136,1.88511,1.97977,2.11571,2.21854,2.29064,2.35242,2.42719
new,Mix5,0.02,6.94176,1.5611,1.92489,2.20539,2.43812,2.64059,2.8228,2.99093,3.14904,3.29987,3.44535,3.58682,3.72521,4.12715,4.75828,5.31545,5.77213,6.1661,6.59068
new,Mix5,0.03,7.00245,2.61951,4.03337,5.35222,6.61613,7.84838,9.06461,10.2761,11.4917,12.7181,13.9608,15.2245,16.5125,20.5476,27.87,35.6911,43.4609,50.9647,58.8762
new,Mix5,0.04,7.03452,3.91524,7.48566,11.6109,16.2632,21.428,27.0959,33.2593,39.9119,47.0482,54.6635,62.7543,71.3187,99.8682,157.577,230.515,322.14,431.731,552.166
new,Mix5,0.05,7.05406,4.98277,10.9661,18.9321,29.0124,41.351,56.0848,73.3373,93.216,115.813,141.208,169.471,200.668,312.65,569.393,948.339,1511.25,2285.01,3186.04
new,Mix5,0.06,7.06851,5.44436,13.095,24.3096,39.6595,59.742,85.1445,116.424,154.097,198.632,250.452,309.945,377.477,632.211,1268.04,2311.17,4041.66,6634.79,9761.03
new,Mix5,0.08,7.08856,5.37089,13.9809,27.8967,48.5398,77.4704,116.321,166.742,230.361,308.746,403.388,515.713,647.101,1170.11,2599.08,5193.94,9889.07,17256,26036.7
new,Mix5,0.1,7.10253,5.13003,13.4042,27.0348,47.6644,77.1784,117.652,171.302,240.44,327.428,434.645,564.463,719.248,1357.63,3181.45,6526.72,12654.8,23043.3,37470.3
new,Mix5,0.15,7.12514,3.95766,10.1316,20.5817,36.7242,60.1887,92.7676,136.368,192.963,264.543,353.081,460.51,588.718,1116.93,2617.32,5367.06,10430.2,18951.3,30371.1
new,Mix5,0.2,7.13565,3.38422,8.28049,16.432,28.8167,46.522,70.7,102.526,143.163,193.728,255.273,328.778,415.16,760.515,1695.72,3339.82,6188.85,10437.1,15144.9
new,Mix5,0.3,7.15030,2.94736,6.58754,12.2397,20.3407,31.352,45.7335,63.9263,86.3373,113.329,145.216,182.26,224.682,386.035,783.072,1401.33,2367.71,3738.01,5266.93
new,Mix5,0.356,7.15520,2.79307,6.01553,10.8698,17.648,26.6493,38.1605,52.4439,69.7285,90.2051,114.025,141.301,172.117,286.388,555.705,956.943,1559.89,2383.31,3268.56
new,Mix5,0.4,7.15823,2.68811,5.63829,9.98654,15.944,23.7213,33.513,45.4883,59.7862,76.5121,95.739,117.51,141.846,230.28,431.475,720.319,1140.22,1695.34,2271.77
new,Mix5,0.5,7.16240,2.52718,5.03919,8.57899,13.2487,19.1466,26.3567,34.9443,44.9538,56.4089,69.3145,83.659,99.4194,154.905,274.434,435.812,657.114,935.296,1213.19
new,Mix5,0.511,7.16258,2.5118,4.98521,8.45677,13.0211,18.769,25.7773,34.1048,43.7904,54.8533,67.2946,81.1003,96.2457,149.421,263.467,416.768,626.196,888.597,1150.12
new,Mix5,0.6,7.16472,2.39834,4.59438,7.58365,11.4127,16.1251,21.7533,28.3166,35.8201,44.2561,53.6055,63.8403,74.9273,112.964,191.445,292.844,426.64,589.151,746.866
new,Mix5,0.662,7.16928,2.34099,4.3947,7.13999,10.6041,14.8124,19.7817,25.5185,32.0184,39.2673,47.2431,55.9176,65.2594,96.9869,161.464,243.58,350.493,478.815,602.613
new,Mix5,0.8,7.16685,2.23112,4.02367,6.33249,9.15613,12.4938,16.34,20.6834,25.5072,30.7893,36.5045,42.6252,49.1236,70.6379,112.574,163.758,227.827,301.895,371.145
new,Mix5,1,7.16792,2.11856,3.65331,5.54807,7.78558,10.3519,13.2321,16.4093,19.8646,23.5778,27.5278,31.6938,36.0559,50.1526,76.5867,107.545,144.769,186.365,224.642
new,Mix5,1.173,6.62406,2.08305,3.52718,5.27489,7.30557,9.60292,12.1509,14.9327,17.9308,21.1271,24.5036,28.043,31.7293,43.5395,65.4299,90.8425,121.281,155.491,187.716
new,Mix5,1.33,6.16595,2.05572,3.42651,5.05316,6.91186,8.98383,11.2515,13.6975,16.3046,19.0561,21.9356,24.9282,28.0205,37.794,55.5596,75.8881,99.8893,126.244,150.364
new,Mix5,1.5,6.06625,2.00794,3.26571,4.71689,6.33711,8.10761,10.0117,12.0339,14.1595,16.3746,18.6666,21.0241,23.4371,30.9369,44.1849,58.8316,75.4838,93.1117,108.832
new,Mix5,2,6.01919,1.89717,2.93436,4.07337,5.2977,6.59547,7.95693,9.37364,10.8381,12.3436,13.8843,15.4549,17.0512,21.962,30.4947,39.6269,49.5922,60.0298,69.8807
new,Mix5,2.51,6.01294,1.8157,2.70979,3.65879,4.6527,5.68462,6.74921,7.84203,8.95937,10.098,11.2554,12.4292,13.6177,17.2614,23.5976,30.3696,37.6007,44.9511,51.8983
new,Mix5,3,6.00780,1.75171,2.5394,3.35106,4.18163,5.02773,5.88681,6.75684,7.63617,8.52344,9.41757,10.3177,11.2232,13.9685,18.6466,23.4852,28.4406,33.3431,38.0262
new,Mix5,4,6.00270,1.65294,2.29851,2.93989,3.5784,4.21485,4.84985,5.48386,6.11727,6.75037,7.38341,8.01659,8.65009,10.5537,13.7397,16.9381,20.1289,23.2755,26.3289
new,Mix5,5,6.00102,1.57499,2.12126,2.65118,3.16969,3.67984,4.18382,4.68325,5.17938,5.67321,6.16552,6.65692,7.14784,8.62033,11.0706,13.4776,15.7945,18.0467,20.341
new,Mix5,6,5.99918,1.52501,2.01035,2.47363,2.92176,3.35897,3.78818,4.21157,4.6308,5.04716,5.46168,5.87515,6.28816,7.52801,9.59681,11.6297,13.5812,15.4914,17.4894
new,Mix5,7,5.99723,1.47948,1.91418,2.32441,2.71803,3.09975,3.4728,3.83953,4.20173,4.56076,4.91769,5.27333,5.62828,6.69237,8.4594,10.1619,11.7064,13.0677,14.3478
new,Mix5,8,5.99561,1.44003,1.8321,2.19834,2.54717,2.8836,3.21104,3.53191,3.84807,4.16093,4.47158,4.78085,5.08937,6.01408,7.55089,9.0284,10.3395,11.4129,12.3007
new,Mix5,9,5.99561,1.40467,1.76291,2.09629,2.41301,2.7179,3.01422,3.30432,3.58993,3.87238,4.15268,4.43157,4.7096,5.54112,6.91075,8.20444,9.35967,10.4123,11.4967
new,Mix5,10,5.99268,1.37307,1.7014,2.00593,2.29454,2.5719,2.84113,3.10445,3.3635,3.61951,3.87339,4.12582,4.37722,5.12696,6.35093,7.50787,8.61939,9.80276,11.1821
new,Mix5,11,5.99308,1.35026,1.65754,1.94196,2.21112,2.46949,2.72006,2.96497,3.20579,3.44371,3.67962,3.91419,4.14786,4.84551,5.989,7.06977,8.08221,9.11686,10.2979
new,Mix5,12,5.99214,1.32945,1.61762,1.88386,2.13548,2.37675,2.61055,2.83892,3.06337,3.28505,3.50484,3.72337,3.9411,4.59182,5.66249,6.67763,7.61342,8.53373,9.55568
new,Mix5,13,5.99132,1.31031,1.58099,1.83066,2.06631,2.29205,2.51063,2.72401,2.93364,3.14062,3.3458,3.54981,3.75311,4.36116,5.36522,6.32169,7.19545,8.02667,8.92063
new,Mix5,14,5.99126,1.29259,1.54715,1.78159,2.0026,2.21413,2.4188,2.6185,2.8146,3.00818,3.20004,3.39081,3.58093,4.14996,5.09263,5.99545,6.81687,7.57733,8.36785
new,Mix5,15,5.99217,1.27607,1.51571,1.73606,1.94358,2.14202,2.3339,2.52102,2.70471,2.88599,3.06563,3.24424,3.42226,3.95541,4.84119,5.69425,6.46995,7.17296,7.87928
new,Mix6,0.015,6.88110,1.25089,1.38669,1.48037,1.55225,1.61136,1.66243,1.70814,1.75011,1.78938,1.82661,1.86222,1.8965,1.99267,2.13084,2.23546,2.30891,2.37186,2.44801
new,Mix6,0.02,6.91833,1.56843,1.93866,2.22496,2.46298,2.67037,2.85722,3.02979,3.19219,3.34722,3.49682,3.64237,3.78482,4.19898,4.85092,5.42889,5.90473,6.31558,6.75692
new,Mix6,0.03,6.96879,2.6468,4.09803,5.46016,6.77197,8.05612,9.32795,10.5987,11.877,13.1697,14.4826,15.8201,17.186,21.4791,29.3178,37.757,46.2284,54.5251,63.3869
new,Mix6,0.04,7.00264,3.94272,7.56918,11.7748,16.5305,21.8209,27.6353,33.965,40.8023,48.1405,55.9733,64.2959,73.1049,102.454,161.686,236.461,330.35,442.349,564.484
new,Mix6,0.05,7.01961,5.01856,11.0926,19.2115,29.5162,42.1594,57.2858,75.0247,95.4881,118.771,144.954,174.108,206.298,321.861,586.672,977.381,1558.13,2356.34,3282.72
new,Mix6,0.06,7.03195,5.47931,13.2376,24.6567,40.3357,60.9005,86.9658,119.114,157.884,203.763,257.189,318.562,388.256,651.254,1307.78,2385.53,4175.81,6858.73,10082.3
new,Mix6,0.08,7.04871,5.3983,14.1146,28.26,49.3113,78.8903,118.696,170.447,235.835,316.492,413.968,529.739,665.235,1205.02,2681.42,5367.09,10233.6,17861,26904.3
new,Mix6,0.1,7.06033,5.16199,13.5369,27.379,48.3867,78.5142,119.917,174.903,245.884,335.328,445.724,579.555,739.301,1399.4,3289.99,6763.16,13134.5,23960.8,39040.2
new,Mix6,0.15,7.07895,3.96219,10.1841,20.7586,37.1443,61.0198,94.232,138.745,196.588,269.806,360.419,470.402,601.679,1142.47,2677.49,5491.39,10680.6,19415.1,31077.7
new,Mix6,0.2,7.08679,3.38808,8.3194,16.5592,29.112,47.0958,71.6943,104.115,145.55,197.143,259.968,335.024,423.241,775.927,1730.94,3411.8,6326.35,10657.1,15409.7
new,Mix6,0.3,7.09907,2.95232,6.61626,12.3203,20.512,31.6639,46.2473,64.7134,87.4782,114.912,147.333,185.009,228.16,392.292,796.025,1424.8,2408.54,3803.56,5355.99
new,Mix6,0.356,7.10303,2.79743,6.03945,10.9347,17.7824,26.8887,38.5468,53.0247,70.5558,91.3341,115.512,143.205,174.494,290.51,563.822,971.079,1583.7,2420.47,3317.79
new,Mix6,0.4,7.10545,2.69205,5.65903,10.0415,16.0554,23.9162,33.8223,45.9464,60.4293,77.3779,96.8652,118.934,143.602,233.225,436.997,729.551,1155.25,1718.09,2300.94
new,Mix6,0.5,7.10876,2.53073,5.05554,8.61962,13.3274,19.2793,26.5609,35.2384,45.3568,56.9396,69.9909,84.4983,100.437,156.538,277.313,440.373,664.205,945.697,1226.39
new,Mix6,0.511,7.10888,2.51522,5.00107,8.49614,13.0972,18.8971,25.9739,34.3874,44.1767,55.3608,67.9401,81.8995,97.2129,150.964,266.167,421.025,632.799,898.254,1162.31
new,Mix6,0.6,7.11060,2.40083,4.60665,7.61408,11.4709,16.2213,21.8983,28.5212,36.0949,44.6106,54.0484,64.3792,75.5682,113.936,193.032,295.237,430.268,594.311,753.055
new,Mix6,0.662,7.11458,2.34375,4.40638,7.16743,10.6549,14.8948,19.9043,25.6896,32.2462,39.5594,47.6064,56.3582,65.7825,97.7812,162.777,245.588,353.54,483.136,607.853
new,Mix6,0.8,7.11217,2.23433,4.03406,6.35413,9.19326,12.5508,16.4212,20.7931,25.6492,30.9674,36.7219,42.8846,49.4274,71.0861,113.294,164.829,229.376,303.971,373.547
new,Mix6,1,7.11318,2.12,3.65936,5.56168,7.80961,10.389,13.2848,16.4797,19.9545,23.6885,27.6603,31.8487,36.2334,50.3975,76.9447,108.056,145.512,187.357,225.73
new,Mix6,1.173,6.60909,2.08391,3.52988,5.2803,7.31451,9.61615,12.1691,14.9565,17.9607,21.1635,24.5468,28.0933,31.7868,43.6191,65.5492,91.0157,121.532,155.828,188.102
new,Mix6,1.33,6.20011,2.0539,3.42096,5.04231,6.89433,8.95842,11.2172,13.6536,16.2505,18.9913,21.8601,24.842,27.9236,37.6661,55.3779,75.6267,99.5117,125.767,149.886
new,Mix6,1.5,6.11086,2.00589,3.25969,4.7055,6.31923,8.0824,9.97858,11.9925,14.1097,16.3165,18.6005,20.9504,23.3562,30.8374,44.057,58.6558,75.2386,92.8343,108.628
new,Mix6,2,6.06887,1.89504,2.92917,4.06446,5.28451,6.57754,7.93388,9.34517,10.804,12.3037,13.8384,15.403,16.9932,21.8858,30.3883,39.4874,49.412,59.8036,69.6141
new,Mix6,2.51,6.06286,1.81374,2.7055,3.65195,4.64315,5.67225,6.73393,7.82379,8.93811,10.0737,11.228,12.3987,13.5841,17.2179,23.5337,30.2764,37.4731,44.7965,51.7307
new,Mix6,3,6.05876,1.74985,2.5357,3.3456,4.17449,5.01901,5.8766,6.74525,7.62329,8.50936,9.40236,10.3014,11.2059,13.9481,18.6193,23.4474,28.3942,33.2961,37.9858
new,Mix6,4,6.05401,1.65172,2.2962,2.93661,3.57424,4.20993,4.84428,5.47775,6.11072,6.74348,7.37628,8.00933,8.64278,10.5468,13.7352,16.9373,20.132,23.2813,26.3352
new,Mix6,5,6.05256,1.57426,2.11991,2.6493,3.16739,3.67723,4.18101,4.68035,5.1765,5.67045,6.16299,6.65471,7.14607,8.62033,11.0747,13.4859,15.8067,18.0645,20.3687
new,Mix6,6,6.05085,1.52456,2.00935,2.47211,2.91978,3.35662,3.78556,4.20879,4.62795,5.04437,5.45905,5.87279,6.28618,7.52765,9.59974,11.6346,13.5871,15.5024,17.5148
new,Mix6,7,6.04906,1.47878,1.913,2.32292,2.71636,3.09802,3.47111,3.83797,4.20038,4.55971,4.917,5.27307,5.6285,6.69424,8.46385,10.1673,11.7131,13.0843,14.3915
new,Mix6,8,6.04739,1.43913,1.83077,2.19682,2.54565,2.88221,3.20988,3.53107,3.84761,4.1609,4.47203,4.78181,5.09086,6.01713,7.55542,9.03115,10.3382,11.414,12.3227
new,Mix6,9,6.04761,1.4039,1.76178,2.09504,2.41179,2.71682,3.01337,3.30377,3.58975,3.87262,4.15338,4.43277,4.71133,5.54459,6.91738,8.21462,9.37575,10.44,11.543
new,Mix6,10,6.04457,1.37242,1.70048,2.00491,2.29356,2.57106,2.8405,3.1041,3.36348,3.61988,3.8742,4.12712,4.37906,5.13081,6.35962,7.52237,8.63692,9.81816,11.1916
new,Mix6,11,6.04486,1.3497,1.65669,1.94099,2.21015,2.46861,2.71934,2.96446,3.20555,3.4438,3.6801,3.91509,4.14924,4.84866,5.99629,7.08217,8.09826,9.13298,10.3112
new,Mix6,12,6.04409,1.32896,1.61685,1.88296,2.13453,2.37584,2.60975,2.83828,3.06296,3.28493,3.50504,3.72395,3.94212,4.59442,5.66871,6.68824,7.62762,8.54925,9.57059
new,Mix6,13,6.04336,1.30989,1.5803,1.82981,2.06539,2.29114,2.50979,2.7233,2.93312,3.14035,3.34583,3.55018,3.75387,4.36339,5.37073,6.33105,7.20813,8.04123,8.93599
new,Mix6,14,6.04349,1.29222,1.54653,1.78081,2.00174,2.21325,2.41797,2.61777,2.81404,3.00783,3.19996,3.39104,3.58153,4.15195,5.0977,6.00402,6.82848,7.59102,8.38319
new,Mix6,15,6.04401,1.27576,1.51517,1.73536,1.94278,2.14119,2.3331,2.52031,2.70414,2.88561,3.06549,3.2444,3.42276,3.95722,4.84592,5.7022,6.48061,7.18568,7.89417
new,Mix7,0.015,6.86350,1.25342,1.39084,1.48576,1.55864,1.61862,1.67045,1.71685,1.75946,1.79934,1.83714,1.87332,1.90814,2.00585,2.14631,2.25278,2.32761,2.39176,2.46932
new,Mix7,0.02,6.89457,1.57588,1.95272,2.24496,2.48843,2.70089,2.89254,3.0697,3.23654,3.39591,3.54978,3.69956,3.84622,4.27306,4.94662,5.54629,6.04222,6.47084,6.92978
new,Mix7,0.03,6.93429,2.67545,4.16665,5.5755,6.93931,8.28008,9.61281,10.9486,12.296,13.6621,15.0526,16.472,17.9244,22.5052,30.9229,40.0619,49.339,58.5616,68.5473
new,Mix7,0.04,6.96099,3.99267,7.72421,12.0888,17.0599,22.6251,28.7763,35.5077,42.8138,50.69,59.1322,68.1374,77.7046,109.806,175.465,259.755,367.438,497.919,641.894
new,Mix7,0.05,6.97908,5.07136,11.276,19.6186,30.2593,43.3699,59.1138,77.6379,99.0704,123.521,151.083,181.839,215.866,338.457,621.008,1040.58,1668.47,2537.18,3550.23
new,Mix7,0.06,6.99318,5.52074,13.4027,25.0568,41.1163,62.2429,89.0869,122.265,162.347,209.849,265.233,328.92,401.304,674.789,1358.57,2483.2,4356.05,7167.53,10542.1
new,Mix7,0.08,7.00871,5.42595,14.25,28.629,50.0959,80.3364,121.116,174.224,241.419,324.395,424.761,544.044,683.722,1240.54,2764.82,5541.8,10579.9,18465.2,27760.6
new,Mix7,0.1,7.01799,5.19424,13.6713,27.7285,49.1219,79.8763,122.23,178.586,251.458,343.424,457.086,595.045,759.898,1442.37,3401.69,7006.28,13627.1,24902.3,40651.2
new,Mix7,0.15,7.03263,3.96676,10.237,20.9375,37.5693,61.8609,95.7143,141.151,200.256,275.126,367.83,480.382,614.737,1168.06,2737.1,5613.32,10924.4,19862.6,31748.5
new,Mix7,0.2,7.03779,3.39198,8.35869,16.6876,29.4108,47.6765,72.7009,105.723,147.965,200.596,264.713,341.329,431.388,791.4,1766.04,3483.15,6461.79,10870.8,15659.2
new,Mix7,0.3,7.04770,2.95732,6.64532,12.4018,20.6855,31.9801,46.7683,65.5117,88.6354,116.517,149.48,187.794,231.682,398.61,809.027,1448.23,2449.12,3868.4,5443.37
new,Mix7,0.356,7.05072,2.80183,6.06364,11.0005,17.9187,27.1314,38.9385,53.6135,71.3945,92.4784,117.02,145.133,176.899,294.67,571.968,985.195,1607.38,2457.27,3366.18
new,Mix7,0.4,7.05253,2.69602,5.68001,10.0971,16.1683,24.1136,34.1358,46.4105,61.081,78.255,98.0055,120.374,145.378,236.195,442.534,738.759,1170.18,1740.59,2329.57
new,Mix7,0.5,7.05499,2.53431,5.07208,8.66076,13.4072,19.4138,26.7678,35.5365,45.7651,57.4771,70.6758,85.3476,101.466,158.185,280.204,444.933,671.27,956.027,1239.42
new,Mix7,0.511,7.05505,2.51868,5.01711,8.536,13.1744,19.0268,26.1731,34.6737,44.568,55.8747,68.5935,82.708,98.1907,152.52,268.876,425.279,639.374,907.841,1174.35
new,Mix7,0.6,7.05634,2.40336,4.61907,7.64488,11.5297,16.3186,22.0451,28.7284,36.3728,44.9691,54.496,64.9233,76.215,114.915,194.619,297.62,433.869,599.416,759.13
new,Mix7,0.662,7.05974,2.34654,4.41818,7.19522,10.7064,14.9784,20.0284,25.8629,32.4768,39.8551,47.974,56.8038,66.3113,98.5826,164.098,247.602,356.59,487.451,613.06
new,Mix7,0.8,7.05734,2.23758,4.04458,6.37602,9.23086,12.6085,16.5035,20.9042,25.7931,31.1478,36.942,43.1473,49.7351,71.5394,114.023,165.91,230.939,306.061,375.958
new,Mix7,1,7.05831,2.12145,3.66547,5.57544,7.8339,10.4266,13.3381,16.5508,20.0453,23.8003,27.7941,32.005,36.4125,50.6442,77.3042,108.568,146.259,188.35,226.813
new,Mix7,1.173,6.59408,2.08478,3.5326,5.28574,7.3235,9.62946,12.1874,14.9804,17.9907,21.2001,24.5903,28.1439,31.8446,43.6991,65.6692,91.1897,121.785,156.166,188.489
new,Mix7,1.33,6.23435,2.05209,3.41543,5.0315,6.87686,8.93311,11.1831,13.6098,16.1966,18.9269,21.7849,24.756,27.827,37.5386,55.1968,75.3668,99.1365,125.291,149.408
new,Mix7,1.5,6.15559,2.00386,3.25371,4.69417,6.30146,8.05733,9.94563,11.9513,14.0601,16.2587,18.5347,20.8769,23.2756,30.7384,43.9301,58.4825,74.9973,92.56,108.424
new,Mix7,2,6.11867,1.89292,2.92401,4.05561,5.27141,6.55974,7.911,9.3169,10.7701,12.264,13.7928,15.3514,16.9355,21.8101,30.2826,39.3486,49.2328,59.5786,69.3489
new,Mix7,2.51,6.11291,1.81178,2.70124,3.64516,4.63366,5.65995,6.71874,7.80565,8.91699,10.0496,11.2008,12.3685,13.5508,17.1749,23.4705,30.1844,37.3471,44.6434,51.5644
new,Mix7,3,6.10985,1.748,2.53203,3.34018,4.1674,5.01034,5.86645,6.73372,7.61047,8.49535,9.38724,10.2853,11.1887,13.928,18.5924,23.4103,28.3485,33.2495,37.9454
new,Mix7,4,6.10544,1.65051,2.29391,2.93334,3.57011,4.20505,4.83875,5.47168,6.1042,6.73662,7.36918,8.00209,8.6355,10.5399,13.7306,16.9364,20.1347,23.2861,26.3402
new,Mix7,5,6.10421,1.57355,2.11856,2.64743,3.1651,3.67464,4.17822,4.67746,5.17363,5.66771,6.16047,6.65251,7.14429,8.62032,11.0787,13.494,15.8187,18.0821,20.3961
new,Mix7,6,6.10264,1.52412,2.00836,2.4706,2.91782,3.35429,3.78296,4.20601,4.62512,5.04159,5.45643,5.87043,6.28419,7.52722,9.60242,11.6389,13.5921,15.5127,17.5398
new,Mix7,7,6.10104,1.47806,1.91181,2.32143,2.7147,3.09631,3.46945,3.83646,4.1991,4.55873,4.9164,5.27291,5.62884,6.69625,8.46834,10.1725,11.7199,13.1031,14.4413
new,Mix7,8,6.09936,1.43819,1.82938,2.19527,2.54411,2.88084,3.20877,3.53031,3.84728,4.16104,4.47268,4.78301,5.09262,6.02047,7.55998,9.03327,10.3361,11.4167,12.3525
new,Mix7,9,6.09981,1.4031,1.76063,2.09378,2.41057,2.71577,3.01259,3.30332,3.5897,3.87301,4.15426,4.43418,4.7133,5.54837,6.92443,8.22549,9.39336,10.4711,11.5954
new,Mix7,10,6.09680,1.37175,1.69954,2.00391,2.29264,2.57032,2.84002,3.10394,3.36371,3.62054,3.87535,4.1288,4.38134,5.13531,6.36964,7.53931,8.65761,9.8361,11.2017
new,Mix7,11,6.09695,1.34912,1.65585,1.94005,2.20922,2.46779,2.7187,2.96407,3.20547,3.44408,3.68078,3.91624,4.15091,4.85223,6.00444,7.09619,8.11663,9.15145,10.3261
new,Mix7,12,6.09640,1.32847,1.61609,1.88207,2.13361,2.37498,2.60901,2.83774,3.06267,3.28493,3.5054,3.72472,3.94335,4.59734,5.67558,6.70005,7.64367,8.56698,9.58767
new,Mix7,13,6.09585,1.30947,1.57962,1.82899,2.06451,2.29027,2.50901,2.72267,2.93269,3.14017,3.34596,3.55068,3.75478,4.36585,5.37669,6.34121,7.22207,8.05755,8.95361
new,Mix7,14,6.09620,1.29187,1.54594,1.78006,2.0009,2.2124,2.41717,2.61708,2.81352,3.00753,3.19994,3.39135,3.58222,4.15409,5.10304,6.01299,6.84066,7.60572,8.40037
new,Mix7,15,6.09620,1.27548,1.51466,1.7347,1.94202,2.1404,2.33233,2.51962,2.70359,2.88525,3.06538,3.24459,3.4233,3.95911,4.85076,5.71022,6.49128,7.19863,7.91013
new,Mix8,0.015,6.85461,1.2547,1.39295,1.4885,1.56189,1.6223,1.67451,1.72127,1.76421,1.8044,1.8425,1.87895,1.91405,2.01254,2.15418,2.26158,2.33712,2.40189,2.48017
new,Mix8,0.02,6.88257,1.57966,1.95986,2.25513,2.50138,2.71644,2.91054,3.09006,3.25918,3.42077,3.57684,3.72879,3.87761,4.31097,4.99566,5.60653,6.11287,6.55072,7.01879
new,Mix8,0.03,6.91690,2.68995,4.20154,5.63433,7.02488,8.39485,9.75906,11.1285,12.5118,13.916,15.3468,16.8089,18.3063,23.0374,31.7583,41.2657,50.9701,60.6888,71.2805
new,Mix8,0.04,6.93962,4.0189,7.80619,12.2557,17.3428,23.0568,29.3915,36.3427,43.9065,52.0798,60.8597,70.2448,80.2353,113.884,183.199,272.975,388.718,530.137,687.19
new,Mix8,0.05,6.95489,5.10891,11.4052,19.9069,30.7904,44.2448,60.4506,79.5721,101.754,127.122,155.786,187.841,223.381,351.933,650.326,1096.83,1769.97,2708.42,3811.29
new,Mix8,0.06,6.96689,5.56225,13.5554,25.4195,41.8247,63.4734,91.0604,125.249,166.657,215.847,273.329,339.571,415.011,701.144,1421.15,2612.7,4608.8,7626.82,11280.3
new,Mix8,0.08,6.98345,5.45247,14.3622,28.9222,50.7122,81.4739,123.037,177.259,245.974,330.951,433.876,556.352,699.931,1273.48,2848.38,5725.4,10960,19182.9,28915.5
new,Mix8,0.1,6.99523,5.21101,13.745,27.9256,49.5441,80.6688,123.59,180.77,254.787,348.29,463.954,604.456,772.471,1468.93,3472.16,7162.96,13951.2,25531.1,41736.4
new,Mix8,0.15,7.00942,3.96906,10.2637,21.0276,37.7835,62.2852,96.4622,142.364,202.105,277.808,371.563,485.403,621.299,1180.87,2766.65,5673.28,11043.6,20079.7,32069.3
new,Mix8,0.2,7.01324,3.39394,8.37848,16.7524,29.5615,47.9696,73.2089,106.535,149.183,202.337,267.103,344.503,435.486,799.154,1783.52,3518.55,6528.64,10975,15777.9
new,Mix8,0.3,7.02196,2.95984,6.65997,12.443,20.7731,32.1399,47.0316,65.9151,89.2201,117.327,150.564,189.2,233.459,401.791,815.545,1459.92,2469.3,3900.51,5486.37
new,Mix8,0.356,7.02451,2.80405,6.07584,11.0337,17.9875,27.2539,39.1363,53.911,71.8182,93.0564,117.781,146.106,178.112,296.764,576.051,992.242,1619.17,2475.52,3390.03
new,Mix8,0.4,7.02602,2.69803,5.69059,10.1252,16.2253,24.2134,34.2941,46.645,61.4101,78.6977,98.5809,121.101,146.273,237.689,445.307,743.352,1177.61,1751.74,2343.66
new,Mix8,0.5,7.02805,2.53611,5.08042,8.68152,13.4475,19.4817,26.8723,35.687,45.9712,57.7484,71.0214,85.776,101.985,159.014,281.654,447.211,674.791,961.162,1245.88
new,Mix8,0.511,7.02807,2.52042,5.0252,8.55611,13.2133,19.0924,26.2737,34.8182,44.7655,56.1341,68.9231,83.1158,98.6837,153.302,270.235,427.404,642.65,912.606,1180.3
new,Mix8,0.6,7.02916,2.40463,4.62533,7.66041,11.5594,16.3678,22.1192,28.8329,36.513,45.1498,54.7216,65.1974,76.5406,115.407,195.413,298.807,435.659,601.946,762.122
new,Mix8,0.662,7.03226,2.34794,4.42414,7.20924,10.7324,15.0206,20.0911,25.9504,32.5932,40.0043,48.1595,57.0286,66.5778,98.986,164.761,248.61,358.116,489.605,615.651
new,Mix8,0.8,7.02987,2.23921,4.04988,6.38707,9.24984,12.6377,16.545,20.9603,25.8658,31.2389,37.0531,43.2799,49.8903,71.7681,114.389,166.454,231.726,307.113,377.168
new,Mix8,1,7.03081,2.12218,3.66855,5.58238,7.84616,10.4455,13.365,16.5867,20.091,23.8566,27.8615,32.0837,36.5026,50.7682,77.4846,108.825,146.633,188.848,227.352
new,Mix8,1.173,6.58656,2.08521,3.53397,5.28847,7.32801,9.63614,12.1966,14.9924,18.0058,21.2185,24.6121,28.1693,31.8736,43.7393,65.7293,91.277,121.911,156.336,188.683
new,Mix8,1.33,6.25151,2.05119,3.41267,5.02611,6.86816,8.92049,11.166,13.588,16.1697,18.8947,21.7474,24.7132,27.7788,37.4749,55.1065,75.2373,98.9498,125.054,149.168
new,Mix8,1.5,6.17800,2.00284,3.25073,4.68854,6.29261,8.04485,9.92923,11.9308,14.0355,16.2299,18.5019,20.8403,23.2354,30.689,43.867,58.3967,74.8781,92.424,108.322
new,Mix8,2,6.14362,1.89186,2.92145,4.0512,5.26489,6.55088,7.89961,9.30283,10.7532,12.2442,13.7701,15.3257,16.9069,21.7725,30.23,39.2796,49.1436,59.4666,69.2168
new,Mix8,2.51,6.13798,1.81081,2.69911,3.64177,4.62893,5.65383,6.71118,7.79662,8.90647,10.0376,11.1873,12.3534,13.5342,17.1534,23.4392,30.1388,37.2847,44.5675,51.4818
new,Mix8,3,6.13544,1.74708,2.5302,3.33747,4.16387,5.00602,5.8614,6.72797,7.60409,8.48838,9.37972,10.2772,11.1802,13.918,18.5792,23.3921,28.3259,33.2262,37.9251
new,Mix8,4,6.13119,1.64991,2.29277,2.93172,3.56806,4.20262,4.83599,5.46865,6.10095,6.7332,7.36564,7.99848,8.63187,10.5365,13.7283,16.9358,20.1358,23.2882,26.3423
new,Mix8,5,6.13007,1.57319,2.11789,2.6465,3.16396,3.67335,4.17682,4.67602,5.1722,5.66634,6.15921,6.65142,7.1434,8.6203,11.0806,13.498,15.8245,18.0908,20.4098
new,Mix8,6,6.12856,1.5239,2.00788,2.46986,2.91685,3.35313,3.78166,4.20463,4.62371,5.0402,5.45512,5.86925,6.28318,7.52698,9.60366,11.6408,13.5942,15.5175,17.5521
new,Mix8,7,6.12706,1.47771,1.91123,2.32069,2.71388,3.09546,3.46862,3.8357,4.19846,4.55825,4.9161,5.27283,5.629,6.69723,8.47053,10.1751,11.7235,13.1132,14.4675
new,Mix8,8,6.12537,1.43772,1.82869,2.19449,2.54335,2.88015,3.20821,3.52993,3.8471,4.16111,4.473,4.78359,5.09348,6.02211,7.56222,9.0343,10.3353,11.4192,12.37
new,Mix8,9,6.12593,1.4027,1.76006,2.09315,2.40996,2.71525,3.01219,3.3031,3.58967,3.8732,4.1547,4.43488,4.71428,5.55025,6.92794,8.23093,9.40226,10.4868,11.622
new,Mix8,10,6.12294,1.37142,1.69907,2.00341,2.29218,2.56995,2.83978,3.10386,3.36381,3.62086,3.87591,4.12963,4.38246,5.13752,6.37457,7.54768,8.66792,9.84512,11.2068
new,Mix8,11,6.12301,1.34884,1.65542,1.93957,2.20876,2.46738,2.71838,2.96388,3.20543,3.44421,3.68112,3.91681,4.15173,4.854,6.00847,7.10315,8.1258,9.16071,10.3335
new,Mix8,12,6.12256,1.32822,1.61571,1.88162,2.13316,2.37455,2.60865,2.83747,3.06252,3.28494,3.50558,3.7251,3.94395,4.59879,5.67899,6.70594,7.65169,8.57586,9.59623
new,Mix8,13,6.12211,1.30926,1.57929,1.82858,2.06407,2.28984,2.50862,2.72235,2.93247,3.14008,3.34602,3.55092,3.75523,4.36707,5.37966,6.34628,7.22903,8.0657,8.96243
new,Mix8,14,6.12255,1.29169,1.54565,1.77968,2.00049,2.21198,2.41677,2.61674,2.81326,3.00738,3.19993,3.39151,3.58257,4.15515,5.10569,6.01746,6.84674,7.61306,8.40895
new,Mix8,15,6.12230,1.27535,1.51441,1.73437,1.94165,2.14,2.33195,2.51928,2.70331,2.88507,3.06533,3.24468,3.42357,3.96004,4.85317,5.71421,6.49659,7.20508,7.91808
new,Mix9,0.015,6.84566,1.25598,1.39507,1.49125,1.56516,1.62601,1.67862,1.72573,1.76901,1.8095,1.8479,1.88465,1.92003,2.01931,2.16213,2.27049,2.34674,2.41213,2.49115
new,Mix9,0.02,6.87049,1.58346,1.96707,2.26542,2.51449,2.73219,2.92879,3.11069,3.28213,3.44599,3.60429,3.75845,3.90948,4.34947,5.04551,5.66782,6.18483,6.63215,7.10957
new,Mix9,0.03,6.89943,2.70456,4.23681,5.69394,7.11175,8.51152,9.90791,11.3119,12.732,14.1752,15.6474,17.1534,18.6971,23.5827,32.6163,42.5047,52.6534,62.8909,74.1195
new,Mix9,0.04,6.91816,4.04532,7.88907,12.4251,17.6305,23.4967,30.0197,37.1968,45.0261,53.5058,62.6349,72.4131,82.8423,118.099,191.232,286.774,411.05,564.128,735.187
new,Mix9,0.05,6.93063,5.1467,11.5358,20.1992,31.3304,45.1364,61.8161,81.5516,104.506,130.821,160.624,194.026,231.135,365.894,680.863,1155.71,1876.77,2889.5,4088.63
new,Mix9,0.06,6.94054,5.60402,13.7096,25.7872,42.5446,64.727,93.0754,128.302,171.074,222.005,281.656,350.543,429.153,728.444,1486.32,2748.16,4874.33,8111.58,12063.1
new,Mix9,0.08,6.95413,5.48885,14.5095,29.3015,51.5072,82.944,125.531,181.225,251.967,339.642,446.052,572.92,721.917,1319.12,2967.39,5991.15,11518,20260.6,30705.5
new,Mix9,0.1,6.96389,5.23088,13.8522,28.2385,50.25,82.0427,126.012,184.743,260.952,357.438,477.04,622.607,796.992,1522.32,3620.55,7509.15,14700.1,27030.3,44367.9
new,Mix9,0.15,6.97934,3.97788,10.3164,21.1872,38.1505,63.0066,97.74,144.463,205.355,282.611,378.393,494.806,633.892,1207.44,2836.46,5828.89,11369.1,20705.6,33099.7
new,Mix9,0.2,6.98309,3.40057,8.41446,16.8566,29.7937,48.4144,73.9788,107.772,151.062,205.061,270.904,349.641,442.244,812.689,1816.26,3586.36,6662.19,11217.9,16152.8
new,Mix9,0.3,6.99428,2.96298,6.67743,12.4917,20.8767,32.3291,47.3444,66.3964,89.9209,118.304,151.876,190.911,235.634,405.757,823.922,1475.33,2496.44,3944.9,5548.57
new,Mix9,0.356,6.99739,2.80652,6.08917,11.0698,18.0623,27.3875,39.3522,54.2362,72.2822,93.6906,118.618,147.178,179.453,299.097,580.663,1000.29,1632.73,2496.64,3417.92
new,Mix9,0.4,6.99920,2.70011,5.70151,10.1541,16.2841,24.3164,34.4577,46.8873,61.7504,79.1559,99.1767,121.853,147.201,239.241,448.194,748.144,1185.36,1763.36,2358.32
new,Mix9,0.5,7.00108,2.53793,5.08881,8.7024,13.488,19.5501,26.9775,35.8385,46.1788,58.0215,71.3692,86.2069,102.507,159.847,283.106,449.488,678.303,966.275,1252.28
new,Mix9,0.511,7.00107,2.52218,5.03333,8.57635,13.2525,19.1583,26.3749,34.9637,44.9643,56.3951,69.2548,83.526,99.1793,154.089,271.595,429.527,645.918,917.349,1186.21
new,Mix9,0.6,7.00194,2.40591,4.63162,7.67604,11.5892,16.4172,22.1937,28.938,36.654,45.3316,54.9484,65.4729,76.8676,115.9,196.206,299.991,437.441,604.46,765.083
new,Mix9,0.662,7.00475,2.34936,4.43013,7.22334,10.7586,15.063,20.1542,26.0384,32.7104,40.1544,48.3461,57.2546,66.8458,99.3911,165.425,249.62,359.642,491.758,618.231
new,Mix9,0.8,7.00237,2.24086,4.05521,6.39818,9.26893,12.667,16.5868,21.0167,25.9389,31.3305,37.1649,43.4133,50.0465,71.9981,114.758,167.001,232.516,308.168,378.38
new,Mix9,1,7.00328,2.12291,3.67165,5.58936,7.85849,10.4646,13.392,16.6228,20.1371,23.9133,27.9292,32.1628,36.5932,50.8926,77.6653,109.083,147.008,189.345,227.889
new,Mix9,1.173,6.57903,2.08565,3.53533,5.29121,7.33254,9.64285,12.2058,15.0045,18.021,21.2369,24.634,28.1947,31.9027,43.7796,65.7896,91.3645,122.039,156.506,188.877
new,Mix9,1.33,6.26869,2.05028,3.40992,5.02074,6.85947,8.9079,11.1491,13.5662,16.1428,18.8626,21.71,24.6704,27.7307,37.4113,55.0162,75.1081,98.7636,124.817,148.929
new,Mix9,1.5,6.20044,2.00183,3.24776,4.68292,6.28379,8.03241,9.91287,11.9104,14.0109,16.2012,18.4692,20.8038,23.1954,30.6397,43.804,58.3115,74.7599,92.2888,108.219
new,Mix9,2,6.16860,1.89081,2.91889,4.04681,5.2584,6.54205,7.88827,9.28882,10.7364,12.2246,13.7475,15.3002,16.8783,21.7349,30.1775,39.2107,49.0546,59.3548,69.085
new,Mix9,2.51,6.16309,1.80984,2.697,3.6384,4.62422,5.64773,6.70364,7.78762,8.89599,10.0256,11.1738,12.3384,13.5177,17.1321,23.408,30.0935,37.2227,44.492,51.3994
new,Mix9,3,6.16106,1.74616,2.52838,3.33478,4.16034,5.00171,5.85636,6.72225,7.59772,8.48142,9.37221,10.2692,11.1717,13.908,18.566,23.374,28.3034,33.2031,37.9048
new,Mix9,4,6.15698,1.64931,2.29163,2.93009,3.56601,4.20019,4.83325,5.46563,6.09771,6.72979,7.36211,7.99487,8.62824,10.5331,13.726,16.9352,20.1368,23.29,26.3441
new,Mix9,5,6.15596,1.57284,2.11723,2.64558,3.16283,3.67206,4.17544,4.67459,5.17077,5.66497,6.15795,6.65032,7.14251,8.62028,11.0826,13.5019,15.8303,18.0994,20.4234
new,Mix9,6,6.15451,1.52368,2.00739,2.46911,2.91588,3.35197,3.78037,4.20325,4.6223,5.03881,5.45381,5.86807,6.28217,7.52672,9.60484,11.6426,13.5962,15.5222,17.5643
new,Mix9,7,6.15310,1.47736,1.91064,2.31995,2.71305,3.09461,3.4678,3.83495,4.19782,4.55776,4.9158,5.27274,5.62916,6.6982,8.47268,10.1776,11.7271,13.1237,14.4947
new,Mix9,8,6.15140,1.43725,1.82801,2.19372,2.54258,2.87946,3.20765,3.52954,3.84693,4.16116,4.47331,4.78417,5.09433,6.02374,7.56442,9.03533,10.3348,11.4227,12.3894
new,Mix9,9,6.15206,1.4023,1.75949,2.09252,2.40936,2.71472,3.0118,3.30286,3.58963,3.87339,4.15512,4.43557,4.71524,5.55211,6.93143,8.23638,9.41121,10.5027,11.6488
new,Mix9,10,6.14908,1.37109,1.69861,2.00292,2.29172,2.56958,2.83954,3.10377,3.36391,3.62117,3.87646,4.13044,4.38357,5.13971,6.37945,7.55598,8.6782,9.85417,11.212
new,Mix9,11,6.14909,1.34855,1.655,1.9391,2.2083,2.46697,2.71806,2.96368,3.20538,3.44434,3.68145,3.91737,4.15254,4.85575,6.01248,7.11007,8.13495,9.16999,10.341
new,Mix9,12,6.14873,1.32798,1.61534,1.88118,2.1327,2.37413,2.60828,2.8372,3.06237,3.28494,3.50576,3.72548,3.94456,4.60024,5.68239,6.7118,7.65969,8.58474,9.6048
new,Mix9,13,6.14837,1.30905,1.57895,1.82817,2.06363,2.28941,2.50823,2.72203,2.93225,3.13999,3.34609,3.55117,3.75568,4.36829,5.38262,6.35134,7.23598,8.07386,8.97125
new,Mix9,14,6.14891,1.29152,1.54535,1.77931,2.00007,2.21156,2.41638,2.61639,2.813,3.00724,3.19992,3.39166,3.58291,4.1562,5.10834,6.02192,6.85281,7.62038,8.41751
new,Mix9,15,6.14840,1.27521,1.51416,1.73404,1.94127,2.13961,2.33157,2.51893,2.70304,2.88489,3.06527,3.24477,3.42384,3.96098,4.85557,5.71818,6.50188,7.2115,7.926
new,Mix10,0.015,6.82757,1.25859,1.39938,1.49685,1.57181,1.63356,1.68696,1.7348,1.77875,1.81988,1.85889,1.89622,1.93217,2.03307,2.17831,2.28862,2.36633,2.433,2.51351
new,Mix10,0.02,6.84607,1.59118,1.98171,2.28634,2.54119,2.76429,2.96601,3.15282,3.32902,3.49753,3.66041,3.81911,3.97467,4.42831,5.14771,5.79367,6.33277,6.79977,7.2966
new,Mix10,0.03,6.86418,2.73412,4.30855,5.81559,7.28946,8.75073,10.2137,11.689,13.1854,14.7098,16.2682,17.8654,19.5056,24.7137,34.4017,45.091,56.1808,67.5274,80.1259
new,Mix10,0.04,6.87502,4.09869,8.05763,12.771,18.2204,24.4018,31.3157,38.9637,47.3477,56.4697,66.3319,76.9377,88.2923,126.953,208.225,316.172,458.994,637.659,839.66
new,Mix10,0.05,6.88191,5.22299,11.8012,20.7961,32.4376,46.9712,64.635,85.6506,110.219,138.522,170.719,206.96,247.386,395.319,745.745,1281.71,2106.97,3282.75,4694.98
new,Mix10,0.06,6.88766,5.68832,14.0228,26.5375,44.0199,67.3052,97.2331,134.62,180.242,234.821,299.028,373.486,458.789,785.99,1624.79,3037.83,5445.65,9161.75,13771
new,Mix10,0.08,6.89533,5.56227,14.8083,30.0749,53.1341,85.9632,130.668,189.417,264.382,357.69,471.397,607.483,767.88,1415.06,3219.29,6556.34,12709.7,22575.9,34579.3
new,Mix10,0.1,6.90104,5.271,14.0696,28.8755,51.6923,84.858,130.989,192.928,273.681,376.369,504.174,660.309,848.007,1633.86,3932.25,8239.74,16287.8,30223.7,49993.8
new,Mix10,0.15,6.90971,4.00461,10.4591,21.6072,39.1083,64.8889,101.086,149.987,213.969,295.435,396.771,520.307,668.316,1281.8,3038.34,6288.48,12341.3,22595.5,36266.6
new,Mix10,0.2,6.90966,3.42492,8.52533,17.1607,30.4574,49.6777,76.1679,111.309,156.472,212.975,282.06,364.876,462.496,854.465,1920.68,3804.63,7098.68,12056.8,17562.6
new,Mix10,0.3,6.91665,2.97638,6.74455,12.6752,21.2665,33.0455,48.54,68.2566,92.6632,122.176,157.153,197.891,244.637,422.906,862.713,1550.51,2634.25,4181.72,5906.36
new,Mix10,0.356,6.91819,2.81833,6.14618,11.221,18.375,27.9484,40.2677,55.6314,74.2998,96.4883,122.366,152.058,185.652,310.444,605.042,1045.72,1712.36,2624.82,3596.37
new,Mix10,0.4,6.91901,2.7108,5.75175,10.2845,16.5483,24.7818,35.2045,48.0073,63.3458,81.3368,102.059,125.558,151.849,247.469,465.087,778.478,1236.34,1840.6,2457.6
new,Mix10,0.5,6.92010,2.54686,5.12772,8.79855,13.6755,19.8698,27.476,36.5672,47.193,59.3792,73.1296,88.4298,105.252,164.506,292.171,465.171,704.458,1007.39,1309.52
new,Mix10,0.511,6.91999,2.53128,5.07186,8.67042,13.4346,19.4671,26.8543,35.662,45.9335,57.6892,70.9291,85.636,101.78,158.486,280.103,444.159,670.103,954.904,1237.79
new,Mix10,0.6,6.92063,2.41613,4.66718,7.75479,11.7322,16.6483,22.5392,29.4257,37.3128,46.1907,56.0368,66.8189,78.4985,118.537,200.995,307.67,448.924,619.938,782.941
new,Mix10,0.662,6.92372,2.35773,4.45994,7.28942,10.8779,15.2541,20.4369,26.4332,33.2379,40.8348,49.1988,58.298,68.097,101.356,168.853,254.99,367.634,502.622,630.941
new,Mix10,0.8,6.92051,2.24626,4.07614,6.44516,9.35309,12.7997,16.7795,21.28,26.2829,31.7642,37.696,44.0482,50.7904,73.0901,116.489,169.568,236.322,313.485,384.818
new,Mix10,1,6.92165,2.12804,3.6883,5.62363,7.91645,10.5522,13.5148,16.7861,20.3455,24.1709,28.2395,32.5286,37.0166,51.4984,78.6053,110.456,149,192.07,231.179
new,Mix10,1.173,6.56394,2.08652,3.53808,5.29671,7.34163,9.6563,12.2244,15.0287,18.0514,21.2739,24.678,28.2458,31.9611,43.8604,65.9107,91.5402,122.294,156.848,189.267
new,Mix10,1.33,6.30311,2.04848,3.40443,5.01001,6.84215,8.8828,11.1152,13.5228,16.0893,18.7986,21.6353,24.585,27.6347,37.2844,54.8362,74.8508,98.3931,124.346,148.45
new,Mix10,1.5,6.24541,1.99982,3.24185,4.67172,6.26623,8.00764,9.8803,11.8696,13.9619,16.144,18.404,20.7311,23.1155,30.5415,43.6789,58.1427,74.5263,92.0207,108.015
new,Mix10,2,6.21866,1.88871,2.9138,4.03807,5.24547,6.52448,7.86569,9.26094,10.703,12.1854,13.7025,15.2493,16.8215,21.6603,30.0731,39.0735,48.8773,59.1321,68.8224
new,Mix10,2.51,6.21339,1.80791,2.69278,3.63168,4.61485,5.63558,6.68864,7.76971,8.87513,10.0018,11.147,12.3086,13.4848,17.0896,23.346,30.0039,37.0999,44.3421,51.2358
new,Mix10,3,6.21239,1.74433,2.52475,3.32942,4.15333,4.99313,5.84631,6.71083,7.58504,8.46756,9.35725,10.2532,11.1547,13.8882,18.54,23.3384,28.2591,33.157,37.8643
new,Mix10,4,6.20863,1.64812,2.28936,2.92687,3.56192,4.19536,4.82777,5.45961,6.09125,6.72299,7.35507,7.98769,8.621,10.5262,13.7213,16.9337,20.1383,23.2929,26.3468
new,Mix10,5,6.20781,1.57213,2.1159,2.64373,3.16057,3.66949,4.17267,4.67173,5.16793,5.66224,6.15545,6.64813,7.14073,8.62022,11.0864,13.5097,15.8418,18.1164,20.4503
new,Mix10,6,6.20648,1.52324,2.00642,2.46763,2.91394,3.34967,3.77779,4.2005,4.61949,5.03604,5.45119,5.8657,6.28014,7.52615,9.60699,11.6457,13.5996,15.531,17.5884
new,Mix10,7,6.20525,1.47666,1.90947,2.31848,2.71142,3.09291,3.46615,3.83345,4.19654,4.55678,4.91519,5.27256,5.62946,6.70011,8.4769,10.1825,11.7347,13.1461,14.5517
new,Mix10,8,6.20351,1.43632,1.82664,2.19218,2.54105,2.87808,3.20653,3.52877,3.84656,4.16126,4.47391,4.7853,5.096,6.02695,7.56875,9.03742,10.3346,11.4326,12.4339
new,Mix10,9,6.20438,1.40151,1.75835,2.09127,2.40815,2.71368,3.011,3.3024,3.58955,3.87374,4.15596,4.43692,4.71714,5.5558,6.93838,8.24728,9.42931,10.5349,11.703
new,Mix10,10,6.20141,1.37043,1.69768,2.00193,2.29081,2.56884,2.83904,3.1036,3.36411,3.62178,3.87754,4.13205,4.38575,5.14402,6.38905,7.57239,8.69867,9.87236,11.2225
new,Mix10,11,6.20126,1.34798,1.65417,1.93817,2.20737,2.46615,2.71743,2.96329,3.20529,3.4446,3.68211,3.91847,4.15415,4.85922,6.02041,7.12381,8.15319,9.18858,10.3561
new,Mix10,12,6.20110,1.32749,1.61459,1.8803,2.13179,2.37327,2.60755,2.83666,3.06207,3.28493,3.5061,3.72622,3.94575,4.6031,5.68915,6.72349,7.67568,8.60253,9.622
new,Mix10,13,6.20091,1.30864,1.57829,1.82736,2.06276,2.28856,2.50745,2.72139,2.93182,3.13981,3.34621,3.55165,3.75658,4.37071,5.38852,6.36143,7.24988,8.09018,8.98889
new,Mix10,14,6.20165,1.29118,1.54477,1.77857,1.99925,2.21072,2.41559,2.61571,2.81248,3.00694,3.1999,3.39196,3.58359,4.15831,5.11362,6.03082,6.86493,7.63501,8.43461
new,Mix10,15,6.20060,1.27493,1.51367,1.73339,1.94052,2.13883,2.33081,2.51825,2.70249,2.88454,3.06516,3.24496,3.42437,3.96283,4.86035,5.72609,6.5124,7.22427,7.94177
old,Mix1,0.015,6.62076,1.28892,1.44981,1.56273,1.65038,1.72304,1.78615,1.84285,1.89505,1.94398,1.99045,2.03497,2.07789,2.1987,2.37379,2.50838,2.60448,2.68724,2.78655
old,Mix1,0.02,6.63450,1.6592,2.11274,2.4754,2.78425,3.05822,3.30842,3.54195,3.76358,3.97663,4.1835,4.38589,4.58504,5.17046,6.11721,6.99686,7.75982,8.42968,9.12487
old,Mix1,0.03,6.64099,2.92498,4.7828,6.63256,8.49768,10.3934,12.3312,14.3204,16.3692,18.4846,20.673,22.9401,25.2909,32.8857,47.4595,64.2432,82.7437,103.169,127.194
old,Mix1,0.04,6.64474,4.38932,9.00018,14.7419,21.6331,29.7079,39.0035,49.5557,61.3982,74.5628,89.0797,104.98,122.296,183.16,318.709,511.915,786.965,1154.28,1588.66
old,Mix1,0.05,6.64820,5.59662,13.1338,23.8489,38.1879,56.6297,79.6558,107.736,141.321,180.837,226.687,279.255,338.917,564.43,1128.97,2044.01,3534.06,5782.51,8637.33
old,Mix1,0.06,6.65184,6.07229,15.4824,30.0948,51.1163,79.8687,117.734,166.114,226.401,299.956,388.091,492.08,613.167,1091.94,2381.05,4653.33,8695.53,15270.7,23946.2
old,Mix1,0.08,6.65745,5.86587,16.0683,33.3841,60.184,99.1947,153.417,226.044,320.383,439.784,587.587,767.098,981.603,1869.3,4438.87,9332.08,18635.5,34296.1,54652
old,Mix1,0.1,6.66184,5.42706,14.9286,31.4229,57.5218,96.346,151.473,226.874,326.849,455.943,618.884,820.525,1065.83,2115.72,5297.7,11476.7,23405.5,44703.5,75711.1
old,Mix1,0.15,6.66842,4.09938,10.9715,23.1307,42.6127,71.8284,113.505,170.616,246.308,343.817,466.406,617.308,799.715,1567.99,3821.83,8080.67,16145.3,30002.7,48663
old,Mix1,0.2,6.66901,3.50655,8.90165,18.2021,32.7475,54.0657,83.8167,123.734,175.57,241.037,321.773,419.313,535.091,1005.37,2299.79,4593.4,8664.22,15084.3,22773.7
old,Mix1,0.3,6.67449,3.01915,6.96077,13.2702,22.5368,35.3902,52.4672,74.3852,101.72,134.989,174.639,221.047,274.523,479.852,990.99,1797.64,3085.79,4958.53,7082.58
old,Mix1,0.356,6.67569,2.85537,6.32636,11.7017,19.3735,29.7459,43.21,60.1263,80.8114,105.53,134.491,167.851,205.722,347.145,683.549,1191.38,1966.88,3032.33,4157.33
old,Mix1,0.4,6.67636,2.74391,5.90861,10.6935,17.3809,26.2526,37.5703,51.5625,68.4164,88.2744,111.233,137.348,166.643,273.604,518.478,873.976,1396.04,2079.46,2757.14
old,Mix1,0.5,6.67730,2.57443,5.24852,9.09844,14.2626,20.8732,29.0437,38.8629,50.3921,63.6649,78.6892,95.451,113.921,179.198,320.616,514.213,786.309,1136.51,1489.59
old,Mix1,0.511,6.67720,2.55935,5.1914,8.96351,14.004,20.4349,28.36,37.8593,48.9866,61.7694,76.211,92.2943,109.988,172.343,306.805,489.95,745.827,1072.73,1399.57
old,Mix1,0.6,6.67781,2.44788,4.77784,8.00056,12.1796,17.3728,23.6239,30.9591,39.3867,48.898,59.4695,71.0666,83.6473,126.866,216.113,331.865,484.906,667.855,837.101
old,Mix1,0.662,6.68028,2.38431,4.55448,7.49927,11.2572,15.8625,21.3382,27.6931,34.9225,43.0088,51.9243,61.6332,72.0959,107.628,179.767,272.025,392.839,536.492,669.778
old,Mix1,0.8,6.67781,2.2627,4.14042,6.59002,9.61318,13.2105,17.3758,22.0951,27.3472,33.1045,39.3349,46.0042,53.0776,76.4223,121.698,177.213,247.605,329.158,403.525
old,Mix1,1,6.67852,2.14404,3.74024,5.73052,8.09729,10.8255,13.8983,17.2959,20.9961,24.9749,29.2073,33.6687,38.3358,53.381,81.5138,114.693,155.138,200.455,241.258
old,Mix1,1.173,6.33924,2.0998,3.57986,5.38052,7.48024,9.86156,12.5069,15.3979,18.5149,21.838,25.3473,29.0237,32.8497,45.0869,67.7432,94.2044,126.171,162.018,195.106
old,Mix1,1.33,6.09267,2.05965,3.43853,5.07668,6.94989,9.03894,11.3258,13.7927,16.422,19.1963,22.0991,25.115,28.2303,38.0707,55.9529,76.4558,100.711,127.28,151.39
old,Mix1,1.5,6.03760,2.00926,3.26959,4.72425,6.34867,8.12392,10.0332,12.0607,14.1916,16.4122,18.7094,21.0718,23.4894,31.0011,44.2677,58.9461,75.6437,93.2919,108.962
old,Mix1,2,6.01050,1.89755,2.93527,4.07494,5.30003,6.59863,7.96099,9.37865,10.8441,12.3507,13.8924,15.4641,17.0614,21.9754,30.5134,39.6515,49.6239,60.0696,69.9275
old,Mix1,2.51,6.00690,1.81594,2.71032,3.65963,4.65386,5.68613,6.75107,7.84425,8.96195,10.101,11.2587,12.4329,13.6218,17.2667,23.6054,30.381,37.6163,44.97,51.9188
old,Mix1,3,6.00348,1.75187,2.53971,3.35152,4.18224,5.02847,5.88768,6.75783,7.63726,8.52464,9.41886,10.3191,11.2246,13.9702,18.649,23.4885,28.4446,33.3471,38.0296
old,Mix1,4,5.99959,1.65301,2.29865,2.9401,3.57865,4.21515,4.85019,5.48425,6.11768,6.7508,7.38386,8.01706,8.65057,10.5541,13.7401,16.9383,20.1289,23.2754,26.3287
old,Mix1,5,5.99861,1.57503,2.12134,2.6513,3.16983,3.68,4.184,4.68344,5.17958,5.67342,6.16573,6.65713,7.14805,8.62051,11.0707,13.4776,15.7945,18.0466,20.3407
old,Mix1,6,5.99717,1.52504,2.0104,2.4737,2.92184,3.35906,3.78829,4.21168,4.63091,5.04727,5.46178,5.87524,6.28825,7.52805,9.59674,11.6295,13.5808,15.4908,17.4885
old,Mix1,7,5.99542,1.4795,1.91421,2.32446,2.71809,3.09982,3.47288,3.83962,4.20181,4.56084,4.91777,5.2734,5.62835,6.69241,8.45934,10.1617,11.7062,13.0675,14.348
old,Mix1,8,5.99376,1.44004,1.83212,2.19837,2.54722,2.88366,3.2111,3.53198,3.84815,4.161,4.47165,4.78091,5.08943,6.01411,7.55079,9.02809,10.3389,11.4123,12.3004
old,Mix1,9,5.99418,1.40468,1.76293,2.09632,2.41305,2.71794,3.01427,3.30437,3.58998,3.87243,4.15272,4.43161,4.70964,5.54113,6.9107,8.20435,9.3596,10.4124,11.497
old,Mix1,10,5.99098,1.37308,1.70143,2.00596,2.29459,2.57195,2.84118,3.1045,3.36355,3.61956,3.87344,4.12586,4.37725,5.12698,6.35093,7.50792,8.61945,9.80271,11.1818
old,Mix1,11,5.99147,1.35028,1.65756,1.94199,2.21116,2.46953,2.72011,2.96501,3.20583,3.44374,3.67965,3.91421,4.14787,4.84551,5.98895,7.06972,8.08217,9.1168,10.2978
old,Mix1,12,5.99068,1.32947,1.61764,1.88389,2.13551,2.37679,2.61059,2.83895,3.0634,3.28508,3.50486,3.72338,3.94111,4.5918,5.66242,6.67752,7.6133,8.53362,9.55557
old,Mix1,13,5.99004,1.31033,1.58101,1.83068,2.06634,2.29208,2.51066,2.72403,2.93366,3.14064,3.34582,3.54982,3.75311,4.36113,5.36514,6.32155,7.19528,8.02651,8.92051
old,Mix1,14,5.99020,1.29259,1.54717,1.78161,2.00262,2.21415,2.41882,2.61852,2.81462,3.00819,3.20005,3.39081,3.58092,4.14994,5.09255,5.99531,6.81669,7.57715,8.36772
old,Mix1,15,5.99088,1.27608,1.51572,1.73609,1.9436,2.14205,2.33393,2.52104,2.70473,2.886,3.06564,3.24424,3.42225,3.95537,4.84109,5.69406,6.46968,7.17267,7.87905
old,Mix2,0.015,6.51588,1.30467,1.47627,1.59756,1.69214,1.7708,1.83927,1.90088,1.95766,2.01093,2.06154,2.11008,2.1569,2.28885,2.48074,2.62916,2.73586,2.82794,2.93807
old,Mix2,0.02,6.52961,1.69372,2.18057,2.57453,2.9129,3.21494,3.4921,3.75173,3.99885,4.23697,4.46864,4.69569,4.91949,5.57959,6.65597,7.67107,8.56727,9.36044,10.175
old,Mix2,0.03,6.53436,3.01843,5.02189,7.05227,9.1273,11.2592,13.4579,15.7316,18.0881,20.5341,23.0761,25.7201,28.4712,37.4125,54.7521,75.0417,97.9535,123.953,154.997
old,Mix2,0.04,6.53687,4.52893,9.46744,15.7402,23.3919,32.4827,43.0747,55.2271,68.995,84.4298,101.58,120.494,141.221,214.897,382.171,626.201,982.275,1467.98,2048.83
old,Mix2,0.05,6.53975,5.77448,13.7871,25.3771,41.1168,61.6237,87.5268,119.449,157.995,203.748,257.264,319.079,389.722,660.132,1351.18,2494.84,4395.04,7322.3,11110
old,Mix2,0.06,6.54297,6.25417,16.1924,31.8595,54.6952,86.297,128.36,182.633,250.877,334.841,436.236,556.74,698.01,1263.6,2816.43,5600.78,10633.8,18986.5,30270.6
old,Mix2,0.08,6.54818,6.00898,16.6756,35.0061,63.6889,105.857,165.002,244.893,349.484,482.831,649.024,852.156,1096.32,2117.75,5120.92,10904.6,22026.9,41111.7,66589.9
old,Mix2,0.1,6.55226,5.50044,15.3395,32.658,60.381,102.038,161.713,243.981,353.831,496.581,677.793,903.211,1178.73,2368.01,6019.98,13201.1,27226,52532.2,89663.2
old,Mix2,0.15,6.55825,4.1438,11.2153,23.8632,44.3133,75.2231,119.623,180.843,262.428,368.053,501.438,666.29,866.283,1714.04,4224.06,9002.36,18101.8,33806.2,54994.8
old,Mix2,0.2,6.55914,3.54481,9.08039,18.7016,33.8548,56.2028,87.5655,129.859,185.032,255.005,341.624,446.627,571.636,1081.91,2492.9,4992.44,9447.03,16601.3,25445.7
old,Mix2,0.3,6.56419,3.03915,7.06285,13.5531,23.144,36.516,54.3596,77.3471,106.108,141.207,183.136,232.308,289.061,507.523,1052.88,1915.75,3300.14,5326.74,7640.24
old,Mix2,0.356,6.56530,2.87268,6.41132,11.9297,19.8494,30.606,44.622,62.2882,83.9487,109.891,140.344,175.477,215.41,364.825,721.107,1260.59,2087.12,3223.21,4415.98
old,Mix2,0.4,6.56593,2.75938,5.9825,10.8873,17.7769,26.9546,38.7021,53.2661,70.8492,91.6051,115.638,143.009,173.742,286.106,543.836,919.064,1470.88,2189.46,2890.67
old,Mix2,0.5,6.56683,2.58731,5.30537,9.24023,14.5411,21.3506,29.7911,39.959,51.9211,65.7143,81.3481,98.8082,118.063,186.198,334.063,537.255,824.72,1197.23,1574.29
old,Mix2,0.511,6.56674,2.57246,5.24765,9.1021,14.2741,20.8954,29.0779,38.9086,50.4462,63.7211,78.738,95.4794,113.912,178.951,319.454,511.526,781.465,1128.22,1475.59
old,Mix2,0.6,6.56735,2.4627,4.82989,8.11667,12.3916,17.7171,24.1404,31.6903,40.3767,50.1914,61.1103,73.0975,86.1091,130.845,223.313,343.347,501.872,690.129,861.659
old,Mix2,0.662,6.56966,2.3967,4.59888,7.5982,11.4365,16.1508,21.7657,28.2912,35.7225,44.0414,53.2186,63.2163,73.9928,110.594,184.894,279.983,404.537,552.006,687.145
old,Mix2,0.8,6.56740,2.27038,4.17059,6.65818,9.73574,13.4042,17.657,22.4794,27.8485,33.7348,40.1044,46.9205,54.1464,77.9658,124.07,180.653,252.646,336.099,411.645
old,Mix2,1,6.56796,2.15152,3.76459,5.78077,8.18243,10.9543,14.079,17.5362,21.3028,25.3537,29.663,34.2051,38.9556,54.2621,82.8653,116.653,157.974,204.318,245.863
old,Mix2,1.173,6.22301,2.10686,3.60214,5.4253,7.5544,9.97144,12.6582,15.5955,18.763,22.1397,25.705,29.4389,33.3234,45.7386,68.7136,95.619,128.235,164.755,198.147
old,Mix2,1.33,5.97104,2.06641,3.45966,5.11859,7.01832,9.13899,11.4618,13.9683,16.6398,19.4584,22.4067,25.4687,28.6303,38.6088,56.7379,77.5995,102.38,129.467,153.769
old,Mix2,1.5,5.91403,2.01607,3.28983,4.76316,6.4108,8.21312,10.1526,12.213,14.3786,16.6351,18.969,21.3684,23.8229,31.4435,44.8986,59.8374,76.9256,95.023,111.014
old,Mix2,2,5.88737,1.90392,2.95061,4.101,5.33815,6.64984,8.02603,9.458,10.938,12.4592,14.0155,15.6015,17.2127,22.1656,30.7599,39.9582,50.0211,60.5984,70.5997
old,Mix2,2.51,5.88374,1.82089,2.72172,3.67838,4.68057,5.72119,6.79473,7.8966,9.02295,10.1705,11.3366,12.5188,13.7155,17.3816,23.7518,30.5647,37.8573,45.2847,52.2994
old,Mix2,3,5.88073,1.75563,2.54807,3.36488,4.20078,5.05227,5.91669,6.79192,7.67627,8.56832,9.46694,10.3713,11.2807,14.036,18.7281,23.5847,28.5662,33.4946,38.1897
old,Mix2,4,5.87702,1.65652,2.30514,2.94923,3.59018,4.22888,4.86596,5.50194,6.13719,6.77205,7.40679,8.04161,8.6767,10.5849,13.7783,16.9834,20.1792,23.3278,26.3798
old,Mix2,5,5.87641,1.57774,2.12628,2.65812,3.17827,3.68985,4.19504,4.6955,5.19251,5.68708,6.17999,6.67186,7.16317,8.63631,11.087,13.4954,15.8156,18.0712,20.3669
old,Mix2,6,5.87524,1.52684,2.01363,2.47806,2.92708,3.36496,3.79462,4.21826,4.63754,5.05377,5.46798,5.88098,6.29336,7.53046,9.59247,11.6172,13.5592,15.4557,17.4329
old,Mix2,7,5.87390,1.48076,1.9166,2.32782,2.72225,3.10463,3.47817,3.84523,4.20759,4.56662,4.9234,5.27873,5.63322,6.695,8.45548,10.1499,11.6903,13.0591,14.3624
old,Mix2,8,5.87241,1.44083,1.83377,2.20083,2.55039,2.88743,3.21534,3.53656,3.85293,4.16584,4.47638,4.78539,5.09348,6.01577,7.54428,9.00806,10.3049,11.377,12.2906
old,Mix2,9,5.87305,1.40564,1.76475,2.09886,2.41617,2.7215,3.01812,3.30838,3.59403,3.87638,4.15646,4.43501,4.71257,5.54206,6.90699,8.197,9.35465,10.4197,11.5251
old,Mix2,10,5.87047,1.3742,1.70342,2.00862,2.29773,2.57543,2.84484,3.10821,3.36719,3.62302,3.87664,4.12871,4.37971,5.12817,6.35141,7.51062,8.6228,9.79947,11.1641
old,Mix2,11,5.87102,1.35139,1.65948,1.94449,2.21405,2.47265,2.72331,2.96817,3.20882,3.44646,3.682,3.9161,4.14924,4.845,5.98563,7.0658,8.07902,9.11223,10.2876
old,Mix2,12,5.87023,1.33058,1.61951,1.88627,2.13821,2.37964,2.61344,2.84169,3.0659,3.28724,3.50657,3.72456,3.94167,4.59011,5.65644,6.66837,7.6034,8.52451,9.54679
old,Mix2,13,5.87010,1.31143,1.58283,1.83296,2.06887,2.2947,2.51324,2.72644,2.93578,3.14237,3.34706,3.55048,3.7531,4.35865,5.3574,6.30857,7.17942,8.01164,8.90953
old,Mix2,14,5.87007,1.29371,1.54896,1.78381,2.00504,2.21662,2.4212,2.62068,2.81647,3.00962,3.20096,3.39111,3.58052,4.14692,5.08365,5.97957,6.79587,7.55632,8.35248
old,Mix2,15,5.87056,1.2772,1.51749,1.73823,1.94593,2.14439,2.33616,2.52304,2.70638,2.88721,3.06632,3.24429,3.42159,3.95204,4.8315,5.67649,6.44503,7.14636,7.85866
old,Mix3,0.015,6.72236,1.27391,1.42475,1.52991,1.61117,1.67833,1.73653,1.78874,1.83677,1.88175,1.92443,1.96531,2.00469,2.11539,2.27529,2.39748,2.48415,2.55865,2.64833
old,Mix3,0.02,6.73698,1.62598,2.04833,2.38204,2.66384,2.91223,3.13799,3.34793,3.54658,3.73709,3.92167,4.10191,4.27895,4.79745,5.62842,6.38829,7.03542,7.59955,8.19171
old,Mix3,0.03,6.74696,2.83357,4.55329,6.23449,7.90592,9.58548,11.2861,13.0178,14.7892,16.6071,18.478,20.407,22.3988,28.7863,40.8818,54.5535,69.221,84.8876,102.895
old,Mix3,0.04,6.75290,4.25158,8.54832,13.7895,19.9735,27.1137,35.227,44.3309,54.4417,65.5749,77.7457,90.97,105.266,154.836,262.585,411.7,617.545,885.069,1195.95
old,Mix3,0.05,6.75737,5.42048,12.4988,22.383,35.4091,51.9365,72.321,96.9038,126.005,159.921,198.929,243.288,293.248,479.419,934.44,1653.86,2797.62,4481.59,6570.38
old,Mix3,0.06,6.76162,5.89187,14.7898,28.3948,47.7045,73.7965,107.778,150.753,203.798,267.943,344.168,433.407,536.565,938.953,1999.16,3831.52,7031.06,12117.7,18651.3
old,Mix3,0.08,6.76778,5.72374,15.4736,31.8126,56.8185,92.8489,142.461,208.336,293.213,399.823,530.856,688.941,876.673,1644.74,3830.92,7941.34,15653.9,28362.1,44404
old,Mix3,0.1,6.77252,5.35416,14.5248,30.2194,54.7558,90.8745,141.684,210.602,301.295,417.604,563.497,743.015,960.268,1881.22,4630.09,9888.33,19899.9,37546.2,62970
old,Mix3,0.15,6.77972,4.05525,10.7316,22.4145,40.9596,68.5452,107.613,160.807,230.899,320.721,433.11,570.859,736.713,1430.37,3444,7215.28,14307.2,26423,42678.9
old,Mix3,0.2,6.78001,3.46854,8.72555,17.713,31.6687,51.9933,80.1958,117.84,166.493,227.676,302.835,393.318,500.381,933.009,2117.68,4215.31,7916.46,13635.9,20258.3
old,Mix3,0.3,6.78591,2.99928,6.85996,12.9921,21.9418,34.2902,50.6222,71.5027,97.4565,128.953,166.397,210.129,260.428,453,930.629,1681.69,2874.31,4594.72,6531.43
old,Mix3,0.356,6.78721,2.83817,6.24242,11.4773,18.9065,28.904,41.8303,58.0167,77.7532,101.281,128.792,160.427,196.287,329.901,646.741,1123.23,1847.99,2842.47,3897.31
old,Mix3,0.4,6.78792,2.72854,5.83557,10.5027,16.9918,25.5645,36.4624,49.8965,66.0391,85.0208,106.93,131.818,159.705,261.359,493.52,829.416,1321.7,1968.91,2620.01
old,Mix3,0.5,6.78888,2.56164,5.19231,8.95866,13.9886,20.4044,28.3107,37.7889,48.8948,61.6586,76.0863,92.1639,109.863,172.328,307.347,491.381,748.206,1076.35,1405.66
old,Mix3,0.511,6.78878,2.54632,5.13578,8.82689,13.7382,19.9827,27.6559,36.8312,47.5575,59.8591,73.7378,89.1766,106.145,165.86,294.341,468.611,710.545,1017.81,1324.19
old,Mix3,0.6,6.78938,2.43315,4.72637,7.88605,11.9709,17.0345,23.1171,30.2422,38.4167,47.6313,57.8631,69.0786,81.2374,122.968,209.046,320.569,468.144,645.643,812.212
old,Mix3,0.662,6.79202,2.37199,4.51056,7.40164,11.0805,15.5789,20.9179,27.1054,34.1365,41.9945,50.6527,60.0774,70.2309,104.706,174.694,264.122,381.172,520.885,652.032
old,Mix3,0.8,6.78933,2.25507,4.11054,6.52262,9.4921,13.0192,17.0981,21.7156,26.8518,32.481,38.5729,45.0954,52.0159,74.8803,119.302,173.711,242.449,322.017,395.06
old,Mix3,1,6.79020,2.13662,3.71611,5.68082,8.01315,10.6983,13.7198,17.0586,20.6933,24.6007,28.757,33.1384,37.7224,52.5069,80.1668,112.734,152.301,196.583,236.618
old,Mix3,1.173,6.45669,2.0928,3.55781,5.33627,7.40703,9.75312,12.3577,15.2028,18.27,21.5401,24.9939,28.6131,32.3808,44.4404,66.7783,92.8005,124.126,159.296,192.046
old,Mix3,1.33,6.21393,2.05317,3.41872,5.03794,6.88726,8.94818,11.2034,13.6359,16.2287,18.9652,21.8297,24.8072,27.8845,37.6145,55.3047,75.5215,99.3598,125.574,149.693
old,Mix3,1.5,6.15995,2.00366,3.25313,4.69308,6.29974,8.0549,9.94244,11.9473,14.0553,16.2531,18.5283,20.8698,23.2678,30.7288,43.9178,58.4657,74.9741,92.5335,108.404
old,Mix3,2,6.13411,1.89226,2.92242,4.05288,5.26737,6.55425,7.90395,9.30819,10.7596,12.2517,13.7787,15.3355,16.9178,21.7868,30.25,39.3059,49.1776,59.5092,69.2671
old,Mix3,2.51,6.12995,1.81112,2.69979,3.64285,4.63044,5.65579,6.7136,7.79951,8.90984,10.0414,11.1916,12.3583,13.5395,17.1603,23.4492,30.1533,37.3047,44.5917,51.5082
old,Mix3,3,6.12776,1.74735,2.53075,3.33828,4.16493,5.00732,5.86291,6.7297,7.606,8.49047,9.38197,10.2796,11.1827,13.921,18.5831,23.3976,28.3326,33.2332,37.9312
old,Mix3,4,6.12415,1.65008,2.29308,2.93216,3.56862,4.20328,4.83675,5.46948,6.10184,6.73414,7.36661,7.99946,8.63286,10.5375,13.729,16.936,20.1355,23.2876,26.3418
old,Mix3,5,6.12335,1.57328,2.11807,2.64674,3.16426,3.67368,4.17719,4.6764,5.17257,5.66669,6.15954,6.6517,7.14363,8.62031,11.0801,13.497,15.823,18.0886,20.4062
old,Mix3,6,6.12208,1.52395,2.008,2.47004,2.91709,3.35342,3.78198,4.20497,4.62406,5.04055,5.45545,5.86955,6.28343,7.52704,9.60336,11.6403,13.5937,15.5163,17.549
old,Mix3,7,6.12067,1.4778,1.91137,2.32087,2.71408,3.09566,3.46882,3.83589,4.19862,4.55836,4.91618,5.27285,5.62896,6.69699,8.46999,10.1745,11.7226,13.1107,14.461
old,Mix3,8,6.11910,1.43783,1.82886,2.19468,2.54353,2.88031,3.20834,3.53002,3.84714,4.16109,4.47293,4.78345,5.09327,6.02172,7.56168,9.03405,10.3355,11.4185,12.3656
old,Mix3,9,6.11975,1.40279,1.7602,2.0933,2.41011,2.71537,3.01229,3.30315,3.58967,3.87316,4.1546,4.43472,4.71405,5.54981,6.92711,8.22964,9.40015,10.4831,11.6157
old,Mix3,10,6.11677,1.3715,1.69918,2.00353,2.29229,2.57004,2.83984,3.10388,3.36379,3.62078,3.87578,4.12943,4.3822,5.137,6.37342,7.54571,8.66548,9.84299,11.2056
old,Mix3,11,6.11705,1.3489,1.65552,1.93968,2.20886,2.46747,2.71845,2.96392,3.20544,3.44418,3.68104,3.91668,4.15154,4.8536,6.00755,7.10156,8.1237,9.15859,10.3318
old,Mix3,12,6.11658,1.32828,1.6158,1.88172,2.13326,2.37465,2.60873,2.83753,3.06255,3.28494,3.50554,3.72501,3.94382,4.59846,5.67821,6.70459,7.64986,8.57383,9.59427
old,Mix3,13,6.11618,1.3093,1.57936,1.82867,2.06417,2.28994,2.50871,2.72242,2.93252,3.1401,3.34601,3.55087,3.75513,4.3668,5.37899,6.34514,7.22746,8.06386,8.96044
old,Mix3,14,6.11664,1.29173,1.54571,1.77977,2.00058,2.21207,2.41686,2.61681,2.81331,3.00742,3.19993,3.39147,3.58249,4.15491,5.1051,6.01646,6.84538,7.61141,8.40702
old,Mix3,15,6.11666,1.27538,1.51447,1.73444,1.94173,2.14009,2.33203,2.51935,2.70337,2.88511,3.06534,3.24466,3.42352,3.95984,4.85265,5.71335,6.49544,7.20369,7.91636
old,Mix4,0.015,6.66672,1.2821,1.4384,1.54777,1.63249,1.70263,1.76349,1.81812,1.8684,1.91551,1.96024,2.00309,2.04438,2.16054,2.32862,2.45748,2.54922,2.62815,2.72301
old,Mix4,0.02,6.67933,1.6446,2.08434,2.43415,2.73095,2.99351,3.23279,3.45577,3.66712,3.87008,4.06697,4.25943,4.44867,5.0041,5.89888,6.7246,7.43515,8.05699,8.70547
old,Mix4,0.03,6.68561,2.88631,4.68519,6.46265,8.24442,10.0469,11.8822,13.7599,15.6885,17.6749,19.7254,21.8457,24.0406,31.1108,44.6069,60.033,76.8507,95.1739,116.538
old,Mix4,0.04,6.68941,4.33216,8.81155,14.3427,20.9352,28.614,37.4072,47.3426,58.4462,70.7425,84.2552,99.0085,115.029,171.04,294.61,468.742,713.69,1037.39,1417.73
old,Mix4,0.05,6.69281,5.5243,12.8717,23.2412,37.0323,54.6724,76.5891,103.197,134.89,172.038,214.989,264.073,319.612,528.362,1046.05,1877.06,3217.7,5221.39,7742.63
old,Mix4,0.06,6.69638,5.99873,15.1986,29.3956,49.7087,77.3566,113.605,159.729,216.987,286.597,369.73,467.512,581.043,1027.53,2219.48,4304.38,7986.48,13922.4,21672.6
old,Mix4,0.08,6.70182,5.80843,15.8269,32.7443,58.81,96.5978,148.923,218.767,309.197,423.304,564.154,734.766,938.136,1775.94,4185.06,8750,17385.1,31799.9,50322.4
old,Mix4,0.1,6.70611,5.39776,14.7658,30.9364,56.4011,94.1249,147.492,220.247,316.427,440.289,596.245,788.814,1022.61,2019.51,5023.24,10822.7,21960,41748,70446
old,Mix4,0.15,6.71261,4.08177,10.8755,22.8435,41.9486,70.5074,111.131,166.659,240.085,334.482,452.937,598.505,774.195,1512.17,3668.38,7729.08,15398.5,28548.7,46234.5
old,Mix4,0.2,6.71301,3.49141,8.83132,18.0064,32.3152,53.2341,82.3618,121.363,171.915,235.653,314.135,408.822,521.073,976.101,2226.07,4440.56,8362.59,14499.8,21754
old,Mix4,0.3,6.71840,3.01128,6.92076,13.1597,22.3002,34.9523,51.7321,73.2362,100.02,132.581,171.35,216.69,268.897,469.137,966.935,1751.51,3001.76,4814.01,6863.63
old,Mix4,0.356,6.71959,2.84857,6.2931,11.6126,19.188,29.4113,42.6614,59.287,79.5944,103.839,132.222,164.896,201.965,340.283,668.92,1164.33,1919.74,2957.17,4054.7
old,Mix4,0.4,6.72025,2.73784,5.87969,10.6179,17.2265,25.9795,37.1304,50.9006,67.4718,86.9814,109.523,135.151,163.886,268.741,508.58,856.323,1366.64,2035.87,2703.4
old,Mix4,0.5,6.72114,2.56938,5.2263,9.04312,14.1541,20.6874,28.7531,38.437,49.7983,62.8691,77.6567,94.1471,112.311,176.475,315.364,505.186,771.248,1112.72,1456.4
old,Mix4,0.511,6.72105,2.5542,5.1694,8.90943,13.8987,20.2556,28.0808,37.4516,48.4197,61.0115,75.2297,91.0574,108.463,169.772,301.869,481.508,731.872,1051,1369.76
old,Mix4,0.6,6.72162,2.44207,4.7575,7.95527,12.097,17.2389,23.4231,30.6751,39.0023,48.3959,58.8327,70.2785,82.6919,125.321,213.313,327.393,478.279,659.096,827.334
old,Mix4,0.662,6.72404,2.37946,4.53717,7.46076,11.1875,15.7506,21.1722,27.461,34.612,42.6082,51.422,61.0188,71.3595,106.475,177.767,268.914,388.251,530.37,662.849
old,Mix4,0.8,6.72160,2.25969,4.12862,6.56338,9.56532,13.1349,17.266,21.9451,27.1514,32.8581,39.0339,45.6453,52.6585,75.8147,120.757,175.841,245.587,326.369,400.23
old,Mix4,1,6.72235,2.14112,3.73071,5.71089,8.06405,10.7752,13.8277,17.2021,20.8764,24.827,29.0294,33.4593,38.0936,53.0361,80.983,113.921,154.021,198.932,239.435
old,Mix4,1.173,6.40487,2.09588,3.56748,5.35567,7.43912,9.80065,12.4231,15.2883,18.3774,21.6707,25.1489,28.7932,32.5865,44.7242,67.2021,93.4168,125.023,160.491,193.394
old,Mix4,1.33,6.17394,2.05529,3.42521,5.05062,6.90775,8.97787,11.2434,13.6872,16.2919,19.0409,21.9179,24.908,27.9978,37.764,55.517,75.8267,99.8006,126.132,150.252
old,Mix4,1.5,6.12248,2.00536,3.25813,4.70255,6.3146,8.07587,9.97,11.9818,14.0967,16.3015,18.5834,20.9312,23.3352,30.8116,44.0239,58.6105,75.1754,92.7627,108.575
old,Mix4,2,6.09756,1.89381,2.92619,4.05935,5.27695,6.56727,7.92068,9.32885,10.7844,12.2807,13.812,15.3732,16.9599,21.8421,30.3273,39.4073,49.3086,59.6738,69.4611
old,Mix4,2.51,6.09387,1.81252,2.70286,3.64774,4.63726,5.66462,6.7245,7.81253,8.925,10.0588,11.2111,12.38,13.5634,17.1912,23.4945,30.2192,37.3948,44.7014,51.6275
old,Mix4,3,6.09131,1.74867,2.53336,3.34214,4.16997,5.01348,5.87013,6.73789,7.61511,8.50042,9.39272,10.2911,11.1949,13.9353,18.6021,23.4237,28.365,33.2663,37.96
old,Mix4,4,6.08783,1.65093,2.29469,2.93446,3.57152,4.20672,4.84064,5.47375,6.10643,6.73896,7.37161,8.00456,8.63799,10.5423,13.7322,16.9367,20.1338,23.2845,26.3386
old,Mix4,5,6.08704,1.57379,2.11901,2.64805,3.16586,3.6755,4.17914,4.67842,5.17458,5.66862,6.16131,6.65324,7.14488,8.62032,11.0774,13.4913,15.8147,18.0763,20.387
old,Mix4,6,6.08581,1.52426,2.00868,2.47109,2.91846,3.35504,3.7838,4.20691,4.62604,5.04249,5.45728,5.8712,6.28484,7.52736,9.60158,11.6375,13.5905,15.5094,17.5317
old,Mix4,7,6.08435,1.47829,1.91219,2.32191,2.71523,3.09685,3.46998,3.83694,4.19951,4.55905,4.9166,5.27296,5.62873,6.69561,8.46691,10.1709,11.7177,13.0969,14.4249
old,Mix4,8,6.08286,1.43849,1.82982,2.19576,2.5446,2.88127,3.20912,3.53055,3.84738,4.161,4.47248,4.78263,5.09206,6.01942,7.55855,9.0326,10.3366,11.4155,12.3423
old,Mix4,9,6.08341,1.40335,1.76099,2.09418,2.41095,2.7161,3.01284,3.30347,3.58972,3.87289,4.15399,4.43374,4.71269,5.54719,6.92222,8.22208,9.38781,10.4613,11.5789
old,Mix4,10,6.08048,1.37196,1.69983,2.00422,2.29293,2.57055,2.84017,3.10399,3.36364,3.62034,3.87499,4.12828,4.38063,5.13392,6.36653,7.53405,8.65115,9.83048,11.1985
old,Mix4,11,6.08089,1.3493,1.65611,1.94034,2.20951,2.46804,2.7189,2.96419,3.2055,3.444,3.68057,3.91589,4.1504,4.85114,6.00194,7.09188,8.11098,9.14575,10.3215
old,Mix4,12,6.08032,1.32862,1.61633,1.88234,2.13389,2.37525,2.60924,2.83791,3.06276,3.28493,3.50529,3.72449,3.94297,4.59645,5.67347,6.69643,7.63874,8.56153,9.58241
old,Mix4,13,6.07984,1.30959,1.57983,1.82924,2.06478,2.29054,2.50925,2.72286,2.93282,3.14023,3.34592,3.55052,3.7545,4.3651,5.37487,6.33812,7.21782,8.05257,8.94824
old,Mix4,14,6.08018,1.29197,1.54612,1.78028,2.00115,2.21266,2.41741,2.61729,2.81367,3.00762,3.19995,3.39126,3.58201,4.15344,5.10142,6.01027,6.83696,7.60126,8.39516
old,Mix4,15,6.08056,1.27557,1.51481,1.7349,1.94225,2.14064,2.33256,2.51982,2.70375,2.88535,3.06542,3.24453,3.42314,3.95854,4.84931,5.70782,6.48809,7.19476,7.90536
old,Mix5,0.015,6.48804,1.30889,1.4834,1.60697,1.70345,1.78376,1.85371,1.91666,1.9747,2.02917,2.08094,2.13058,2.17847,2.31351,2.51007,2.66234,2.77202,2.8667,2.97986
old,Mix5,0.02,6.50070,1.70334,2.19962,2.60251,2.94936,3.2595,3.54444,3.81164,4.06615,4.31154,4.55041,4.78463,5.01559,5.69739,6.81148,7.86618,8.80172,9.63157,10.4815
old,Mix5,0.03,6.50388,3.04542,5.09178,7.17588,9.31376,11.5168,13.7942,16.154,18.6037,21.1501,23.7995,26.5578,29.4305,38.78,56.9565,78.3119,102.58,130.305,163.5
old,Mix5,0.04,6.50545,4.57003,9.60675,16.0404,23.9243,33.3273,44.3197,56.9683,71.3353,87.4782,105.452,125.309,147.105,224.801,402.03,662.04,1043.75,1567.08,2194.25
old,Mix5,0.05,6.50781,5.82742,13.9839,25.8413,42.0125,63.1599,89.9603,123.087,163.195,210.919,266.866,331.623,405.767,690.555,1422.35,2640,4673.76,7823.71,11919.1
old,Mix5,0.06,6.51063,6.30878,16.4079,32.3994,55.7973,88.288,131.668,187.799,258.565,345.839,451.469,577.266,725.024,1318.68,2957.38,5909.29,11268.1,20210.2,32368.6
old,Mix5,0.08,6.51535,6.05244,16.8618,35.5066,64.7767,107.935,168.632,250.825,358.677,496.476,668.563,879.29,1133.02,2197.81,5342.52,11417.7,23136.8,43353.8,70549.2
old,Mix5,0.1,6.51906,5.52292,15.4663,33.0411,61.2718,103.818,164.926,249.366,362.347,509.436,696.464,929.463,1214.63,2448.46,6250.82,13752.6,28449.2,55041,94130.9
old,Mix5,0.15,6.52445,4.15758,11.2913,24.0928,44.8483,76.2945,121.559,184.087,267.553,375.772,512.613,681.936,887.57,1760.85,4353.14,9297.97,18728.5,35021.8,57010.9
old,Mix5,0.2,6.52543,3.55667,9.13614,18.858,34.2027,56.8761,88.7497,131.798,188.034,259.445,347.944,455.335,583.303,1106.41,2554.8,5119.89,9695.55,17082.4,26300.3
old,Mix5,0.3,6.53000,3.04541,7.09497,13.6423,23.336,36.8726,54.9598,78.2877,107.502,143.184,185.839,235.891,293.687,516.319,1072.47,1952.95,3367.39,5442.06,7814.74
old,Mix5,0.356,6.53101,2.87812,6.4381,12.0017,20.0001,30.8787,45.0702,62.9751,84.9459,111.278,142.205,177.902,218.491,370.439,732.989,1282.4,2124.89,3282.91,4496.23
old,Mix5,0.4,6.53159,2.76425,6.00582,10.9485,17.9023,27.1772,39.0614,53.8073,71.6223,92.6637,117.038,144.808,175.996,290.071,551.848,933.266,1494.35,2223.68,2931.55
old,Mix5,0.5,6.53242,2.59137,5.32333,9.28512,14.6294,21.5021,30.0286,40.3074,52.4072,66.366,82.1935,99.8754,119.38,188.418,338.313,544.514,836.809,1216.35,1600.94
old,Mix5,0.511,6.53232,2.57659,5.26542,9.14597,14.3598,21.0415,29.306,39.2421,50.9102,64.3417,79.5415,96.4921,115.16,181.048,323.455,518.333,792.696,1145.7,1499.51
old,Mix5,0.6,6.53291,2.46737,4.84634,8.15344,12.4588,17.8264,24.3045,31.9228,40.6916,50.6029,61.6324,73.7438,86.8925,132.11,225.6,346.988,507.235,697.125,869.286
old,Mix5,0.662,6.53503,2.40063,4.61297,7.62966,11.4936,16.2426,21.9019,28.4819,35.9777,44.3708,53.6313,63.721,74.5973,111.538,186.521,282.502,408.228,556.872,692.531
old,Mix5,0.8,6.53299,2.2728,4.18011,6.67973,9.77452,13.4655,17.746,22.6009,28.0069,33.934,40.3473,47.2095,54.4832,78.4503,124.81,181.718,254.202,338.233,414.118
old,Mix5,1,6.53343,2.15388,3.7723,5.79668,8.2094,10.9951,14.1363,17.6124,21.4,25.4738,29.8074,34.375,39.1519,54.5405,83.291,117.269,158.864,205.529,247.303
old,Mix5,1.173,6.20506,2.10796,3.60562,5.43231,7.56601,9.98864,12.6819,15.6265,18.8018,22.1869,25.7609,29.5039,33.3974,45.8403,68.8649,95.8398,128.558,165.181,198.617
old,Mix5,1.33,5.96491,2.06677,3.46087,5.12107,7.02247,9.1452,11.4704,13.9796,16.6541,19.4758,22.4274,25.4929,28.6582,38.6478,56.7975,77.6868,102.509,129.648,153.997
old,Mix5,1.5,5.91077,2.01626,3.29041,4.76428,6.41259,8.21571,10.1561,12.2174,14.3841,16.6417,18.9768,21.3773,23.833,31.4572,44.9185,59.8656,76.9663,95.0799,111.086
old,Mix5,2,5.88521,1.90404,2.95089,4.10147,5.33883,6.65076,8.02719,9.45943,10.9397,12.4612,14.0177,15.6039,17.2154,22.169,30.7642,39.9636,50.028,60.6076,70.6116
old,Mix5,2.51,5.88201,1.82096,2.72188,3.67864,4.68095,5.7217,6.79535,7.89734,9.02382,10.1715,11.3377,12.52,13.7168,17.3833,23.7538,30.5673,37.8607,45.2891,52.3047
old,Mix5,3,5.87878,1.75569,2.54821,3.36509,4.20108,5.05265,5.91715,6.79247,7.6769,8.56902,9.46772,10.3721,11.2816,14.0371,18.7294,23.5862,28.5681,33.4969,38.1922
old,Mix5,4,5.87527,1.65657,2.30523,2.94936,3.59035,4.22908,4.86619,5.50219,6.13748,6.77236,7.40712,8.04196,8.67708,10.5853,13.7788,16.9841,20.18,23.3285,26.3805
old,Mix5,5,5.87471,1.57778,2.12634,2.65822,3.17839,3.68998,4.19519,4.69567,5.19269,5.68727,6.18019,6.67207,7.16338,8.63653,11.0872,13.4957,15.8158,18.0715,20.3673
old,Mix5,6,5.87365,1.52687,2.01367,2.47812,2.92715,3.36503,3.7947,4.21834,4.63762,5.05385,5.46806,5.88105,6.29343,7.53049,9.59241,11.617,13.5589,15.4553,17.4322
old,Mix5,7,5.87235,1.48077,1.91663,2.32786,2.72231,3.10469,3.47824,3.8453,4.20766,4.5667,4.92347,5.2788,5.63328,6.69503,8.45543,10.1498,11.6901,13.059,14.3626
old,Mix5,8,5.87099,1.44083,1.83379,2.20086,2.55042,2.88747,3.21539,3.53662,3.85298,4.1659,4.47644,4.78544,5.09353,6.01579,7.5442,9.00783,10.3045,11.3766,12.2905
old,Mix5,9,5.87159,1.40565,1.76477,2.0989,2.4162,2.72154,3.01817,3.30843,3.59408,3.87643,4.1565,4.43505,4.71261,5.54208,6.90694,8.19692,9.3546,10.4198,11.5254
old,Mix5,10,5.86914,1.37421,1.70344,2.00865,2.29776,2.57547,2.84488,3.10825,3.36723,3.62306,3.87667,4.12875,4.37974,5.12818,6.35141,7.51064,8.62283,9.79943,11.1639
old,Mix5,11,5.86983,1.3514,1.6595,1.94451,2.21408,2.47269,2.72334,2.9682,3.20885,3.44649,3.68202,3.91612,4.14925,4.845,5.98559,7.06576,8.07898,9.11218,10.2875
old,Mix5,12,5.86899,1.33059,1.61953,1.8863,2.13824,2.37967,2.61347,2.84172,3.06593,3.28726,3.50659,3.72457,3.94168,4.59009,5.65638,6.66827,7.6033,8.52441,9.5467
old,Mix5,13,5.86886,1.31145,1.58285,1.83298,2.06889,2.29473,2.51326,2.72646,2.9358,3.14239,3.34707,3.55048,3.7531,4.35862,5.35732,6.30843,7.17926,8.01149,8.90942
old,Mix5,14,5.86877,1.29372,1.54898,1.78383,2.00506,2.21664,2.42123,2.62071,2.81649,3.00964,3.20097,3.39111,3.58051,4.14689,5.08356,5.9794,6.79565,7.5561,8.35231
old,Mix5,15,5.86956,1.27721,1.51751,1.73825,1.94595,2.14441,2.33617,2.52305,2.7064,2.88722,3.06632,3.24429,3.42158,3.95201,4.83142,5.67634,6.44483,7.14614,7.85849
old,Mix6,0.015,6.57716,1.29544,1.46073,1.57709,1.66758,1.74269,1.808,1.8667,1.92077,1.97147,2.01963,2.06579,2.1103,2.23565,2.41758,2.55779,2.65818,2.74472,2.84841
old,Mix6,0.02,6.59038,1.67365,2.14104,2.51665,2.83769,3.12322,3.38452,3.62878,3.86088,4.08423,4.30128,4.51379,4.72306,5.33912,6.33902,7.27407,8.09127,8.81112,9.55481
old,Mix6,0.03,6.59544,2.96471,4.88392,6.80946,8.76237,10.7567,12.8031,14.9107,17.0874,19.3402,21.6755,24.0991,26.6161,34.7703,50.4937,68.7311,89.0503,111.765,138.682
old,Mix6,0.04,6.59828,4.44916,9.19933,15.1658,22.3776,30.8795,40.7187,51.9405,64.5875,78.6994,94.3139,111.469,130.205,196.398,345.131,559.422,867.969,1284.09,1778.94
old,Mix6,0.05,6.60130,5.67318,13.4135,24.5008,39.4334,58.7478,82.9863,112.682,148.348,190.476,239.531,295.96,360.201,604.397,1221.43,2231.06,3890.26,6417.59,9654.49
old,Mix6,0.06,6.60463,6.15079,15.7874,30.8502,52.6438,82.6053,122.247,173.115,236.755,314.686,408.388,519.298,648.83,1163.84,2562.63,5047.32,9499.49,16807.1,26551.9
old,Mix6,0.08,6.60992,5.92783,16.3302,34.0815,61.6872,102.045,158.364,234.078,332.766,458.071,613.648,803.128,1030.14,1974.06,4725.35,9991.22,20054.9,37141.5,59616.4
old,Mix6,0.1,6.61407,5.4589,15.1064,31.9559,58.7532,98.7931,155.868,234.207,338.402,473.325,644.058,855.832,1114.01,2223.21,5605.08,12210.1,25029.2,48028.6,81637.5
old,Mix6,0.15,6.62025,4.11871,11.0773,23.448,43.3483,73.2946,116.144,175.023,253.248,354.243,481.465,638.351,828.298,1630.63,3994.23,8475.77,16984.4,31635.1,51384.5
old,Mix6,0.2,6.62097,3.5232,8.97925,18.4186,33.2267,54.9895,85.4352,126.376,179.647,247.051,330.314,431.057,550.795,1038.22,2382.62,4764.81,9001.33,15737.8,23920.2
old,Mix6,0.3,6.62614,3.02787,7.00522,13.3932,22.8007,35.879,53.2884,75.6699,103.622,137.684,178.322,225.927,280.822,491.847,1017.86,1849.03,3179.2,5119.08,7325.81
old,Mix6,0.356,6.62728,2.86293,6.36339,11.8009,19.5805,30.1198,43.8235,61.0652,82.1735,107.423,137.032,171.161,209.927,354.824,699.886,1221.53,2019.32,3115.74,4270.72
old,Mix6,0.4,6.62792,2.75067,5.94082,10.7779,17.5532,26.558,38.0624,52.303,69.4737,89.7217,113.147,139.808,169.728,279.042,529.524,893.641,1428.73,2127.69,2816.05
old,Mix6,0.5,6.62882,2.58006,5.27332,9.16024,14.3839,21.081,29.369,39.3398,51.0573,64.5564,79.8458,96.9114,115.723,182.245,326.479,524.274,803.087,1163.03,1526.59
old,Mix6,0.511,6.62873,2.56507,5.21593,9.02391,14.1216,20.6353,28.6724,38.3158,49.6215,62.6183,77.3101,93.6797,111.695,175.219,312.318,499.365,761.384,1096.95,1432.77
old,Mix6,0.6,6.62933,2.45435,4.80055,8.05118,12.2719,17.5227,23.8487,31.2774,39.8175,49.4607,60.1833,71.9501,84.7182,128.597,219.247,336.867,492.307,677.598,847.894
old,Mix6,0.662,6.63168,2.38973,4.57388,7.54245,11.3354,15.9882,21.5246,27.9538,35.2712,43.459,52.4885,62.3234,72.923,108.922,182.006,275.505,397.962,543.302,677.437
old,Mix6,0.8,6.62936,2.26606,4.15359,6.61975,9.66663,13.2949,17.4984,22.2627,27.5658,33.3795,39.6708,46.4042,53.5445,77.0977,122.739,178.726,249.826,332.221,407.122
old,Mix6,1,6.62998,2.14731,3.75087,5.75246,8.13444,10.8817,13.9771,17.4007,21.1299,25.1402,29.4062,33.9028,38.6064,53.7659,82.1049,115.551,156.379,202.147,243.279
old,Mix6,1.173,6.29426,2.10252,3.58842,5.39773,7.50874,9.90378,12.5651,15.4738,18.6102,21.954,25.4848,29.1834,33.0318,45.3377,68.1169,94.7489,126.965,163.072,196.281
old,Mix6,1.33,6.05043,2.06194,3.44554,5.0904,6.97206,9.07108,11.3692,13.8483,16.4904,19.278,22.1943,25.2237,28.3524,38.2317,56.1818,76.7877,101.192,127.884,151.983
old,Mix6,1.5,5.99574,2.01125,3.27547,4.73541,6.36624,8.14878,10.0659,12.1018,14.2413,16.4702,18.7758,21.1462,23.5714,31.1034,44.4029,59.1347,75.9094,93.6045,109.227
old,Mix6,2,5.96845,1.89965,2.94033,4.08356,5.31265,6.61562,7.98261,9.40508,10.8755,12.387,13.9337,15.5103,17.1124,22.0401,30.5984,39.7586,49.7627,60.2522,70.1563
old,Mix6,2.51,5.96499,1.81761,2.71414,3.6659,4.66277,5.69781,6.76561,7.86168,8.98226,10.1241,11.2846,12.4615,13.6531,17.3053,23.6555,30.4454,37.7014,45.0799,52.0496
old,Mix6,3,5.96157,1.75316,2.54256,3.35605,4.1885,5.03649,5.89743,6.76927,7.65034,8.53927,9.43496,10.3365,11.2434,13.9923,18.6757,23.5213,28.486,33.3969,38.0831
old,Mix6,4,5.95782,1.6542,2.30085,2.94319,3.58256,4.2198,4.85554,5.49024,6.12429,6.75801,7.39163,8.02538,8.65943,10.5646,13.753,16.9536,20.1461,23.2934,26.3464
old,Mix6,5,5.95699,1.57595,2.12301,2.65361,3.17269,3.68334,4.18774,4.68753,5.18396,5.67805,6.17056,6.66212,7.15318,8.62587,11.0762,13.4837,15.8017,18.055,20.3497
old,Mix6,6,5.95569,1.52565,2.01149,2.47517,2.92362,3.36106,3.79043,4.21391,4.63315,5.04947,5.46388,5.87718,6.28998,7.52887,9.59531,11.6253,13.5735,15.4789,17.4697
old,Mix6,7,5.95409,1.47992,1.91502,2.32559,2.7195,3.10144,3.47467,3.84151,4.20376,4.5628,4.91967,5.2752,5.63,6.69328,8.45801,10.1577,11.7006,13.0644,14.3524
old,Mix6,8,5.95254,1.4403,1.83268,2.1992,2.54829,2.88493,3.21253,3.53353,3.84976,4.16263,4.47324,4.78242,5.09079,6.01466,7.54855,9.0212,10.3271,11.3996,12.2958
old,Mix6,9,5.95303,1.40501,1.76354,2.09718,2.4141,2.71914,3.01557,3.30572,3.59135,3.87376,4.15398,4.43276,4.71063,5.54144,6.90942,8.2018,9.3578,10.4147,11.5063
old,Mix6,10,5.95009,1.37346,1.7021,2.00686,2.29565,2.57312,2.84242,3.10575,3.36478,3.62073,3.87452,4.12683,4.37809,5.1274,6.35114,7.50891,8.62065,9.80165,11.1758
old,Mix6,11,5.95065,1.35065,1.65821,1.94283,2.21213,2.47058,2.72119,2.96608,3.20684,3.44466,3.68045,3.91485,4.14834,4.84534,5.98785,7.06844,8.08115,9.1153,10.2944
old,Mix6,12,5.94985,1.32984,1.61827,1.88469,2.13642,2.37775,2.61155,2.83988,3.06425,3.28581,3.50544,3.72378,3.9413,4.59123,5.66041,6.67444,7.60997,8.53056,9.55262
old,Mix6,13,5.94939,1.3107,1.58163,1.83145,2.06719,2.29296,2.51153,2.72485,2.93438,3.14123,3.34624,3.55004,3.75311,4.3603,5.36253,6.31717,7.18991,8.02147,8.91678
old,Mix6,14,5.94947,1.29297,1.54777,1.78235,2.00344,2.21498,2.41963,2.61925,2.81524,3.00868,3.20036,3.39091,3.58079,4.14892,5.08955,5.98999,6.80963,7.57006,8.36249
old,Mix6,15,5.95019,1.27646,1.51632,1.73681,1.94439,2.14283,2.33468,2.52172,2.70529,2.88641,3.06587,3.24426,3.42203,3.95426,4.83787,5.68814,6.46135,7.16373,7.87206
old,Mix7,0.015,6.66324,1.28262,1.43926,1.5489,1.63384,1.70416,1.76519,1.81998,1.8704,1.91765,1.96251,2.00548,2.0469,2.1634,2.33201,2.4613,2.55336,2.63258,2.72776
old,Mix7,0.02,6.67767,1.64514,2.08538,2.43566,2.7329,2.99587,3.23555,3.45892,3.67064,3.87397,4.07122,4.26404,4.45364,5.01015,5.90682,6.73449,7.44693,8.07049,8.72065
old,Mix7,0.03,6.68592,2.88605,4.68453,6.46151,8.24272,10.0446,11.8791,13.7562,15.6839,17.6695,19.7191,21.8384,24.0323,31.0989,44.5879,60.005,76.8116,95.121,116.468
old,Mix7,0.04,6.69074,4.33046,8.80595,14.3309,20.9146,28.5818,37.3603,47.2777,58.3597,70.6307,84.1141,98.8341,114.817,170.687,293.91,467.49,711.571,1034.02,1412.8
old,Mix7,0.05,6.69474,5.52118,12.8604,23.2152,36.9829,54.5889,76.4586,103.004,134.617,171.665,214.494,263.432,318.798,526.844,1042.57,1870.08,3204.5,5198.05,7705.52
old,Mix7,0.06,6.69873,5.99487,15.1837,29.3591,49.6354,77.2262,113.391,159.399,216.5,285.907,368.783,466.248,579.391,1024.23,2211.22,4286.6,7950.43,13854.1,21557.7
old,Mix7,0.08,6.70470,5.80472,15.8114,32.7032,58.7219,96.4317,148.637,218.303,308.485,422.256,562.665,732.715,935.381,1770.04,4169.06,8713.37,17306.5,31643.4,50051.9
old,Mix7,0.1,6.70933,5.39564,14.754,30.9012,56.3202,93.9648,147.205,219.771,315.678,439.165,594.62,786.54,1019.51,2012.62,5003.63,10776.1,21856.9,41537.4,70071
old,Mix7,0.15,6.71632,4.0803,10.8675,22.8196,41.8934,70.3977,110.934,166.331,239.57,333.71,451.823,596.95,772.086,1507.56,3655.72,7700.08,15336.9,28428.7,46034
old,Mix7,0.2,6.71678,3.49011,8.82532,17.9897,32.2784,53.1634,82.2382,121.162,171.605,235.196,313.488,407.933,519.887,973.628,2219.85,4427.63,8337.04,14450.3,21667.9
old,Mix7,0.3,6.72256,3.01053,6.91699,13.1493,22.2779,34.9111,51.663,73.1282,99.8601,132.355,171.042,216.281,268.369,468.131,964.674,1747.17,2993.85,4800.39,6843
old,Mix7,0.356,6.72383,2.84791,6.2899,11.6041,19.1702,29.3792,42.6088,59.2065,79.4777,103.677,132.005,164.612,201.605,339.625,667.516,1161.73,1915.21,2949.93,4044.8
old,Mix7,0.4,6.72454,2.73724,5.87687,10.6105,17.2115,25.9529,37.0876,50.8364,67.3801,86.8559,109.357,134.937,163.618,268.269,507.617,854.605,1363.77,2031.61,2698.13
old,Mix7,0.5,6.72550,2.56888,5.22409,9.03764,14.1433,20.669,28.7244,38.3949,49.7395,62.7904,77.5546,94.0182,112.152,176.205,314.844,504.292,769.755,1110.36,1453.11
old,Mix7,0.511,6.72540,2.5537,5.16722,8.90408,13.8883,20.2379,28.0533,37.4113,48.3638,60.9367,75.1329,90.9353,108.313,169.519,301.382,480.673,730.492,1048.85,1366.81
old,Mix7,0.6,6.72601,2.44149,4.75547,7.95075,12.0887,17.2255,23.4031,30.6467,38.9639,48.3458,58.7692,70.1999,82.5967,125.167,213.034,326.946,477.617,658.22,826.353
old,Mix7,0.662,6.72861,2.37895,4.53537,7.45676,11.1802,15.739,21.155,27.4369,34.5798,42.5666,51.3699,60.9549,71.283,106.355,177.559,268.59,387.773,529.731,662.124
old,Mix7,0.8,6.72600,2.25939,4.12744,6.56072,9.56053,13.1273,17.255,21.9301,27.1319,32.8335,39.0038,45.6095,52.6166,75.7539,120.662,175.703,245.384,326.087,399.898
old,Mix7,1,6.72680,2.14082,3.72975,5.70891,8.0607,10.7702,13.8206,17.1926,20.8643,24.8121,29.0115,33.4381,38.0691,53.0012,80.9293,113.843,153.908,198.777,239.25
old,Mix7,1.173,6.38367,2.09714,3.57146,5.36366,7.45234,9.82023,12.45,15.3236,18.4216,21.7245,25.2127,28.8674,32.6711,44.841,67.3763,93.6704,125.393,160.983,193.947
old,Mix7,1.33,6.13414,2.05742,3.43171,5.06333,6.9283,9.00765,11.2836,13.7387,16.3554,19.1167,22.0063,25.009,28.1112,37.9138,55.7297,76.1333,100.244,126.692,150.809
old,Mix7,1.5,6.07852,2.00737,3.26405,4.71374,6.33218,8.10066,10.0026,12.0225,14.1457,16.3586,18.6484,21.0038,23.4148,30.9094,44.1496,58.783,75.4159,93.035,108.776
old,Mix7,2,6.05148,1.89578,2.93098,4.06757,5.28912,6.5838,7.94193,9.35511,10.8159,12.3176,13.8544,15.4211,17.0134,21.9124,30.4254,39.5361,49.475,59.8826,69.7072
old,Mix7,2.51,6.04754,1.81434,2.70682,3.65405,4.64607,5.67603,6.7386,7.82937,8.94461,10.0812,11.2364,12.408,13.5944,17.2312,23.5532,30.3048,37.5121,44.8437,51.782
old,Mix7,3,6.04461,1.75037,2.53673,3.34711,4.17647,5.02143,5.87943,6.74846,7.62685,8.51326,9.40657,10.3059,11.2107,13.9538,18.6268,23.4578,28.407,33.3091,37.997
old,Mix7,4,6.04075,1.65203,2.29679,2.93746,3.57531,4.2112,4.84572,5.47933,6.11241,6.74525,7.37812,8.0112,8.64467,10.5486,13.7364,16.9376,20.1313,23.2799,26.3337
old,Mix7,5,6.03981,1.57444,2.12024,2.64977,3.16795,3.67788,4.1817,4.68106,5.17721,5.67113,6.16362,6.65526,7.14651,8.62033,11.0737,13.4839,15.8037,18.0602,20.3618
old,Mix7,6,6.03838,1.52467,2.00959,2.47247,2.92026,3.35718,3.78619,4.20946,4.62864,5.04504,5.45969,5.87336,6.28666,7.52774,9.59905,11.6334,13.5857,15.4998,17.5087
old,Mix7,7,6.03670,1.47895,1.91328,2.32328,2.71676,3.09843,3.4715,3.83833,4.20069,4.55994,4.91714,5.2731,5.62842,6.69376,8.46277,10.166,11.7115,13.08,14.3801
old,Mix7,8,6.03499,1.43936,1.8311,2.1972,2.54602,2.88254,3.21014,3.53125,3.84769,4.16087,4.47187,4.78152,5.09044,6.01632,7.55431,9.03063,10.3388,11.4139,12.3165
old,Mix7,9,6.03549,1.40409,1.76205,2.09534,2.41207,2.71706,3.01355,3.30388,3.58976,3.87253,4.15317,4.43244,4.71087,5.5437,6.91573,8.2121,9.37169,10.4329,11.5309
old,Mix7,10,6.03222,1.37258,1.7007,2.00515,2.29378,2.57124,2.84062,3.10414,3.36343,3.61972,3.87393,4.12671,4.37851,5.12973,6.35721,7.51832,8.632,9.81393,11.1892
old,Mix7,11,6.03261,1.34983,1.65689,1.94122,2.21037,2.4688,2.71948,2.96455,3.20557,3.44373,3.67993,3.91481,4.14884,4.84781,5.99436,7.07886,8.09393,9.12864,10.3077
old,Mix7,12,6.03190,1.32908,1.61703,1.88316,2.13474,2.37604,2.60992,2.83841,3.06303,3.28492,3.50495,3.72377,3.94183,4.59373,5.6671,6.68548,7.62388,8.54512,9.56662
old,Mix7,13,6.03128,1.30998,1.58046,1.83,2.0656,2.29134,2.50998,2.72345,2.93322,3.14039,3.34579,3.55006,3.75366,4.36282,5.36935,6.32871,7.20492,8.03747,8.93193
old,Mix7,14,6.03156,1.29229,1.54667,1.78098,2.00192,2.21344,2.41815,2.61792,2.81415,3.0079,3.19997,3.39097,3.58137,4.15147,5.09649,6.00198,6.82571,7.58769,8.3793
old,Mix7,15,6.03199,1.27583,1.51528,1.73552,1.94296,2.14138,2.33328,2.52047,2.70427,2.88569,3.06552,3.24435,3.42264,3.95679,4.8448,5.70034,6.47814,7.18268,7.89048
old,Mix8,0.015,6.70545,1.27639,1.42888,1.53531,1.61761,1.68566,1.74467,1.79761,1.84631,1.89193,1.93523,1.97669,2.01665,2.12899,2.29134,2.41553,2.50371,2.57954,2.67077
old,Mix8,0.02,6.72070,1.63122,2.05844,2.39665,2.68263,2.93496,3.16448,3.37805,3.58023,3.77419,3.96219,4.14582,4.32624,4.85498,5.70363,6.4817,7.14629,7.72626,8.3339
old,Mix8,0.03,6.73099,2.84726,4.58737,6.29329,7.99298,9.70395,11.4389,13.2079,15.0193,16.8801,18.7966,20.7743,22.8177,29.3786,41.8296,55.9453,71.1542,87.4861,106.333
old,Mix8,0.04,6.73707,4.2716,8.61342,13.9259,20.21,27.4818,35.761,45.0673,55.4194,66.8349,79.331,92.9256,107.639,158.765,270.326,425.446,640.633,921.519,1248.89
old,Mix8,0.05,6.74167,5.44564,12.5888,22.5895,35.7986,52.5915,73.3409,98.4048,128.121,162.802,202.742,248.217,299.493,490.976,960.69,1706.18,2895.76,4653.81,6842.42
old,Mix8,0.06,6.74604,5.9173,14.8867,28.6313,48.177,74.634,109.146,152.857,206.884,272.301,350.132,441.354,546.916,959.501,2050.06,3940.43,7250.5,12530.9,19340.5
old,Mix8,0.08,6.75239,5.74342,15.5555,32.0279,57.2777,93.7119,143.946,210.729,296.875,405.195,538.464,699.399,890.685,1674.56,3911.14,8124.13,16044.5,29135.8,45731.2
old,Mix8,0.1,6.75728,5.36413,14.5797,30.3825,55.1296,91.6119,143,212.785,304.715,422.726,570.884,753.339,974.31,1912.32,4718.34,10097.8,20361.1,38485.5,64640
old,Mix8,0.15,6.76468,4.06117,10.7637,22.5099,41.1792,68.9803,108.393,162.102,232.93,323.762,437.488,576.96,744.981,1448.39,3493.38,7328.31,14547.2,26890.6,43461.5
old,Mix8,0.2,6.76501,3.47364,8.74908,17.7782,31.8122,52.2684,80.6754,118.62,167.691,229.438,305.33,396.739,504.945,942.501,2141.54,4264.94,8014.92,13826.4,20587
old,Mix8,0.3,6.77109,3.0019,6.87323,13.0287,22.0199,34.4344,50.8637,71.8798,98.0139,129.742,167.474,211.555,262.268,456.507,938.526,1696.9,2902.1,4642.53,6603.85
old,Mix8,0.356,6.77243,2.84044,6.25344,11.5067,18.9676,29.014,42.0105,58.292,78.1522,101.836,129.535,161.395,197.517,332.151,651.551,1132.15,1863.58,2867.42,3931.62
old,Mix8,0.4,6.77317,2.73056,5.84514,10.5276,17.0427,25.6543,36.607,50.1137,66.349,85.4448,107.491,132.539,160.609,262.956,496.782,835.249,1331.45,1983.47,2638.23
old,Mix8,0.5,6.77416,2.56332,5.19966,8.9769,14.0243,20.4655,28.4061,37.9287,49.0897,61.9196,76.4249,92.5916,110.391,173.222,309.079,494.365,753.188,1084.21,1416.63
old,Mix8,0.511,6.77406,2.54803,5.14305,8.84473,13.7729,20.0416,27.7476,36.9651,47.7435,60.1077,74.0596,89.5823,106.645,166.705,295.967,471.399,715.156,1024.98,1334.05
old,Mix8,0.6,6.77468,2.43508,4.73309,7.90099,11.9981,17.0786,23.183,30.3354,38.5428,47.796,58.0719,69.337,81.5506,123.475,209.965,322.04,470.33,648.552,815.494
old,Mix8,0.662,6.77740,2.37359,4.51626,7.41428,11.1034,15.6156,20.9722,27.1814,34.2381,42.1256,50.8171,60.2785,70.472,105.084,175.351,265.148,382.69,522.922,654.364
old,Mix8,0.8,6.77463,2.25607,4.11445,6.53142,9.50791,13.0442,17.1343,21.7652,26.9165,32.5624,38.6725,45.2142,52.1548,75.0825,119.617,174.174,243.132,322.965,396.19
old,Mix8,1,6.77552,2.13759,3.71926,5.6873,8.02411,10.7149,13.743,17.0894,20.7327,24.6494,28.8157,33.2075,37.8023,52.6209,80.3428,112.99,152.672,197.09,237.227
old,Mix8,1.173,6.42887,2.09445,3.56299,5.34666,7.42422,9.77858,12.3927,15.2486,18.3275,21.6101,25.0769,28.7096,32.491,44.5925,67.0055,93.1308,124.607,159.937,192.77
old,Mix8,1.33,6.17660,2.05515,3.42478,5.04977,6.90638,8.97588,11.2408,13.6838,16.2877,19.0358,21.912,24.9013,27.9902,37.7541,55.5028,75.8063,99.7711,126.095,150.215
old,Mix8,1.5,6.12048,2.00545,3.2584,4.70305,6.3154,8.07699,9.97148,11.9836,14.099,16.304,18.5863,20.9345,23.3388,30.8161,44.0296,58.6183,75.1863,92.775,108.584
old,Mix8,2,6.09352,1.89399,2.92661,4.06007,5.27801,6.56871,7.92253,9.33114,10.7871,12.284,13.8157,15.3774,16.9646,21.8483,30.3358,39.4186,49.3232,59.692,69.4826
old,Mix8,2.51,6.08926,1.8127,2.70325,3.64836,4.63813,5.66575,6.7259,7.8142,8.92695,10.061,11.2136,12.3827,13.5665,17.1952,23.5003,30.2277,37.4064,44.7155,51.6428
old,Mix8,3,6.08682,1.74883,2.53368,3.34262,4.17059,5.01424,5.87102,6.73891,7.61624,8.50165,9.39405,10.2925,11.1964,13.9371,18.6045,23.427,28.369,33.2704,37.9636
old,Mix8,4,6.08300,1.65104,2.29491,2.93476,3.57191,4.20718,4.84116,5.47432,6.10704,6.73961,7.37227,8.00524,8.63867,10.5429,13.7326,16.9368,20.1336,23.2841,26.3382
old,Mix8,5,6.08209,1.57385,2.11914,2.64823,3.16608,3.67575,4.17941,4.67869,5.17485,5.66888,6.16155,6.65345,7.14505,8.62033,11.077,13.4906,15.8136,18.0746,20.3844
old,Mix8,6,6.08070,1.52431,2.00878,2.47124,2.91865,3.35527,3.78406,4.20718,4.62632,5.04276,5.45754,5.87143,6.28503,7.52741,9.60132,11.6371,13.59,15.5084,17.5293
old,Mix8,7,6.07914,1.47836,1.91231,2.32206,2.7154,3.09703,3.47015,3.83709,4.19964,4.55914,4.91666,5.27298,5.6287,6.69541,8.46646,10.1704,11.717,13.095,14.4199
old,Mix8,8,6.07744,1.43859,1.82997,2.19592,2.54476,2.88142,3.20923,3.53063,3.84742,4.16099,4.47241,4.78251,5.09188,6.01907,7.55807,9.03238,10.3369,11.4151,12.3391
old,Mix8,9,6.07805,1.40343,1.76111,2.09431,2.41108,2.71621,3.01292,3.30351,3.58972,3.87285,4.1539,4.4336,4.71249,5.5468,6.9215,8.22096,9.38599,10.4581,11.5735
old,Mix8,10,6.07486,1.37203,1.69993,2.00433,2.29303,2.57063,2.84023,3.10401,3.36362,3.62026,3.87487,4.1281,4.38039,5.13343,6.36546,7.53223,8.64893,9.82855,11.1974
old,Mix8,11,6.07513,1.34936,1.6562,1.94044,2.20961,2.46813,2.71897,2.96424,3.20551,3.44397,3.6805,3.91576,4.15021,4.85074,6.00104,7.09034,8.10895,9.1437,10.3198
old,Mix8,12,6.07457,1.32867,1.61641,1.88244,2.13399,2.37534,2.60932,2.83797,3.06279,3.28493,3.50525,3.7244,3.94283,4.59612,5.67272,6.69513,7.63698,8.55958,9.58054
old,Mix8,13,6.07406,1.30964,1.57991,1.82933,2.06488,2.29063,2.50934,2.72293,2.93287,3.14025,3.3459,3.55047,3.7544,4.36483,5.37422,6.337,7.21628,8.05077,8.9463
old,Mix8,14,6.07447,1.29201,1.54618,1.78036,2.00124,2.21275,2.4175,2.61736,2.81373,3.00766,3.19995,3.39123,3.58194,4.15321,5.10084,6.0093,6.83564,7.59967,8.3933
old,Mix8,15,6.07453,1.2756,1.51487,1.73497,1.94234,2.14073,2.33265,2.5199,2.70381,2.8854,3.06543,3.24451,3.42308,3.95833,4.84876,5.70689,6.48686,7.19327,7.90352
old,Mix9,0.015,6.74657,1.27036,1.41886,1.52222,1.602,1.66789,1.72497,1.77615,1.82321,1.86729,1.9091,1.94914,1.98771,2.0961,2.25253,2.37191,2.45644,2.52908,2.61658
old,Mix9,0.02,6.76278,1.6177,2.03239,2.35907,2.63433,2.87656,3.09646,3.30075,3.49391,3.67903,3.85829,4.03325,4.20502,4.7076,5.51111,6.24279,6.86297,7.40273,7.97104
old,Mix9,0.03,6.77541,2.80928,4.49303,6.13079,7.7527,9.3773,11.0179,12.6847,14.3863,16.1296,17.9209,19.7654,21.6675,27.7537,39.2324,52.1353,65.8707,80.3981,96.971
old,Mix9,0.04,6.78291,4.21375,8.42585,13.5338,19.5311,26.4263,34.2319,42.9608,52.6252,63.237,74.8077,87.3498,100.878,147.589,248.352,386.505,575.385,818.751,1099.87
old,Mix9,0.05,6.78819,5.37127,12.3236,21.9819,34.6544,50.6699,70.3528,94.012,121.935,154.388,191.615,233.845,281.299,457.371,884.557,1554.77,2612.38,4157.66,6060.29
old,Mix9,0.06,6.79299,5.84086,14.5962,27.9233,46.7648,72.1342,105.068,146.592,197.704,259.349,332.424,417.777,516.23,898.71,1899.86,3619.69,6605.45,11318.9,17323.2
old,Mix9,0.08,6.79975,5.68298,15.3046,31.3692,55.8746,91.0787,139.419,203.442,285.734,388.866,515.355,667.658,848.189,1584.27,3668.82,7572.72,14867.4,26808.4,41747.7
old,Mix9,0.1,6.80490,5.33306,14.4087,29.8754,53.9691,89.325,138.922,206.028,294.132,406.888,548.053,721.45,930.955,1816.41,4446.48,9453.16,18943.2,35600.3,59513.9
old,Mix9,0.15,6.81272,4.0423,10.6616,22.2066,40.4816,67.5988,105.921,157.996,226.493,314.131,423.627,557.652,718.825,1391.42,3337.39,6971.39,13789.4,25414.5,40990.2
old,Mix9,0.2,6.81293,3.45738,8.67416,17.5709,31.3563,51.3948,79.1528,116.146,163.89,223.853,297.426,385.904,490.496,912.469,2066.08,4107.91,7703.1,13223.2,19548.8
old,Mix9,0.3,6.81931,2.99338,6.83018,12.9102,21.767,33.9675,50.0818,70.6596,96.2106,127.19,163.992,206.944,256.317,445.166,912.973,1647.65,2812.09,4487.64,6369.27
old,Mix9,0.356,6.82072,2.83306,6.21756,11.411,18.7688,28.6561,41.4247,57.397,76.8556,100.035,127.121,158.25,193.52,324.841,635.912,1103.13,1812.85,2786.18,3819.75
old,Mix9,0.4,6.82148,2.72396,5.81391,10.4462,16.8769,25.3614,36.1359,49.4059,65.3394,84.0634,105.664,130.191,157.663,257.751,486.146,816.223,1299.63,1935.86,2578.49
old,Mix9,0.5,6.82251,2.55783,5.17561,8.91719,13.9074,20.2657,28.094,37.4716,48.4527,61.0663,75.3179,91.1935,108.665,170.296,303.413,484.595,736.879,1058.48,1380.74
old,Mix9,0.511,6.82241,2.54244,5.11925,8.78637,13.6595,19.8489,27.4478,36.5276,47.1356,59.2952,73.0079,88.2565,105.011,163.945,290.649,462.277,700.069,1001.5,1301.81
old,Mix9,0.6,6.82303,2.42876,4.71105,7.85205,11.909,16.9343,22.967,30.0301,38.1299,47.2569,57.3884,68.4912,80.5254,121.816,206.955,317.221,463.164,639.006,804.702
old,Mix9,0.662,6.82587,2.3683,4.49743,7.3725,11.0279,15.4945,20.7928,26.9305,33.9027,41.6927,50.2744,59.6144,69.6758,103.835,173.178,261.755,377.669,516.174,646.625
old,Mix9,0.8,6.82296,2.2528,4.10165,6.50258,9.45612,12.9624,17.0156,21.6029,26.7046,32.2955,38.3461,44.8247,51.6993,74.4189,118.58,172.651,240.884,319.842,392.462
old,Mix9,1,6.82394,2.1344,3.70892,5.66601,7.9881,10.6604,13.6667,16.9879,20.6031,24.4893,28.6229,32.9804,37.5397,52.246,79.7636,112.146,151.45,195.421,235.219
old,Mix9,1.173,6.47343,2.09182,3.55471,5.33004,7.39673,9.73787,12.3367,15.1754,18.2356,21.4982,24.9442,28.5553,32.3148,44.3493,66.642,92.6024,123.838,158.911,191.612
old,Mix9,1.33,6.21820,2.05294,3.41804,5.03659,6.88509,8.94502,11.1991,13.6304,16.222,18.9572,21.8203,24.7965,27.8725,37.5986,55.2821,75.4891,99.3131,125.515,149.633
old,Mix9,1.5,6.16152,2.00359,3.25292,4.69268,6.29912,8.05403,9.94129,11.9459,14.0536,16.2511,18.526,20.8672,23.265,30.7253,43.9134,58.4597,74.9657,92.5239,108.397
old,Mix9,2,6.13462,1.89224,2.92237,4.05279,5.26724,6.55407,7.90372,9.3079,10.7593,12.2513,13.7783,15.335,16.9172,21.786,30.2489,39.3045,49.1758,59.507,69.2644
old,Mix9,2.51,6.13002,1.81112,2.69979,3.64284,4.63043,5.65577,6.71358,7.79948,8.90981,10.0414,11.1916,12.3582,13.5395,17.1602,23.4491,30.1532,37.3045,44.5915,51.508
old,Mix9,3,6.12806,1.74734,2.53073,3.33825,4.16488,5.00727,5.86286,6.72963,7.60593,8.49039,9.38188,10.2795,11.1826,13.9209,18.583,23.3973,28.3324,33.2329,37.9309
old,Mix9,4,6.12426,1.65007,2.29307,2.93215,3.56861,4.20327,4.83673,5.46946,6.10183,6.73412,7.36659,7.99945,8.63285,10.5374,13.729,16.9359,20.1355,23.2876,26.3418
old,Mix9,5,6.12339,1.57328,2.11807,2.64674,3.16425,3.67368,4.17718,4.67639,5.17257,5.66669,6.15953,6.6517,7.14363,8.62031,11.0801,13.497,15.823,18.0886,20.4063
old,Mix9,6,6.12203,1.52396,2.008,2.47004,2.91709,3.35342,3.78199,4.20498,4.62406,5.04055,5.45545,5.86955,6.28343,7.52704,9.60336,11.6403,13.5937,15.5163,17.549
old,Mix9,7,6.12058,1.4778,1.91137,2.32088,2.71408,3.09567,3.46883,3.83589,4.19862,4.55837,4.91618,5.27285,5.62896,6.69699,8.46998,10.1745,11.7226,13.1106,14.4609
old,Mix9,8,6.11887,1.43784,1.82887,2.19469,2.54354,2.88032,3.20835,3.53002,3.84715,4.16109,4.47292,4.78345,5.09326,6.0217,7.56166,9.03404,10.3355,11.4185,12.3655
old,Mix9,9,6.11957,1.4028,1.7602,2.0933,2.41011,2.71538,3.01229,3.30315,3.58967,3.87316,4.15459,4.43471,4.71404,5.54979,6.92709,8.22961,9.40009,10.483,11.6155
old,Mix9,10,6.11646,1.3715,1.69919,2.00354,2.2923,2.57004,2.83984,3.10388,3.36379,3.62078,3.87577,4.12942,4.38219,5.13698,6.37336,7.54561,8.66536,9.84288,11.2055
old,Mix9,11,6.11660,1.34891,1.65553,1.93969,2.20887,2.46748,2.71846,2.96393,3.20544,3.44418,3.68104,3.91667,4.15153,4.85357,6.00748,7.10144,8.12354,9.15843,10.3317
old,Mix9,12,6.11617,1.32828,1.61581,1.88173,2.13327,2.37466,2.60874,2.83754,3.06256,3.28494,3.50554,3.72501,3.94381,4.59844,5.67816,6.7045,7.64973,8.57369,9.59414
old,Mix9,13,6.11578,1.30931,1.57937,1.82868,2.06418,2.28995,2.50871,2.72242,2.93252,3.14011,3.34601,3.55086,3.75512,4.36678,5.37894,6.34506,7.22735,8.06374,8.9603
old,Mix9,14,6.11630,1.29173,1.54572,1.77977,2.00059,2.21208,2.41687,2.61682,2.81332,3.00742,3.19993,3.39147,3.58249,4.1549,5.10506,6.0164,6.8453,7.61132,8.40691
old,Mix9,15,6.11600,1.27538,1.51447,1.73445,1.94174,2.1401,2.33204,2.51936,2.70338,2.88511,3.06534,3.24466,3.42351,3.95982,4.85259,5.71325,6.49531,7.20352,7.91616
old,Mix10,0.015,6.82735,1.25862,1.39943,1.49692,1.57189,1.63365,1.68706,1.73491,1.77887,1.82001,1.85903,1.89636,1.93232,2.03324,2.1785,2.28884,2.36657,2.43325,2.51379
old,Mix10,0.02,6.84585,1.59125,1.98184,2.28652,2.54143,2.76458,2.96634,3.15319,3.32943,3.49798,3.6609,3.81965,3.97525,4.42901,5.14862,5.79478,6.33408,6.80126,7.29826
old,Mix10,0.03,6.86397,2.7343,4.30899,5.81634,7.29056,8.75221,10.2156,11.6914,13.1882,14.7132,16.272,17.8698,19.5106,24.7208,34.4128,45.1072,56.203,67.5567,80.1638
old,Mix10,0.04,6.87480,4.09896,8.05849,12.7728,18.2234,24.4064,31.3224,38.9728,47.3597,56.485,66.3511,76.9611,88.3205,126.999,208.314,316.326,459.247,638.049,840.216
old,Mix10,0.05,6.88169,5.22334,11.8024,20.7988,32.4427,46.9796,64.6479,85.6694,110.246,138.557,170.766,207.02,247.461,395.455,746.047,1282.3,2108.06,3284.61,4697.86
old,Mix10,0.06,6.88744,5.68867,14.0241,26.5407,44.026,67.316,97.2506,134.647,180.281,234.876,299.102,373.583,458.915,786.236,1625.39,3039.08,5448.13,9166.31,13778.5
old,Mix10,0.08,6.89512,5.56255,14.8094,30.0778,53.1402,85.9745,130.687,189.448,264.429,357.758,471.493,607.615,768.056,1415.42,3220.26,6558.52,12714.3,22584.9,34594.4
old,Mix10,0.1,6.90082,5.27113,14.0704,28.8777,51.6973,84.8678,131.007,192.956,273.726,376.436,504.27,660.442,848.188,1634.26,3933.36,8242.35,16293.5,30235.2,50014.1
old,Mix10,0.15,6.90949,4.0047,10.4595,21.6085,39.1113,64.8948,101.096,150.004,213.996,295.476,396.83,520.388,668.426,1282.04,3038.98,6289.95,12344.5,22601.6,36276.8
old,Mix10,0.2,6.90944,3.42499,8.52566,17.1616,30.4594,49.6815,76.1745,111.32,156.488,212.999,282.093,364.922,462.557,854.591,1920.99,3805.28,7099.99,12059.3,17566.9
old,Mix10,0.3,6.91643,2.97641,6.74473,12.6757,21.2675,33.0475,48.5433,68.2618,92.6709,122.187,157.168,197.911,244.662,422.955,862.822,1550.72,2634.64,4182.39,5907.37
old,Mix10,0.356,6.91798,2.81837,6.14633,11.2214,18.3759,27.9499,40.2702,55.6352,74.3053,96.496,122.376,152.071,185.669,310.475,605.109,1045.84,1712.58,2625.17,3596.86
old,Mix10,0.4,6.91880,2.71082,5.75189,10.2848,16.5491,24.783,35.2065,48.0104,63.3501,81.3427,102.067,125.568,151.862,247.491,465.133,778.561,1236.48,1840.81,2457.86
old,Mix10,0.5,6.91988,2.54689,5.12782,8.79881,13.6761,19.8707,27.4773,36.5692,47.1958,59.3829,73.1343,88.4358,105.259,164.519,292.196,465.213,704.528,1007.51,1309.68
old,Mix10,0.511,6.91978,2.5313,5.07197,8.67067,13.4351,19.4679,26.8556,35.6639,45.9361,57.6927,70.9336,85.6417,101.787,158.498,280.126,444.199,670.168,955.006,1237.93
old,Mix10,0.6,6.92042,2.41616,4.66727,7.755,11.7326,16.649,22.5401,29.427,37.3145,46.193,56.0398,66.8225,78.5029,118.544,201.008,307.691,448.955,619.98,782.989
old,Mix10,0.662,6.92350,2.35776,4.46002,7.2896,10.8782,15.2546,20.4376,26.4343,33.2393,40.8367,49.2012,58.3009,68.1004,101.361,168.863,255.005,367.655,502.652,630.975
old,Mix10,0.8,6.92029,2.24627,4.0762,6.44529,9.35332,12.8001,16.78,21.2807,26.2839,31.7654,37.6974,44.0499,50.7924,73.093,116.494,169.574,236.332,313.499,384.835
old,Mix10,1,6.92144,2.12805,3.68835,5.62372,7.9166,10.5524,13.5152,16.7865,20.3461,24.1716,28.2403,32.5296,37.0178,51.5,78.6078,110.46,149.005,192.078,231.188
old,Mix10,1.173,6.56357,2.08654,3.53815,5.29685,7.34185,9.65663,12.2248,15.0293,18.0521,21.2748,24.679,28.2471,31.9625,43.8623,65.9136,91.5444,122.3,156.856,189.276
old,Mix10,1.33,6.30264,2.04851,3.4045,5.01016,6.84238,8.88314,11.1157,13.5234,16.09,18.7995,21.6363,24.5861,27.636,37.2861,54.8386,74.8543,98.3981,124.352,148.456
old,Mix10,1.5,6.24491,1.99984,3.24191,4.67184,6.26642,8.00791,9.88066,11.8701,13.9624,16.1446,18.4048,20.7319,23.1164,30.5425,43.6802,58.1446,74.5289,92.0237,108.017
old,Mix10,2,6.21815,1.88873,2.91385,4.03815,5.2456,6.52466,7.86592,9.26122,10.7033,12.1858,13.703,15.2498,16.822,21.661,30.0741,39.0749,48.8791,59.1344,68.8251
old,Mix10,2.51,6.21289,1.80793,2.69282,3.63175,4.61494,5.6357,6.68879,7.76989,8.87534,10.002,11.1473,12.3089,13.4851,17.0901,23.3467,30.0048,37.1012,44.3436,51.2374
old,Mix10,3,6.21188,1.74435,2.52478,3.32947,4.1534,4.99322,5.84641,6.71095,7.58517,8.46769,9.35739,10.2534,11.1549,13.8884,18.5402,23.3388,28.2595,33.1575,37.8647
old,Mix10,4,6.20811,1.64813,2.28938,2.9269,3.56197,4.19541,4.82782,5.45967,6.09132,6.72306,7.35514,7.98776,8.62108,10.5263,13.7214,16.9337,20.1383,23.2929,26.3468
old,Mix10,5,6.20730,1.57214,2.11591,2.64375,3.16059,3.66952,4.1727,4.67176,5.16796,5.66227,6.15547,6.64815,7.14074,8.62022,11.0864,13.5096,15.8417,18.1162,20.4501
old,Mix10,6,6.20596,1.52325,2.00643,2.46764,2.91396,3.34969,3.77782,4.20053,4.61952,5.03607,5.45121,5.86572,6.28016,7.52616,9.60697,11.6457,13.5996,15.5309,17.5882
old,Mix10,7,6.20473,1.47666,1.90948,2.3185,2.71143,3.09293,3.46617,3.83346,4.19655,4.55679,4.9152,5.27257,5.62945,6.70009,8.47686,10.1825,11.7346,13.1459,14.5511
old,Mix10,8,6.20299,1.43633,1.82665,2.1922,2.54107,2.87809,3.20654,3.52878,3.84656,4.16126,4.47391,4.78529,5.09598,6.02692,7.56871,9.0374,10.3346,11.4324,12.4334
old,Mix10,9,6.20386,1.40152,1.75836,2.09128,2.40816,2.71369,3.01101,3.3024,3.58955,3.87374,4.15595,4.43691,4.71712,5.55576,6.93831,8.24718,9.42913,10.5346,11.7024
old,Mix10,10,6.20089,1.37044,1.69769,2.00194,2.29082,2.56884,2.83905,3.1036,3.3641,3.62178,3.87753,4.13203,4.38573,5.14398,6.38896,7.57222,8.69847,9.87217,11.2224
old,Mix10,11,6.20074,1.34799,1.65418,1.93818,2.20738,2.46616,2.71743,2.96329,3.20529,3.44459,3.6821,3.91846,4.15414,4.85918,6.02033,7.12367,8.15301,9.1884,10.356
old,Mix10,12,6.20058,1.32749,1.61459,1.88031,2.1318,2.37328,2.60756,2.83666,3.06207,3.28493,3.5061,3.72622,3.94574,4.60308,5.68908,6.72337,7.67552,8.60235,9.62183
old,Mix10,13,6.20039,1.30864,1.57829,1.82737,2.06277,2.28856,2.50746,2.7214,2.93182,3.13981,3.34621,3.55165,3.75657,4.37069,5.38846,6.36133,7.24974,8.09002,8.98871
old,Mix10,14,6.20112,1.29118,1.54478,1.77858,1.99926,2.21073,2.4156,2.61572,2.81249,3.00694,3.1999,3.39196,3.58358,4.15829,5.11357,6.03073,6.8648,7.63486,8.43443
old,Mix10,15,6.20008,1.27494,1.51367,1.7334,1.94053,2.13883,2.33081,2.51826,2.7025,2.88454,3.06516,3.24496,3.42437,3.96281,4.8603,5.72602,6.51229,7.22415,7.94162
