condition,value,E_MeV,mixture,d_mfp,B_exposure,T_primary,T_broad,T_broad_using_Geant4_MAC
thickness_cm,1,0.015,1,1.7057179356263559,1.3544126976836623,0.1816419321378484,0.24601813931929598,0.24653299249997285
thickness_cm,1,0.015,2,1.5640166319824753,1.355532386541428,0.20929372476680913,0.28370442222129755,0.28373991769396684
thickness_cm,1,0.015,3,1.8630914516747907,1.3526450649423076,0.1551921190755371,0.2099198539854642,0.21117719906874724
thickness_cm,1,0.015,4,1.8403394046997388,1.348242733240673,0.15876353187259518,0.2140517781508504,0.21490008360095084
thickness_cm,1,0.015,5,1.6723220754729267,1.3448157364922606,0.1878104488695098,0.25257044711739185,0.25307877037436305
thickness_cm,1,0.015,6,1.6943361212844172,1.3511568258987132,0.18372115711632006,0.2482360954997258,0.24881262853250685
thickness_cm,1,0.015,7,1.7173629051485315,1.3577278733311091,0.1795389855130052,0.24376508498059737,0.24398317706252506
thickness_cm,1,0.015,8,1.7292774844003336,1.3611037534710029,0.1774125470065884,0.24147688364351821,0.2422074217619675
thickness_cm,1,0.015,9,1.741473957689436,1.3645424766853596,0.17526188154274705,0.23915228190887616,0.2397952531720474
thickness_cm,1,0.015,10,1.7667477083193037,1.3716153586900206,0.17088786320548552,0.2343924177863632,0.23474940741289468
thickness_cm,1,0.02,1,0.8614213962297614,1.5098087699825231,0.42256102859830547,0.6379863468305573,0.6362245986586664
thickness_cm,1,0.02,2,0.7958265228591133,1.5036691381016178,0.45120814691330546,0.6784677653735582,0.6759025678596257
thickness_cm,1,0.02,3,0.9342718412039736,1.5154156255899371,0.39287183448547,0.5953641168334647,0.5932217162944472
thickness_cm,1,0.02,4,0.9230213890339427,1.5084821026136686,0.3973167771920356,0.5993452474623283,0.597083286936756
thickness_cm,1,0.02,5,0.8442700612882444,1.4924417024956667,0.42987102321960585,0.6415574417474228,0.6384438069403554
thickness_cm,1,0.02,6,0.8555761757401702,1.5039006507833004,0.42503822380374884,0.639215261386236,0.6374057603743009
thickness_cm,1,0.02,7,0.8674024186787368,1.5158421323993019,0.420041224613959,0.6367161856144378,0.6337131281686936
thickness_cm,1,0.02,8,0.8735212524268811,1.5220037146227239,0.4174789093780941,0.6354044508501028,0.6329412614448765
thickness_cm,1,0.02,9,0.8797855272594216,1.5282991973427162,0.41487188084978444,0.6340483625027885,0.6318195376172658
thickness_cm,1,0.02,10,0.8927643669948415,1.5413073446133716,0.40952211715751724,0.631199446956499,0.6285426664275433
thickness_cm,1,0.03,1,0.4326127928176764,,,,
thickness_cm,1,0.03,2,0.4053158948927021,,,,
thickness_cm,1,0.03,3,0.4629270575695994,,,,
thickness_cm,1,0.03,4,0.4568727101827676,,,,
thickness_cm,1,0.03,5,0.42231696593265766,,,,
thickness_cm,1,0.03,6,0.4291028041253994,,,,
thickness_cm,1,0.03,7,0.43620216889853963,,,,
thickness_cm,1,0.03,8,0.43987506873548105,,,,
thickness_cm,1,0.03,9,0.44363444200852375,,,,
thickness_cm,1,0.03,10,0.4514265335560074,,,,
thickness_cm,1,0.04,1,0.3245289800391047,,,,
thickness_cm,1,0.04,2,0.3065756557543305,,,,
thickness_cm,1,0.04,3,0.3444691778106215,,,,
thickness_cm,1,0.04,4,0.3396201879895561,,,,
thickness_cm,1,0.04,5,0.31578933837095735,,,,
thickness_cm,1,0.04,6,0.3215507026369614,,,,
thickness_cm,1,0.04,7,0.32757711372249015,,,,
thickness_cm,1,0.04,8,0.33069481122126376,,,,
thickness_cm,1,0.04,9,0.33388729212924195,,,,
thickness_cm,1,0.04,10,0.34050176386213954,,,,
thickness_cm,1,0.05,1,0.2816394465196652,,,,
thickness_cm,1,0.05,2,0.2671832743093586,,,,
thickness_cm,1,0.05,3,0.29769292452427987,,,,
thickness_cm,1,0.05,4,0.2933250757180157,,,,
thickness_cm,1,0.05,5,0.2735571256492135,,,,
thickness_cm,1,0.05,6,0.27888476286715524,,,,
thickness_cm,1,0.05,7,0.2844561439675188,,,,
thickness_cm,1,0.05,8,0.28733975054508926,,,,
thickness_cm,1,0.05,9,0.29029124772142284,,,,
thickness_cm,1,0.05,10,0.2964077354577166,,,,
thickness_cm,1,0.06,1,0.25897709896983606,,,,
thickness_cm,1,0.06,2,0.24622996085351506,,,,
thickness_cm,1,0.06,3,0.27313254011113164,,,,
thickness_cm,1,0.06,4,0.2690336501305483,,,,
thickness_cm,1,0.06,5,0.2512952140669267,,,,
thickness_cm,1,0.06,6,0.2563584554479503,,,,
thickness_cm,1,0.06,7,0.261654627079964,,,,
thickness_cm,1,0.06,8,0.26439446050436516,,,,
thickness_cm,1,0.06,9,0.2672001810417633,,,,
thickness_cm,1,0.06,10,0.27301315613678295,,,,
thickness_cm,1,0.08,1,0.23390627654203694,,,,
thickness_cm,1,0.08,2,0.22284101172366233,,,,
thickness_cm,1,0.08,3,0.2461952534568761,,,,
thickness_cm,1,0.08,4,0.24242670496083552,,,,
thickness_cm,1,0.08,5,0.22677395007169227,,,,
thickness_cm,1,0.08,6,0.2314744983064705,,,,
thickness_cm,1,0.08,7,0.23639264107402333,,,,
thickness_cm,1,0.08,8,0.2389368625984264,,,,
thickness_cm,1,0.08,9,0.24154236581942903,,,,
thickness_cm,1,0.08,10,0.24694042377675118,,,,
thickness_cm,1,0.1,1,0.21849737466347902,,,,
thickness_cm,1,0.1,2,0.20832862967019594,,,,
thickness_cm,1,0.1,3,0.22979209338184095,,,,
thickness_cm,1,0.1,4,0.22624584856396868,,,,
thickness_cm,1,0.1,5,0.2117636436069185,,,,
thickness_cm,1,0.1,6,0.2162032081356085,,,,
thickness_cm,1,0.1,7,0.22084566149383253,,,,
thickness_cm,1,0.1,8,0.22324859228792834,,,,
thickness_cm,1,0.1,9,0.2257080968225844,,,,
thickness_cm,1,0.1,10,0.23080501151530658,,,,
thickness_cm,1,0.15,1,0.19343589258146704,,,,
thickness_cm,1,0.15,2,0.18455931057563588,,,,
thickness_cm,1,0.15,3,0.20329554748674805,,,,
thickness_cm,1,0.15,4,0.20014173368146215,,,,
thickness_cm,1,0.15,5,0.18743205682739128,,,,
thickness_cm,1,0.15,6,0.19139049502602737,,,,
thickness_cm,1,0.15,7,0.19552968823351147,,,,
thickness_cm,1,0.15,8,0.1976722059122756,,,,
thickness_cm,1,0.15,9,0.19986378480086311,,,,
thickness_cm,1,0.15,10,0.20440829762016996,,,,
thickness_cm,1,0.2,1,0.17632304476431213,,,,
thickness_cm,1,0.2,2,0.16826679708733924,,,,
thickness_cm,1,0.2,3,0.1852702361192036,,,,
thickness_cm,1,0.2,4,0.1823926579634465,,,,
thickness_cm,1,0.2,5,0.17084368754078147,,,,
thickness_cm,1,0.2,6,0.17445552477694012,,,,
thickness_cm,1,0.2,7,0.17823352161139627,,,,
thickness_cm,1,0.2,8,0.18018845470897468,,,,
thickness_cm,1,0.2,9,0.18218941405006656,,,,
thickness_cm,1,0.2,10,0.18633606998074045,,,,
thickness_cm,1,0.3,1,0.15280672274251575,,,,
thickness_cm,1,0.3,2,0.1458465234676078,,,,
thickness_cm,1,0.3,3,0.16053806137820287,,,,
thickness_cm,1,0.3,4,0.15804567101827677,,,,
thickness_cm,1,0.3,5,0.14805790555320814,,,,
thickness_cm,1,0.3,6,0.1511890710263439,,,,
thickness_cm,1,0.3,7,0.15446293350771367,,,,
thickness_cm,1,0.3,8,0.15615631843960334,,,,
thickness_cm,1,0.3,9,0.15789095327659772,,,,
thickness_cm,1,0.3,10,0.16148428113509944,,,,
thickness_cm,1,0.356,1,0.1431688202252986,,,,
thickness_cm,1,0.356,2,0.13665171352074967,,,,
thickness_cm,1,0.356,3,0.15040665638722697,,,,
thickness_cm,1,0.356,4,0.14807240731070498,,,,
thickness_cm,1,0.356,5,0.13872114138411132,,,,
thickness_cm,1,0.356,6,0.14165292542332097,,,,
thickness_cm,1,0.356,7,0.14471958377341404,,,,
thickness_cm,1,0.356,8,0.14630643314631067,,,,
thickness_cm,1,0.356,9,0.1479306427315576,,,,
thickness_cm,1,0.356,10,0.1512965473609072,,,,
thickness_cm,1,0.4,1,0.13674799966419532,,,,
thickness_cm,1,0.4,2,0.1305252212891972,,,,
thickness_cm,1,0.4,3,0.14365895760796965,,,,
thickness_cm,1,0.4,4,0.1414286579634465,,,,
thickness_cm,1,0.4,5,0.13249921258043734,,,,
thickness_cm,1,0.4,6,0.1353003325790272,,,,
thickness_cm,1,0.4,7,0.1382289661155325,,,,
thickness_cm,1,0.4,8,0.13974575961785607,,,,
thickness_cm,1,0.4,9,0.14129688250447262,,,,
thickness_cm,1,0.4,10,0.14451274185510915,,,,
thickness_cm,1,0.5,1,0.12481770942379125,,,,
thickness_cm,1,0.5,2,0.11913948034562491,,,,
thickness_cm,1,0.5,3,0.13112248802705814,,,,
thickness_cm,1,0.5,4,0.12908709138381202,,,,
thickness_cm,1,0.5,5,0.12093664434947045,,,,
thickness_cm,1,0.5,6,0.12349493262664075,,,,
thickness_cm,1,0.5,7,0.12617091284967397,,,,
thickness_cm,1,0.5,8,0.12755560493272755,,,,
thickness_cm,1,0.5,9,0.1289728977094237,,,,
thickness_cm,1,0.5,10,0.13190858684965454,,,,
thickness_cm,1,0.511,1,0.1236768529026476,,,,
thickness_cm,1,0.511,2,0.118051622246562,,,,
thickness_cm,1,0.511,3,0.1299241800844146,,,,
thickness_cm,1,0.511,4,0.12790641253263707,,,,
thickness_cm,1,0.511,5,0.11983212940630475,,,,
thickness_cm,1,0.511,6,0.12236558278765518,,,,
thickness_cm,1,0.511,7,0.1250169352872933,,,,
thickness_cm,1,0.511,8,0.1263895663909377,,,,
thickness_cm,1,0.511,9,0.12779313277107912,,,,
thickness_cm,1,0.511,10,0.13070320576708103,,,,
thickness_cm,1,0.6,1,0.11540931254591529,,,,
thickness_cm,1,0.6,2,0.1101602133787676,,,,
thickness_cm,1,0.6,3,0.12123750358832976,,,,
thickness_cm,1,0.6,4,0.11935551958224544,,,,
thickness_cm,1,0.6,5,0.11182181542596299,,,,
thickness_cm,1,0.6,6,0.11418571245855415,,,,
thickness_cm,1,0.6,7,0.11665970830921,,,,
thickness_cm,1,0.6,8,0.1179392004247347,,,,
thickness_cm,1,0.6,9,0.11924881644360713,,,,
thickness_cm,1,0.6,10,0.1219627781518943,,,,
thickness_cm,1,0.662,1,0.11049895933210396,,,,
thickness_cm,1,0.662,2,0.10547532331345584,,,,
thickness_cm,1,0.662,3,0.11607956940042918,,,,
thickness_cm,1,0.662,4,0.11427721148825065,,,,
thickness_cm,1,0.662,5,0.10706698182133034,,,,
thickness_cm,1,0.662,6,0.10932924428413143,,,,
thickness_cm,1,0.662,7,0.1116955802689338,,,,
thickness_cm,1,0.662,8,0.1129200462331428,,,,
thickness_cm,1,0.662,9,0.11417472204250695,,,,
thickness_cm,1,0.662,10,0.11677199975757248,,,,
thickness_cm,1,0.8,1,0.10134675479581816,,,,
thickness_cm,1,0.8,2,0.09673695732424649,,,,
thickness_cm,1,0.8,3,0.10646494351045234,,,,
thickness_cm,1,0.8,4,0.10481094516971279,,,,
thickness_cm,1,0.8,5,0.09819473328253686,,,,
thickness_cm,1,0.8,6,0.10027201689553812,,,,
thickness_cm,1,0.8,7,0.10244486423085518,,,,
thickness_cm,1,0.8,8,0.10356852635876498,,,,
thickness_cm,1,0.8,9,0.10472002504247165,,,,
thickness_cm,1,0.8,10,0.10710490006599414,,,,
thickness_cm,1,1,1,0.09111507315356131,,,,
thickness_cm,1,1,2,0.08697159243032737,,,,
thickness_cm,1,1,3,0.095716783080137,,,,
thickness_cm,1,1,4,0.09422928459530026,,,,
thickness_cm,1,1,5,0.08828119553914676,,,,
thickness_cm,1,1,6,0.09014876769631357,,,,
thickness_cm,1,1,7,0.09210360565429282,,,,
thickness_cm,1,1,8,0.09311514102393702,,,,
thickness_cm,1,1,9,0.09415049161943394,,,,
thickness_cm,1,1,10,0.0962960837856402,,,,
thickness_cm,1,1.173,1,0.08418186790927773,,,,
thickness_cm,1,1.173,2,0.08035569084418483,,,,
thickness_cm,1,1.173,3,0.08843259155570082,,,,
thickness_cm,1,1.173,4,0.087059091383812,,,,
thickness_cm,1,1.173,5,0.08156765436006842,,,,
thickness_cm,1,1.173,6,0.0832908699591092,,,,
thickness_cm,1,1.173,7,0.0850933606730001,,,,
thickness_cm,1,1.173,8,0.08602606361296175,,,,
thickness_cm,1,1.173,9,0.08698072577633295,,,,
thickness_cm,1,1.173,10,0.08896051933359372,,,,
thickness_cm,1,1.33,1,0.07892325323111729,,,,
thickness_cm,1,1.33,2,0.07533480731004827,,,,
thickness_cm,1,1.33,3,0.08290854683303253,,,,
thickness_cm,1,1.33,4,0.08162102349869452,,,,
thickness_cm,1,1.33,5,0.07646830499629417,,,,
thickness_cm,1,1.33,6,0.0780874169626617,,,,
thickness_cm,1,1.33,7,0.07977966516061091,,,,
thickness_cm,1,1.33,8,0.08065464016635605,,,,
thickness_cm,1,1.33,9,0.0815515967275108,,,,
thickness_cm,1,1.33,10,0.08340897547441715,,,,
thickness_cm,1,1.5,1,0.07415433953922554,,,,
thickness_cm,1,1.5,2,0.07078177883250172,,,,
thickness_cm,1,1.5,3,0.07789987309392188,,,,
thickness_cm,1,1.5,4,0.07668995300261097,,,,
thickness_cm,1,1.5,5,0.07184895511716667,,,,
thickness_cm,1,1.5,6,0.07336815951634003,,,,
thickness_cm,1,1.5,7,0.07495860334444271,,,,
thickness_cm,1,1.5,8,0.07578158213866523,,,,
thickness_cm,1,1.5,9,0.07662393685037376,,,,
thickness_cm,1,1.5,10,0.07836957709868146,,,,
thickness_cm,1,2,1,0.06363444151267979,,,,
thickness_cm,1,2,2,0.06073113646505213,,,,
thickness_cm,1,2,3,0.06685741611835094,,,,
thickness_cm,1,2,4,0.0658165953002611,,,,
thickness_cm,1,2,5,0.061648966068422836,,,,
thickness_cm,1,2,6,0.0629572955216729,,,,
thickness_cm,1,2,7,0.06432581359422629,,,,
thickness_cm,1,2,8,0.06503463909132579,,,,
thickness_cm,1,2,9,0.06575877146386329,,,,
thickness_cm,1,2,10,0.06726083031421298,,,,
thickness_cm,1,2.51,1,0.05622888163858934,,,,
thickness_cm,1,2.51,2,0.053658790921260795,,,,
thickness_cm,1,2.51,3,0.05908319972430259,,,,
thickness_cm,1,2.51,4,0.05816440731070496,,,,
thickness_cm,1,2.51,5,0.05447348990143176,,,,
thickness_cm,1,2.51,6,0.05562971490750723,,,,
thickness_cm,1,2.51,7,0.056840480774386186,,,,
thickness_cm,1,2.51,8,0.05746767703207598,,,,
thickness_cm,1,2.51,9,0.05810825831567576,,,,
thickness_cm,1,2.51,10,0.05943717140971595,,,,
thickness_cm,1,3,1,0.05103164637560156,,,,
thickness_cm,1,3,2,0.0486873554825362,,,,
thickness_cm,1,3,3,0.05363660146091208,,,,
thickness_cm,1,3,4,0.05280134725848564,,,,
thickness_cm,1,3,5,0.04942962434905484,,,,
thickness_cm,1,3,6,0.050485631937641925,,,,
thickness_cm,1,3,7,0.05159156996725346,,,,
thickness_cm,1,3,8,0.05216315743622872,,,,
thickness_cm,1,3,9,0.052748202155515476,,,,
thickness_cm,1,3,10,0.05396061017656803,,,,
thickness_cm,1,4,1,0.04366745088999703,,,,
thickness_cm,1,4,2,0.041641635836274386,,,,
thickness_cm,1,4,3,0.0459187097645203,,,,
thickness_cm,1,4,4,0.04519916449086162,,,,
thickness_cm,1,4,5,0.04228511589075066,,,,
thickness_cm,1,4,6,0.04319631200727367,,,,
thickness_cm,1,4,7,0.04415077663227718,,,,
thickness_cm,1,4,8,0.044643983841806366,,,,
thickness_cm,1,4,9,0.04514880294493771,,,,
thickness_cm,1,4,10,0.046196371466282374,,,,
thickness_cm,1,5,1,0.03881981142647081,,,,
thickness_cm,1,5,2,0.036998586467080444,,,,
thickness_cm,1,5,3,0.04084103827078034,,,,
thickness_cm,1,5,4,0.04019864229765013,,,,
thickness_cm,1,5,5,0.03757802417034364,,,,
thickness_cm,1,5,6,0.038396575191585035,,,,
thickness_cm,1,5,7,0.03925278297861694,,,,
thickness_cm,1,5,8,0.039695829655100975,,,,
thickness_cm,1,5,9,0.04014930726359234,,,,
thickness_cm,1,5,10,0.04108906429716225,,,,
thickness_cm,1,6,1,0.03539857619815227,,,,
thickness_cm,1,6,2,0.033721065271185756,,,,
thickness_cm,1,6,3,0.03726160373470519,,,,
thickness_cm,1,6,4,0.03667327415143603,,,,
thickness_cm,1,6,5,0.034254156771284294,,,,
thickness_cm,1,6,6,0.03500852567462835,,,,
thickness_cm,1,6,7,0.03579624901691292,,,,
thickness_cm,1,6,8,0.036204540953278214,,,,
thickness_cm,1,6,9,0.0366224455685178,,,,
thickness_cm,1,6,10,0.03748706871473016,,,,
thickness_cm,1,7,1,0.032860670814274795,,,,
thickness_cm,1,7,2,0.0312879653969413,,,,
thickness_cm,1,7,3,0.03460871047508065,,,,
thickness_cm,1,7,4,0.034060501305483035,,,,
thickness_cm,1,7,5,0.031788352967090816,,,,
thickness_cm,1,7,6,0.032495194549315855,,,,
thickness_cm,1,7,7,0.033234553796563746,,,,
thickness_cm,1,7,8,0.03361713692904898,,,,
thickness_cm,1,7,9,0.03400872746155305,,,,
thickness_cm,1,7,10,0.03482023380786273,,,,
thickness_cm,1,8,1,0.030907204209649857,,,,
thickness_cm,1,8,2,0.029412741470934242,,,,
thickness_cm,1,8,3,0.03256834830247133,,,,
thickness_cm,1,8,4,0.03204918015665797,,,,
thickness_cm,1,8,5,0.029890290488823624,,,,
thickness_cm,1,8,6,0.03056105101666068,,,,
thickness_cm,1,8,7,0.03126266933032026,,,,
thickness_cm,1,8,8,0.03162504063809888,,,,
thickness_cm,1,8,9,0.0319973249437197,,,,
thickness_cm,1,8,10,0.03276740757451279,,,,
thickness_cm,1,9,1,0.029371384495221375,,,,
thickness_cm,1,9,2,0.027936906007869865,,,,
thickness_cm,1,9,3,0.03096309441925903,,,,
thickness_cm,1,9,4,0.03046845953002611,,,,
thickness_cm,1,9,5,0.028394808223485977,,,,
thickness_cm,1,9,6,0.029038539668308647,,,,
thickness_cm,1,9,7,0.02971053576688425,,,,
thickness_cm,1,9,8,0.030058944376467785,,,,
thickness_cm,1,9,9,0.030415555793363122,,,,
thickness_cm,1,9,10,0.031154573731632745,,,,
thickness_cm,1,10,1,0.028125115500194264,,,,
thickness_cm,1,10,2,0.026738740619041825,,,,
thickness_cm,1,10,3,0.029664810138275044,,,,
thickness_cm,1,10,4,0.029189159268929506,,,,
thickness_cm,1,10,5,0.02718319662111147,,,,
thickness_cm,1,10,6,0.027803643115399203,,,,
thickness_cm,1,10,7,0.028453982421180836,,,,
thickness_cm,1,10,8,0.028790501981476254,,,,
thickness_cm,1,10,9,0.029134944437572256,,,,
thickness_cm,1,10,10,0.02984732945898261,,,,
thickness_cm,1,11,1,0.027105683474283434,,,,
thickness_cm,1,11,2,0.02575865400997931,,,,
thickness_cm,1,11,3,0.02860168147000725,,,,
thickness_cm,1,11,4,0.02814182767624021,,,,
thickness_cm,1,11,5,0.02618964930074047,,,,
thickness_cm,1,11,6,0.02679303332957801,,,,
thickness_cm,1,11,7,0.02742417554387503,,,,
thickness_cm,1,11,8,0.027751444217656494,,,,
thickness_cm,1,11,9,0.028085036529911993,,,,
thickness_cm,1,11,10,0.028777765963177954,,,,
thickness_cm,1,12,1,0.026253043337428703,,,,
thickness_cm,1,12,2,0.024937054886211514,,,,
thickness_cm,1,12,3,0.027713159364474826,,,,
thickness_cm,1,12,4,0.027266736292428203,,,,
thickness_cm,1,12,5,0.025358682450975636,,,,
thickness_cm,1,12,6,0.02594865961818694,,,,
thickness_cm,1,12,7,0.026564428517867434,,,,
thickness_cm,1,12,8,0.026883059542506214,,,,
thickness_cm,1,12,9,0.02720919230167962,,,,
thickness_cm,1,12,10,0.02788504828347856,,,,
thickness_cm,1,13,1,0.02553116804159394,,,,
thickness_cm,1,13,2,0.024242245750679486,,,,
thickness_cm,1,13,3,0.026962632768201003,,,,
thickness_cm,1,13,4,0.026526381201044388,,,,
thickness_cm,1,13,5,0.024656747720739502,,,,
thickness_cm,1,13,6,0.02523358063135262,,,,
thickness_cm,1,13,7,0.025836950265091772,,,,
thickness_cm,1,13,8,0.026148482568872797,,,,
thickness_cm,1,13,9,0.026468730935224484,,,,
thickness_cm,1,13,10,0.027129562957076858,,,,
thickness_cm,1,14,1,0.02492271123031732,,,,
thickness_cm,1,14,2,0.023655208105147863,,,,
thickness_cm,1,14,3,0.026330388037005985,,,,
thickness_cm,1,14,4,0.02590409399477807,,,,
thickness_cm,1,14,5,0.024063199970907476,,,,
thickness_cm,1,14,6,0.024630645028062437,,,,
thickness_cm,1,14,7,0.025222845246514913,,,,
thickness_cm,1,14,8,0.02552996329553462,,,,
thickness_cm,1,14,9,0.025844312021721275,,,,
thickness_cm,1,14,10,0.02649433278562674,,,,
thickness_cm,1,15,1,0.02440098620134987,,,,
thickness_cm,1,15,2,0.02315185185185185,,,,
thickness_cm,1,15,3,0.02578826282206148,,,,
thickness_cm,1,15,4,0.02536931592689295,,,,
thickness_cm,1,15,5,0.023553523098769107,,,,
thickness_cm,1,15,6,0.02411214679591135,,,,
thickness_cm,1,15,7,0.02469646951630618,,,,
thickness_cm,1,15,8,0.024998828643595216,,,,
thickness_cm,1,15,9,0.025308306405705246,,,,
thickness_cm,1,15,10,0.025949647672022517,,,,
thickness_cm,2,0.015,1,3.4114358712527117,1.514827165149375,0.032993791510770726,0.04997989166179033,0.05019915709009209
thickness_cm,2,0.015,2,3.1280332639649506,1.523561317160787,0.043803863226764855,0.06673787155450082,0.06675545614578778
thickness_cm,2,0.015,3,3.7261829033495815,1.5053414275549981,0.02408459382315568,0.03625553684783146,0.03670931748799872
thickness_cm,2,0.015,4,3.6806788093994776,1.499476829735927,0.02520585905266054,0.037795601623054044,0.038108319588173345
thickness_cm,2,0.015,5,3.3446441509458533,1.501362327712888,0.03527276470456675,0.052957200121717334,0.05318062875749626
thickness_cm,2,0.015,6,3.3886722425688345,1.5102619617363167,0.03375346357215955,0.05097657210988499,0.05122480063983227
thickness_cm,2,0.015,7,3.434725810297063,1.5194724637345727,0.032234247319039094,0.048979051190489876,0.04907085010280314
thickness_cm,2,0.015,8,3.458554968800667,1.5241997536835215,0.03147521183536493,0.04797451012659989,0.048278907949283946
thickness_cm,2,0.015,9,3.482947915378872,1.5290118185065462,0.030716727121903903,0.04696623879523164,0.047231010473932945
thickness_cm,2,0.015,10,3.5334954166386074,1.5388994923507593,0.029202661790936734,0.04493996140536346,0.04508337757125121
thickness_cm,2,0.02,1,1.7228427924595229,1.8528962737170382,0.17855782289005795,0.33084912467601524,0.3287134497052066
thickness_cm,2,0.02,2,1.5916530457182265,1.8536653411294641,0.20358879184093906,0.3773854872779698,0.37399814274177184
thickness_cm,2,0.02,3,1.868543682407947,1.8506027064245565,0.15434827833197853,0.2856373416131302,0.28327176323001796
thickness_cm,2,0.02,4,1.8460427780678854,1.8395553173976054,0.15786062143826568,0.29039334557445207,0.2878704989793386
thickness_cm,2,0.02,5,1.6885401225764889,1.82307226731535,0.1847890966038709,0.3368838773207742,0.33307346525245335
thickness_cm,2,0.02,6,1.7111523514803404,1.8427482203621088,0.1806574916942457,0.3329062713146537,0.3307044861185923
thickness_cm,2,0.02,7,1.7348048373574736,1.863261515069277,0.17643463037519436,0.32874385670357253,0.32512292845889584
thickness_cm,2,0.02,8,1.7470425048537621,1.8738493947904704,0.1742886397755229,0.3265906621622179,0.32363082543861743
thickness_cm,2,0.02,9,1.7595710545188432,1.8846694724383457,0.17211867751983773,0.3243868171580983,0.3217190637474354
thickness_cm,2,0.02,10,1.785528733989683,1.9070337995895281,0.16770836444117526,0.31982551946319976,0.3166750040704816
thickness_cm,2,0.03,1,0.8652255856353528,2.4526445595904516,0.42095658015792065,1.032456866148126,1.0316934883536406
thickness_cm,2,0.03,2,0.8106317897854042,2.433383118259852,0.44457709820645414,1.081826405540538,1.0805271377574723
thickness_cm,2,0.03,3,0.9258541151391988,2.4853962927051825,0.39619288018297005,0.9846963156029424,0.9838871827356698
thickness_cm,2,0.03,4,0.9137454203655352,2.459615349074951,0.40101942142562186,0.9863535242156158,0.9849476787553445
thickness_cm,2,0.03,5,0.8446339318653153,2.3867657125005866,0.4297146342567175,1.0256281552036635,1.0242379864837121
thickness_cm,2,0.03,6,0.8582056082507988,2.429896438614823,0.4239220825319681,1.0300867585946083,1.0296119764592018
thickness_cm,2,0.03,7,0.8724043377970793,2.47595996314871,0.4179454581787011,1.0348162212303076,1.0334588046812336
thickness_cm,2,0.03,8,0.8797501374709621,2.499869326815748,0.41488656333768903,1.037162193795888,1.0366456431772226
thickness_cm,2,0.03,9,0.8872688840170475,2.5243964441731723,0.4117788341769051,1.0394930247819536,1.0382154380183337
thickness_cm,2,0.03,10,0.9028530671120149,2.5754101556132634,0.405411342379958,1.0441004883661498,1.0429977699198987
thickness_cm,2,0.04,1,0.6490579600782094,2.831276585104395,0.5225377964384299,1.4794490278881733,1.4793252752379558
thickness_cm,2,0.04,2,0.613151311508661,2.7816139963633137,0.5416412963404403,1.5066370109089382,1.5065720885918843
thickness_cm,2,0.04,3,0.688938355621243,2.9112114655086705,0.502108847240735,1.4617450330205692,1.461745760987084
thickness_cm,2,0.04,4,0.6792403759791122,2.873908195247267,0.5070019770056583,1.4570771367231277,1.4570217319344145
thickness_cm,2,0.04,5,0.6315786767419147,2.751783496250836,0.531751674036649,1.463265480717805,1.4629371085294085
thickness_cm,2,0.04,6,0.6431014052739228,2.800658595770215,0.5256596098562846,1.4721931047932209,1.4719849289009075
thickness_cm,2,0.04,7,0.6551542274449803,2.8638037149905577,0.5193619565423542,1.4873507005707585,1.487220006085032
thickness_cm,2,0.04,8,0.6613896224425275,2.8972474776174497,0.5161336050797861,1.4953667854310113,1.4952554091804369
thickness_cm,2,0.04,9,0.6677745842584839,2.9316654793553933,0.5128486101631173,1.5035005665506027,1.5033297790369615
thickness_cm,2,0.04,10,0.6810035277242791,3.0035628153615033,0.506108843181702,1.5201297019061866,1.5200154989463404
thickness_cm,2,0.05,1,0.5632788930393304,2.9947022778422063,0.5693391976462623,1.7050013920561158,1.7030454922181404
thickness_cm,2,0.05,2,0.5343665486187172,2.9341792011839214,0.5860404006934464,1.7195475547682018,1.7183210908674216
thickness_cm,2,0.05,3,0.5953858490485597,3.097963429281811,0.5513497870294646,1.7080614769595963,1.7064323661499043
thickness_cm,2,0.05,4,0.5866501514360314,3.053749677261606,0.5561873108568066,1.6984568210259738,1.6960277445059775
thickness_cm,2,0.05,5,0.547114251298427,2.9074626113042887,0.5786171471470511,1.6823077215896032,1.6799713394781495
thickness_cm,2,0.05,6,0.5577695257343105,2.9648176643930437,0.5724845529100238,1.6973123150597924,1.6959377063256384
thickness_cm,2,0.05,7,0.5689122879350376,3.0325576996708477,0.5661409022051136,1.7168549520807177,1.7161708203801067
thickness_cm,2,0.05,8,0.5746795010901785,3.072652106933966,0.5628852440074431,1.7295505309615096,1.7275845802870917
thickness_cm,2,0.05,9,0.5805824954428457,3.1139477266750313,0.5595723232870018,1.7424789640098248,1.741030613183
thickness_cm,2,0.05,10,0.5928154709154332,3.2003637170694517,0.5527687873682104,1.7690611710216992,1.7665670800039925
thickness_cm,2,0.06,1,0.5179541979396721,2.9061420574788714,0.5957380643062136,1.7312994439213396,1.7284189562839356
thickness_cm,2,0.06,2,0.4924599217070301,,,,
thickness_cm,2,0.06,3,0.5462650802222633,3.014603883125597,0.5791087007696022,1.7457833380918621,1.7420086228768148
thickness_cm,2,0.06,4,0.5380673002610966,2.971080065784313,0.5838756188487213,1.7347412120589152,1.7334916115470698
thickness_cm,2,0.06,5,0.5025904281338534,2.821484470119312,0.6049615188784034,1.706889530535206,
thickness_cm,2,0.06,6,0.5127169108959005,2.877111933558635,0.598866300135969,1.7230053787273036,1.7200088317215096
thickness_cm,2,0.06,7,0.523309254159928,2.9383874497749165,0.5925563801314501,1.7411602306623075,1.7383259214474986
thickness_cm,2,0.06,8,0.5287889210087303,2.9784780712472227,0.5893182486226806,1.7552714805084728,1.7513707191179118
thickness_cm,2,0.06,9,0.5344003620835266,3.0198125889618113,0.5860205849720017,1.7696723398892156,1.765970280973492
thickness_cm,2,0.06,10,0.5460263122735659,3.106390999096535,0.5792469898750038,1.7993676356014736,1.7972826670006288
thickness_cm,2,0.08,1,0.4678125530840739,,,,
thickness_cm,2,0.08,2,0.44568202344732466,,,,
thickness_cm,2,0.08,3,0.4923905069137522,,,,
thickness_cm,2,0.08,4,0.48485340992167103,,,,
thickness_cm,2,0.08,5,0.45354790014338453,,,,
thickness_cm,2,0.08,6,0.462948996612941,,,,
thickness_cm,2,0.08,7,0.47278528214804666,,,,
thickness_cm,2,0.08,8,0.4778737251968528,,,,
thickness_cm,2,0.08,9,0.48308473163885807,,,,
thickness_cm,2,0.08,10,0.49388084755350237,,,,
thickness_cm,2,0.1,1,0.43699474932695803,,,,
thickness_cm,2,0.1,2,0.4166572593403919,,,,
thickness_cm,2,0.1,3,0.4595841867636819,,,,
thickness_cm,2,0.1,4,0.45249169712793735,,,,
thickness_cm,2,0.1,5,0.423527287213837,,,,
thickness_cm,2,0.1,6,0.432406416271217,,,,
thickness_cm,2,0.1,7,0.44169132298766506,,,,
thickness_cm,2,0.1,8,0.4464971845758567,,,,
thickness_cm,2,0.1,9,0.4514161936451688,,,,
thickness_cm,2,0.1,10,0.46161002303061316,,,,
thickness_cm,2,0.15,1,0.3868717851629341,,,,
thickness_cm,2,0.15,2,0.36911862115127175,,,,
thickness_cm,2,0.15,3,0.4065910949734961,,,,
thickness_cm,2,0.15,4,0.4002834673629243,,,,
thickness_cm,2,0.15,5,0.37486411365478256,,,,
thickness_cm,2,0.15,6,0.38278099005205474,,,,
thickness_cm,2,0.15,7,0.39105937646702293,,,,
thickness_cm,2,0.15,8,0.3953444118245512,,,,
thickness_cm,2,0.15,9,0.39972756960172623,,,,
thickness_cm,2,0.15,10,0.4088165952403399,,,,
thickness_cm,2,0.2,1,0.35264608952862425,,,,
thickness_cm,2,0.2,2,0.3365335941746785,,,,
thickness_cm,2,0.2,3,0.3705404722384072,,,,
thickness_cm,2,0.2,4,0.364785315926893,,,,
thickness_cm,2,0.2,5,0.34168737508156294,,,,
thickness_cm,2,0.2,6,0.34891104955388025,,,,
thickness_cm,2,0.2,7,0.35646704322279255,,,,
thickness_cm,2,0.2,8,0.36037690941794936,,,,
thickness_cm,2,0.2,9,0.3643788281001331,,,,
thickness_cm,2,0.2,10,0.3726721399614809,,,,
thickness_cm,2,0.3,1,0.3056134454850315,,,,
thickness_cm,2,0.3,2,0.2916930469352156,,,,
thickness_cm,2,0.3,3,0.32107612275640574,,,,
thickness_cm,2,0.3,4,0.31609134203655354,,,,
thickness_cm,2,0.3,5,0.29611581110641627,,,,
thickness_cm,2,0.3,6,0.3023781420526878,,,,
thickness_cm,2,0.3,7,0.30892586701542735,,,,
thickness_cm,2,0.3,8,0.3123126368792067,,,,
thickness_cm,2,0.3,9,0.31578190655319544,,,,
thickness_cm,2,0.3,10,0.3229685622701989,,,,
thickness_cm,2,0.356,1,0.2863376404505972,,,,
thickness_cm,2,0.356,2,0.27330342704149935,,,,
thickness_cm,2,0.356,3,0.30081331277445394,,,,
thickness_cm,2,0.356,4,0.29614481462140996,,,,
thickness_cm,2,0.356,5,0.27744228276822264,,,,
thickness_cm,2,0.356,6,0.28330585084664195,,,,
thickness_cm,2,0.356,7,0.2894391675468281,,,,
thickness_cm,2,0.356,8,0.29261286629262134,,,,
thickness_cm,2,0.356,9,0.2958612854631152,,,,
thickness_cm,2,0.356,10,0.3025930947218144,,,,
thickness_cm,2,0.4,1,0.27349599932839064,,,,
thickness_cm,2,0.4,2,0.2610504425783944,,,,
thickness_cm,2,0.4,3,0.2873179152159393,,,,
thickness_cm,2,0.4,4,0.282857315926893,,,,
thickness_cm,2,0.4,5,0.2649984251608747,,,,
thickness_cm,2,0.4,6,0.2706006651580544,,,,
thickness_cm,2,0.4,7,0.276457932231065,,,,
thickness_cm,2,0.4,8,0.27949151923571214,,,,
thickness_cm,2,0.4,9,0.28259376500894523,,,,
thickness_cm,2,0.4,10,0.2890254837102183,,,,
thickness_cm,2,0.5,1,0.2496354188475825,,,,
thickness_cm,2,0.5,2,0.23827896069124982,,,,
thickness_cm,2,0.5,3,0.2622449760541163,,,,
thickness_cm,2,0.5,4,0.25817418276762405,,,,
thickness_cm,2,0.5,5,0.2418732886989409,,,,
thickness_cm,2,0.5,6,0.2469898652532815,,,,
thickness_cm,2,0.5,7,0.25234182569934793,,,,
thickness_cm,2,0.5,8,0.2551112098654551,,,,
thickness_cm,2,0.5,9,0.2579457954188474,,,,
thickness_cm,2,0.5,10,0.26381717369930907,,,,
thickness_cm,2,0.511,1,0.2473537058052952,,,,
thickness_cm,2,0.511,2,0.236103244493124,,,,
thickness_cm,2,0.511,3,0.2598483601688292,,,,
thickness_cm,2,0.511,4,0.25581282506527414,,,,
thickness_cm,2,0.511,5,0.2396642588126095,,,,
thickness_cm,2,0.511,6,0.24473116557531036,,,,
thickness_cm,2,0.511,7,0.2500338705745866,,,,
thickness_cm,2,0.511,8,0.2527791327818754,,,,
thickness_cm,2,0.511,9,0.25558626554215824,,,,
thickness_cm,2,0.511,10,0.26140641153416205,,,,
thickness_cm,2,0.6,1,0.23081862509183057,,,,
thickness_cm,2,0.6,2,0.2203204267575352,,,,
thickness_cm,2,0.6,3,0.2424750071766595,,,,
thickness_cm,2,0.6,4,0.23871103916449088,,,,
thickness_cm,2,0.6,5,0.22364363085192598,,,,
thickness_cm,2,0.6,6,0.2283714249171083,,,,
thickness_cm,2,0.6,7,0.23331941661842,,,,
thickness_cm,2,0.6,8,0.2358784008494694,,,,
thickness_cm,2,0.6,9,0.23849763288721426,,,,
thickness_cm,2,0.6,10,0.2439255563037886,,,,
thickness_cm,2,0.662,1,0.22099791866420793,,,,
thickness_cm,2,0.662,2,0.21095064662691168,,,,
thickness_cm,2,0.662,3,0.23215913880085837,,,,
thickness_cm,2,0.662,4,0.2285544229765013,,,,
thickness_cm,2,0.662,5,0.21413396364266069,,,,
thickness_cm,2,0.662,6,0.21865848856826287,,,,
thickness_cm,2,0.662,7,0.2233911605378676,,,,
thickness_cm,2,0.662,8,0.2258400924662856,,,,
thickness_cm,2,0.662,9,0.2283494440850139,,,,
thickness_cm,2,0.662,10,0.23354399951514496,,,,
thickness_cm,2,0.8,1,0.20269350959163632,,,,
thickness_cm,2,0.8,2,0.19347391464849298,,,,
thickness_cm,2,0.8,3,0.21292988702090468,,,,
thickness_cm,2,0.8,4,0.20962189033942558,,,,
thickness_cm,2,0.8,5,0.19638946656507372,,,,
thickness_cm,2,0.8,6,0.20054403379107624,,,,
thickness_cm,2,0.8,7,0.20488972846171036,,,,
thickness_cm,2,0.8,8,0.20713705271752997,,,,
thickness_cm,2,0.8,9,0.2094400500849433,,,,
thickness_cm,2,0.8,10,0.2142098001319883,,,,
thickness_cm,2,1,1,0.18223014630712261,,,,
thickness_cm,2,1,2,0.17394318486065474,,,,
thickness_cm,2,1,3,0.191433566160274,,,,
thickness_cm,2,1,4,0.18845856919060053,,,,
thickness_cm,2,1,5,0.17656239107829352,,,,
thickness_cm,2,1,6,0.18029753539262713,,,,
thickness_cm,2,1,7,0.18420721130858564,,,,
thickness_cm,2,1,8,0.18623028204787404,,,,
thickness_cm,2,1,9,0.18830098323886788,,,,
thickness_cm,2,1,10,0.1925921675712804,,,,
thickness_cm,2,1.173,1,0.16836373581855546,,,,
thickness_cm,2,1.173,2,0.16071138168836965,,,,
thickness_cm,2,1.173,3,0.17686518311140165,,,,
thickness_cm,2,1.173,4,0.174118182767624,,,,
thickness_cm,2,1.173,5,0.16313530872013685,,,,
thickness_cm,2,1.173,6,0.1665817399182184,,,,
thickness_cm,2,1.173,7,0.1701867213460002,,,,
thickness_cm,2,1.173,8,0.1720521272259235,,,,
thickness_cm,2,1.173,9,0.1739614515526659,,,,
thickness_cm,2,1.173,10,0.17792103866718745,,,,
thickness_cm,2,1.33,1,0.15784650646223458,,,,
thickness_cm,2,1.33,2,0.15066961462009654,,,,
thickness_cm,2,1.33,3,0.16581709366606506,,,,
thickness_cm,2,1.33,4,0.16324204699738903,,,,
thickness_cm,2,1.33,5,0.15293660999258835,,,,
thickness_cm,2,1.33,6,0.1561748339253234,,,,
thickness_cm,2,1.33,7,0.15955933032122183,,,,
thickness_cm,2,1.33,8,0.1613092803327121,,,,
thickness_cm,2,1.33,9,0.1631031934550216,,,,
thickness_cm,2,1.33,10,0.1668179509488343,,,,
thickness_cm,2,1.5,1,0.14830867907845108,,,,
thickness_cm,2,1.5,2,0.14156355766500345,,,,
thickness_cm,2,1.5,3,0.15579974618784376,,,,
thickness_cm,2,1.5,4,0.15337990600522194,,,,
thickness_cm,2,1.5,5,0.14369791023433334,,,,
thickness_cm,2,1.5,6,0.14673631903268006,,,,
thickness_cm,2,1.5,7,0.14991720668888542,,,,
thickness_cm,2,1.5,8,0.15156316427733046,,,,
thickness_cm,2,1.5,9,0.15324787370074752,,,,
thickness_cm,2,1.5,10,0.15673915419736292,,,,
thickness_cm,2,2,1,0.12726888302535957,,,,
thickness_cm,2,2,2,0.12146227293010425,,,,
thickness_cm,2,2,3,0.13371483223670189,,,,
thickness_cm,2,2,4,0.1316331906005222,,,,
thickness_cm,2,2,5,0.12329793213684567,,,,
thickness_cm,2,2,6,0.1259145910433458,,,,
thickness_cm,2,2,7,0.12865162718845258,,,,
thickness_cm,2,2,8,0.13006927818265157,,,,
thickness_cm,2,2,9,0.13151754292772658,,,,
thickness_cm,2,2,10,0.13452166062842597,,,,
thickness_cm,2,2.51,1,0.11245776327717869,,,,
thickness_cm,2,2.51,2,0.10731758184252159,,,,
thickness_cm,2,2.51,3,0.11816639944860519,,,,
thickness_cm,2,2.51,4,0.11632881462140993,,,,
thickness_cm,2,2.51,5,0.10894697980286353,,,,
thickness_cm,2,2.51,6,0.11125942981501447,,,,
thickness_cm,2,2.51,7,0.11368096154877237,,,,
thickness_cm,2,2.51,8,0.11493535406415196,,,,
thickness_cm,2,2.51,9,0.11621651663135152,,,,
thickness_cm,2,2.51,10,0.1188743428194319,,,,
thickness_cm,2,3,1,0.10206329275120311,,,,
thickness_cm,2,3,2,0.0973747109650724,,,,
thickness_cm,2,3,3,0.10727320292182416,,,,
thickness_cm,2,3,4,0.10560269451697128,,,,
thickness_cm,2,3,5,0.09885924869810968,,,,
thickness_cm,2,3,6,0.10097126387528385,,,,
thickness_cm,2,3,7,0.10318313993450692,,,,
thickness_cm,2,3,8,0.10432631487245744,,,,
thickness_cm,2,3,9,0.10549640431103095,,,,
thickness_cm,2,3,10,0.10792122035313606,,,,
thickness_cm,2,4,1,0.08733490177999406,,,,
thickness_cm,2,4,2,0.08328327167254877,,,,
thickness_cm,2,4,3,0.0918374195290406,,,,
thickness_cm,2,4,4,0.09039832898172324,,,,
thickness_cm,2,4,5,0.08457023178150132,,,,
thickness_cm,2,4,6,0.08639262401454734,,,,
thickness_cm,2,4,7,0.08830155326455436,,,,
thickness_cm,2,4,8,0.08928796768361273,,,,
thickness_cm,2,4,9,0.09029760588987543,,,,
thickness_cm,2,4,10,0.09239274293256475,,,,
thickness_cm,2,5,1,0.07763962285294163,,,,
thickness_cm,2,5,2,0.07399717293416089,,,,
thickness_cm,2,5,3,0.08168207654156068,,,,
thickness_cm,2,5,4,0.08039728459530027,,,,
thickness_cm,2,5,5,0.07515604834068727,,,,
thickness_cm,2,5,6,0.07679315038317007,,,,
thickness_cm,2,5,7,0.07850556595723387,,,,
thickness_cm,2,5,8,0.07939165931020195,,,,
thickness_cm,2,5,9,0.08029861452718468,,,,
thickness_cm,2,5,10,0.0821781285943245,,,,
thickness_cm,2,6,1,0.07079715239630455,,,,
thickness_cm,2,6,2,0.06744213054237151,,,,
thickness_cm,2,6,3,0.07452320746941038,,,,
thickness_cm,2,6,4,0.07334654830287206,,,,
thickness_cm,2,6,5,0.06850831354256859,,,,
thickness_cm,2,6,6,0.0700170513492567,,,,
thickness_cm,2,6,7,0.07159249803382584,,,,
thickness_cm,2,6,8,0.07240908190655643,,,,
thickness_cm,2,6,9,0.0732448911370356,,,,
thickness_cm,2,6,10,0.07497413742946032,,,,
thickness_cm,2,7,1,0.06572134162854959,,,,
thickness_cm,2,7,2,0.0625759307938826,,,,
thickness_cm,2,7,3,0.0692174209501613,,,,
thickness_cm,2,7,4,0.06812100261096607,,,,
thickness_cm,2,7,5,0.06357670593418163,,,,
thickness_cm,2,7,6,0.06499038909863171,,,,
thickness_cm,2,7,7,0.06646910759312749,,,,
thickness_cm,2,7,8,0.06723427385809796,,,,
thickness_cm,2,7,9,0.0680174549231061,,,,
thickness_cm,2,7,10,0.06964046761572545,,,,
thickness_cm,2,8,1,0.061814408419299714,,,,
thickness_cm,2,8,2,0.058825482941868484,,,,
thickness_cm,2,8,3,0.06513669660494266,,,,
thickness_cm,2,8,4,0.06409836031331594,,,,
thickness_cm,2,8,5,0.05978058097764725,,,,
thickness_cm,2,8,6,0.06112210203332136,,,,
thickness_cm,2,8,7,0.06252533866064051,,,,
thickness_cm,2,8,8,0.06325008127619776,,,,
thickness_cm,2,8,9,0.0639946498874394,,,,
thickness_cm,2,8,10,0.06553481514902558,,,,
thickness_cm,2,9,1,0.05874276899044275,,,,
thickness_cm,2,9,2,0.05587381201573973,,,,
thickness_cm,2,9,3,0.06192618883851806,,,,
thickness_cm,2,9,4,0.06093691906005222,,,,
thickness_cm,2,9,5,0.056789616446971954,,,,
thickness_cm,2,9,6,0.05807707933661729,,,,
thickness_cm,2,9,7,0.0594210715337685,,,,
thickness_cm,2,9,8,0.06011788875293557,,,,
thickness_cm,2,9,9,0.060831111586726244,,,,
thickness_cm,2,9,10,0.06230914746326549,,,,
thickness_cm,2,10,1,0.05625023100038853,,,,
thickness_cm,2,10,2,0.05347748123808365,,,,
thickness_cm,2,10,3,0.05932962027655009,,,,
thickness_cm,2,10,4,0.05837831853785901,,,,
thickness_cm,2,10,5,0.05436639324222294,,,,
thickness_cm,2,10,6,0.05560728623079841,,,,
thickness_cm,2,10,7,0.05690796484236167,,,,
thickness_cm,2,10,8,0.05758100396295251,,,,
thickness_cm,2,10,9,0.05826988887514451,,,,
thickness_cm,2,10,10,0.05969465891796522,,,,
thickness_cm,2,11,1,0.05421136694856687,,,,
thickness_cm,2,11,2,0.05151730801995862,,,,
thickness_cm,2,11,3,0.0572033629400145,,,,
thickness_cm,2,11,4,0.05628365535248042,,,,
thickness_cm,2,11,5,0.05237929860148094,,,,
thickness_cm,2,11,6,0.05358606665915602,,,,
thickness_cm,2,11,7,0.05484835108775006,,,,
thickness_cm,2,11,8,0.05550288843531299,,,,
thickness_cm,2,11,9,0.05617007305982399,,,,
thickness_cm,2,11,10,0.05755553192635591,,,,
thickness_cm,2,12,1,0.052506086674857406,,,,
thickness_cm,2,12,2,0.04987410977242303,,,,
thickness_cm,2,12,3,0.05542631872894965,,,,
thickness_cm,2,12,4,0.054533472584856406,,,,
thickness_cm,2,12,5,0.05071736490195127,,,,
thickness_cm,2,12,6,0.05189731923637388,,,,
thickness_cm,2,12,7,0.05312885703573487,,,,
thickness_cm,2,12,8,0.05376611908501243,,,,
thickness_cm,2,12,9,0.05441838460335924,,,,
thickness_cm,2,12,10,0.05577009656695712,,,,
thickness_cm,2,13,1,0.05106233608318788,,,,
thickness_cm,2,13,2,0.04848449150135897,,,,
thickness_cm,2,13,3,0.053925265536402006,,,,
thickness_cm,2,13,4,0.053052762402088775,,,,
thickness_cm,2,13,5,0.049313495441479005,,,,
thickness_cm,2,13,6,0.05046716126270524,,,,
thickness_cm,2,13,7,0.051673900530183545,,,,
thickness_cm,2,13,8,0.052296965137745594,,,,
thickness_cm,2,13,9,0.05293746187044897,,,,
thickness_cm,2,13,10,0.054259125914153716,,,,
thickness_cm,2,14,1,0.04984542246063464,,,,
thickness_cm,2,14,2,0.047310416210295726,,,,
thickness_cm,2,14,3,0.05266077607401197,,,,
thickness_cm,2,14,4,0.05180818798955614,,,,
thickness_cm,2,14,5,0.04812639994181495,,,,
thickness_cm,2,14,6,0.049261290056124875,,,,
thickness_cm,2,14,7,0.05044569049302983,,,,
thickness_cm,2,14,8,0.05105992659106924,,,,
thickness_cm,2,14,9,0.05168862404344255,,,,
thickness_cm,2,14,10,0.05298866557125348,,,,
thickness_cm,2,15,1,0.04880197240269974,,,,
thickness_cm,2,15,2,0.0463037037037037,,,,
thickness_cm,2,15,3,0.05157652564412296,,,,
thickness_cm,2,15,4,0.0507386318537859,,,,
thickness_cm,2,15,5,0.047107046197538215,,,,
thickness_cm,2,15,6,0.0482242935918227,,,,
thickness_cm,2,15,7,0.04939293903261236,,,,
thickness_cm,2,15,8,0.04999765728719043,,,,
thickness_cm,2,15,9,0.05061661281141049,,,,
thickness_cm,2,15,10,0.051899295344045034,,,,
thickness_cm,5,0.015,1,8.52858967813178,1.7759712919072763,0.0001977336414489352,0.00035116927065759564,0.00035514087504819763
thickness_cm,5,0.015,2,7.820083159912377,1.798215235609123,0.00040158828536809073,0.000722142173191045,0.0007226333769634786
thickness_cm,5,0.015,3,9.315457258373954,1.754043424462056,9.002192930460664e-05,0.00015790237315413335,0.00016300847259535168
thickness_cm,5,0.015,4,9.201697023498694,1.7452324628987546,0.00010086808100673471,0.0001760382494432547,0.00017978978555219463
thickness_cm,5,0.015,5,8.361610377364633,1.7552020494095322,0.00023366773738426843,0.0004101340915377563,0.00041459530525498077
thickness_cm,5,0.015,6,8.471680606422087,1.7689249912820975,0.00020931283510701958,0.0003702587050169157,0.0003749087749962634
thickness_cm,5,0.015,7,8.586814525742657,1.7831460876688072,0.00018654939045902855,0.00033264481575401745,0.00033424875310790095
thickness_cm,5,0.015,8,8.646387422001668,1.7904527373072172,0.00017576065169929572,0.00031469113994590445,0.00031984567006252096
thickness_cm,5,0.015,9,8.70736978844718,1.7978958376867142,0.00016536262166196475,0.0002973047691950093,0.00030162872973572065
thickness_cm,5,0.015,10,8.833738541596519,1.813207425959579,0.00014573239317179195,0.0002642430575019542,0.00026641399469214876
thickness_cm,5,0.02,1,4.307106981148808,2.542796988911613,0.013472469377147587,0.0342577545654148,0.033638596033900826
thickness_cm,5,0.02,2,3.9791326142955663,2.576314355761654,0.018701854025350042,0.048181855004868185,0.046956190337869116
thickness_cm,5,0.02,3,4.671359206019868,2.50696088661173,0.009359539335281598,0.023463999030254916,0.022928120096581902
thickness_cm,5,0.02,4,4.615106945169714,2.487868651376923,0.009901124472907337,0.024632697189527025,0.0240423858897096
thickness_cm,5,0.02,5,4.221350306441222,2.48511346876895,0.014678810224741408,0.03647850899500825,0.03532886265162362
thickness_cm,5,0.02,6,4.277880878700851,2.5231526113227734,0.013872027469959478,0.0350012423351695,0.03435323751949701
thickness_cm,5,0.02,7,4.3370120933936835,2.562878771474014,0.013075538382543926,0.033511019746215495,0.03248196325712912
thickness_cm,5,0.02,8,4.367606262134405,2.583410109123542,0.01268156059622174,0.03276167184374201,0.031932311732932206
thickness_cm,5,0.02,9,4.398927636297108,2.6044096932523892,0.012290512738521506,0.03200953051124738,0.03127360175117045
thickness_cm,5,0.02,10,4.463821834974207,2.6478727961242505,0.011518258177981796,0.030498882488213672,0.0296602450443302
thickness_cm,5,0.03,1,2.1630639640883818,4.362589994612954,0.11497230978523026,0.5015770483265866,0.4998583989164392
thickness_cm,5,0.03,2,2.0265794744635106,4.381346531568939,0.13178552684165687,0.5773980609386786,0.5738455756724974
thickness_cm,5,0.03,3,2.314635287847997,4.390010777547271,0.09880221179913241,0.4337427746436995,0.43221147846477725
thickness_cm,5,0.03,4,2.284363550913838,4.32839926457652,0.10183885673215931,0.4407992325847919,0.43809124086827095
thickness_cm,5,0.03,5,2.1115848296632884,4.184278215227543,0.12104597708325457,0.5064900449503945,0.5033248655936715
thickness_cm,5,0.03,6,2.145514020626997,4.300577117785396,0.11700787712136887,0.5032013989488043,0.5021269214304352
thickness_cm,5,0.03,7,2.181010844492698,4.426365132386973,0.11292732096559123,0.49985755601596543,0.49682089825282133
thickness_cm,5,0.03,8,2.199375343677405,4.491986799959809,0.11087239387771834,0.49803732977865556,0.49688468471285113
thickness_cm,5,0.03,9,2.218172210042619,4.559534279672748,0.10880780499546358,0.4961129167727639,0.4932833144533963
thickness_cm,5,0.03,10,2.257132667780037,4.700757039585516,0.10465012163582176,0.4919347959730696,0.4895194184026537
thickness_cm,5,0.04,1,1.6226449001955234,6.182371111793181,0.19737596836573362,1.2202514849865163,1.2212642053996117
thickness_cm,5,0.04,2,1.5328782787716524,6.110868799499409,0.21591331338517655,1.3194179301620135,1.3197204456388378
thickness_cm,5,0.04,3,1.7223458890531074,6.369847021924806,0.17864657092826933,1.137951327804515,1.13793757703965
thickness_cm,5,0.04,4,1.6981009399477807,6.2488130652092035,0.18303078066167577,1.1437251335341196,1.1446536473110898
thickness_cm,5,0.04,5,1.5789466918547868,5.912162068719768,0.20619216775402674,1.2190415130624601,1.2215810807433323
thickness_cm,5,0.04,6,1.6077535131848069,6.075167032214847,0.2003371637293082,1.2170817324157213,1.2187772506350147
thickness_cm,5,0.04,7,1.6378855686124507,6.297600818707,0.19439063371159024,1.2241946140110833,1.2252619361142842
thickness_cm,5,0.04,8,1.6534740561063188,6.416706253160327,0.19138387405358753,1.2280541013937036,1.228963589965757
thickness_cm,5,0.04,9,1.6694364606462098,6.53993014974588,0.18835318016551736,1.2318166417649845,1.2332091097362892
thickness_cm,5,0.04,10,1.7025088193106976,6.799448839189388,0.18222577854032945,1.2390348583664257,1.2399718173379015
thickness_cm,5,0.05,1,1.408197232598326,7.291360110622154,0.24458381367336487,1.783348662721814,1.7856404163205097
thickness_cm,5,0.05,2,1.335916371546793,7.142482400021088,0.26291713524979565,1.8778810111856294,1.8788430291528668
thickness_cm,5,0.05,3,1.4884646226213993,7.607647251105562,0.22571895339742812,1.7171901753363685,1.7197680545564555
thickness_cm,5,0.05,4,1.4666253785900785,7.442219849365292,0.23070270732937478,1.7169402677889845,1.7206236900251726
thickness_cm,5,0.05,5,1.3677856282460674,6.959185919889073,0.25467027028601974,1.7722977591888132,1.7748465493363863
thickness_cm,5,0.05,6,1.3944238143357763,7.17716125351821,0.24797587535684187,1.7797628444183866,1.781341242644371
thickness_cm,5,0.05,7,1.422280719837594,7.438997540206824,0.24116336312585848,1.7940136650812664,1.7948290989423257
thickness_cm,5,0.05,8,1.4366987527254462,7.596571135199611,0.23771120826862543,1.805790103246863,1.8081391519636572
thickness_cm,5,0.05,9,1.4514562386071141,7.759844135457593,0.2342289463820047,1.8175801159368101,1.8193322145292337
thickness_cm,5,0.05,10,1.482038677288583,8.104684039694757,0.22717408133163366,1.84117415120081,1.8442411416251723
thickness_cm,5,0.06,1,1.2948854948491804,7.447995175469606,0.27392922884337484,2.0402235748455655,2.0408735889424467
thickness_cm,5,0.06,2,1.2311498042675753,7.229716023404003,0.2919566915663102,2.1107639711569735,2.1107521134085805
thickness_cm,5,0.06,3,1.3656627005556583,7.8214291175484485,0.2552114911378349,1.9961185879184198,1.9978487934276634
thickness_cm,5,0.06,4,1.3451682506527416,7.642543709012175,0.26049587557157206,1.9908511150731363,1.9913872181053294
thickness_cm,5,0.06,5,1.2564760703346334,7.095269665472526,0.28465536662831903,2.0197065879518723,2.0202656748189978
thickness_cm,5,0.06,6,1.2817922772397514,7.326549870524951,0.277539426824851,2.033406451669181,2.034022215001283
thickness_cm,5,0.06,7,1.30827313539982,7.583007009873202,0.2702864016301349,2.0495836782347165,2.0502746333254978
thickness_cm,5,0.06,8,1.3219723025218257,7.750485907787413,0.26660894956981834,2.066348906530882,2.067333042359606
thickness_cm,5,0.06,9,1.3360009052088164,7.924241096788655,0.2628949108409129,2.083242656622151,2.084224444903187
thickness_cm,5,0.06,10,1.3650657806839148,8.29171324062769,0.2553638774250691,2.117404043623472,2.118021684290747
thickness_cm,5,0.08,1,1.1695313827101848,6.569923547106588,0.310512418664299,2.0400428510515973,2.0389534185228095
thickness_cm,5,0.08,2,1.1142050586183117,6.308546738012362,0.3281760559619801,2.0703139873327117,2.0682406163517353
thickness_cm,5,0.08,3,1.2309762672843805,6.93682075585532,0.29200736124619264,2.0256027243551316,2.0251229907463895
thickness_cm,5,0.08,4,1.2121335248041776,6.777072568935133,0.2975617463415644,2.0165975486958505,2.0155976618582847
thickness_cm,5,0.08,5,1.1338697503584614,6.261559683644972,0.32178561395181665,2.0148798270976402,2.013911195984945
thickness_cm,5,0.08,6,1.1573724915323524,6.463627229023297,0.3143109515488152,2.0315888248111444,2.0306866741782894
thickness_cm,5,0.08,7,1.1819632053701166,6.679874315706676,0.30667607909713707,2.048557664002595,2.047748690339954
thickness_cm,5,0.08,8,1.1946843129921318,6.810605912489207,0.3027995289727746,2.0622482623209257,2.0618259897484514
thickness_cm,5,0.08,9,1.2077118290971451,6.959530609664415,0.29888038700337893,2.080067201978362,2.0787673749565028
thickness_cm,5,0.08,10,1.234702118883756,7.274796269773584,0.2909214094561333,2.1163939843087523,2.1155757606480927
thickness_cm,5,0.1,1,1.0924868733173951,5.7652730060820785,0.3353814046903488,1.9335653592031574,1.9323079775418308
thickness_cm,5,0.1,2,1.0416431483509796,5.507861825967952,0.35287438037233576,1.943583329014883,1.9424448713371532
thickness_cm,5,0.1,3,1.1489604669092048,6.06605642233353,0.3169660949213281,1.9227342157595015,1.9218446621708642
thickness_cm,5,0.1,4,1.1312292428198434,5.926742188337975,0.32263641406900223,1.9121828467568354,1.9115591682082607
thickness_cm,5,0.1,5,1.0588182180345924,5.493780167773744,0.3468654875854323,1.9056027365820178,1.9039444565165304
thickness_cm,5,0.1,6,1.0810160406780425,5.671816794172621,0.33925065800624576,1.924167579513937,1.9232539244806888
thickness_cm,5,0.1,7,1.1042283074691626,5.861949515240081,0.3314665738509027,1.9430403219035897,1.941412878638396
thickness_cm,5,0.1,8,1.1162429614396416,5.962799970742882,0.32750794605439937,1.952864371151234,1.9502707160120911
thickness_cm,5,0.1,9,1.1285404841129218,6.072156427727285,0.32350507282006524,1.9643734073267427,1.963621459933015
thickness_cm,5,0.1,10,1.154025057576533,6.303838662146815,0.3153648496437454,1.9880091318663595,1.9863475255388663
thickness_cm,5,0.15,1,0.9671794629073351,3.8193698063863666,0.3801537651764413,1.4519478124989929,1.451325843520579
thickness_cm,5,0.15,2,0.9227965528781794,3.6413417518502014,0.3974061184120316,1.4470914914144557,1.4462592738778766
thickness_cm,5,0.15,3,1.0164777374337404,4.030577856031195,0.36186728969154014,1.4585342846527474,1.4574564109755348
thickness_cm,5,0.15,4,1.0007086684073108,3.957679727600055,0.3676188289885021,1.4549175869718662,1.45438856130683
thickness_cm,5,0.15,5,0.9371602841369564,3.684733913330225,0.39173868391978667,1.4434528138025875,1.4426636112204163
thickness_cm,5,0.15,6,0.9569524751301368,3.7730187455755457,0.38406154141639415,1.449071395218694,1.44831215109006
thickness_cm,5,0.15,7,0.9776484411675573,3.867336085449129,0.37619470349779077,1.454871351991842,1.4542384079846933
thickness_cm,5,0.15,8,0.9883610295613781,3.9169656501191024,0.3721861935762077,1.4578405356865844,1.4572180665053898
thickness_cm,5,0.15,9,0.9993189240043155,3.974805860458,0.3681300803706125,1.463245600867985,1.4625405985291429
thickness_cm,5,0.15,10,1.0220414881008497,4.106361642462504,0.3598595408034283,1.4777134150293685,1.476889161340669
thickness_cm,5,0.2,1,0.8816152238215607,2.9835840320764335,0.41411348522417896,1.2355423819823805,1.235170466439208
thickness_cm,5,0.2,2,0.8413339854366962,2.8596222020434077,0.4311350118253502,1.2328832518940185,1.232729169016779
thickness_cm,5,0.2,3,0.926351180596018,3.1288901678217593,0.3959959953243783,1.2390279762672387,1.2386123077612252
thickness_cm,5,0.2,4,0.9119632898172325,3.079165730785065,0.40173472758216655,1.2370078060372809,1.2368409849931759
thickness_cm,5,0.2,5,0.8542184377039074,2.8916712389317754,0.4256157063133436,1.230740696783929,1.2304900823906202
thickness_cm,5,0.2,6,0.8722776238847006,2.95195834931931,0.4179984210383625,1.2339139289864824,1.2339079749355577
thickness_cm,5,0.2,7,0.8911676080569814,3.016259156778086,0.4101765476031247,1.2371987676035474,1.236988682284478
thickness_cm,5,0.2,8,0.9009422735448734,3.050033218396038,0.4061867403418192,1.2388830509145545,1.2386430300576357
thickness_cm,5,0.2,9,0.9109470702503328,3.0889805053637476,0.40214318577949354,1.2422124612377274,1.2422373497131853
thickness_cm,5,0.2,10,0.9316803499037023,3.1808598350732704,0.3938912787966582,1.2529129481099377,1.252747421880107
thickness_cm,5,0.3,1,0.7640336137125787,2.343634249446026,0.46578384066254114,1.0916269618152419,1.0915460893815783
thickness_cm,5,0.3,2,0.729232617338039,2.264335615737345,0.4822789406224983,1.0920413819715993,1.0918250014466881
thickness_cm,5,0.3,3,0.8026903068910143,2.4335094466959717,0.44812175591711717,1.090508526294291,1.0904982937489986
thickness_cm,5,0.3,4,0.7902283550913838,2.401694028915588,0.4537411693448606,1.0897474570887284,1.0897392631875757
thickness_cm,5,0.3,5,0.7402895277660406,2.283891531635466,0.47697579779035054,1.089360985368452,1.0893312652665958
thickness_cm,5,0.3,6,0.7559453551317196,2.323131831718042,0.4695664977411528,1.09086487801083,1.090811619645993
thickness_cm,5,0.3,7,0.7723146675385684,2.3647863894918295,0.46194258637491153,1.0923955409860446,1.0923042242805625
thickness_cm,5,0.3,8,0.7807815921980167,2.386584216205496,0.45804786472378256,1.0931698042164097,1.0931079250932725
thickness_cm,5,0.3,9,0.7894547663829886,2.409468337971772,0.4540923141933331,1.094121053565166,1.0940846206151524
thickness_cm,5,0.3,10,0.8074214056754971,2.4620753302538323,0.44600665494346287,1.0981019822653333,1.0981015570923942
thickness_cm,5,0.356,1,0.7158441011264929,2.1422015967821317,0.48877935841099907,1.047063922062188,1.0471330316620273
thickness_cm,5,0.356,2,0.6832585676037484,2.076195637933142,0.5049688334238073,1.0484140892466962,1.0484051198293487
thickness_cm,5,0.356,3,0.7520332819361348,2.2167583296902844,0.4714070741379072,1.0449955582701314,1.045127659709781
thickness_cm,5,0.356,4,0.7403620365535248,2.1905835558526556,0.476941214107419,1.0447795807321127,1.0448674505231468
thickness_cm,5,0.356,5,0.6936057069205566,2.092978163544171,0.4997707893732675,1.0460093489354823,1.046034301470687
thickness_cm,5,0.356,6,0.7082646271166049,2.125312769997694,0.49249812419586614,1.0467125525533847,1.0467510808093048
thickness_cm,5,0.356,7,0.7235979188670703,2.15959911373089,0.48500410756852186,1.047414440860821,1.0474756376085679
thickness_cm,5,0.356,8,0.7315321657315533,2.1775275443703115,0.4811711910094268,1.0477635219804953,1.0478211527949737
thickness_cm,5,0.356,9,0.739653213657788,2.19614203626293,0.4772794008029757,1.0481733551457981,1.048240408958013
thickness_cm,5,0.356,10,0.7564827368045359,2.2390741069868776,0.46931422909944126,1.0508293384170664,1.0508576380852708
thickness_cm,5,0.4,1,0.6837399983209766,2.018768162067189,0.5047257844264751,1.0189243441745555,1.0189819213950264
thickness_cm,5,0.4,2,0.652626106445986,1.9607805097192355,0.5206766275342232,1.0209325831354465,1.0209692386573372
thickness_cm,5,0.4,3,0.7182947880398483,2.0841951860381425,0.4875829798072908,1.0162180993084884,1.0162856956564053
thickness_cm,5,0.4,4,0.7071432898172325,2.0613474822802753,0.49305069046108,1.0163487994184988,1.0163076861274531
thickness_cm,5,0.4,5,0.6624960629021868,1.975768544307551,0.5155628497881367,1.0186328612249596,1.0186609233354154
thickness_cm,5,0.4,6,0.676501662895136,2.0040262814225183,0.5083924130873441,1.018831757102851,1.0188485659004256
thickness_cm,5,0.4,7,0.6911448305776625,2.0339462208746513,0.5010021780118588,1.0190114866171893,1.0189976873776112
thickness_cm,5,0.4,8,0.6987287980892803,2.0495926585888196,0.49721696537807103,1.0190922419647057,1.0190679083232157
thickness_cm,5,0.4,9,0.706484412522363,2.065733811893397,0.49337565741116085,1.019182777479368,1.0192154026952633
thickness_cm,5,0.4,10,0.7225637092755457,2.102948084008939,0.48550596293558357,1.0209938345303005,1.0210568107719133
thickness_cm,5,0.5,1,0.6240885471189562,1.8337564168769063,0.5357495164909298,0.9824341137039425,0.9826267452566871
thickness_cm,5,0.5,2,0.5956974017281246,1.7880420686554181,0.5511780392815627,0.9855295215544427,0.9855382968562351
thickness_cm,5,0.5,3,0.6556124401352907,1.885210900956443,0.5191240328169999,0.9786582856150785,0.978603070691061
thickness_cm,5,0.5,4,0.6454354569190601,1.8672186568356532,0.5244341239092125,0.9792331804445423,0.9793234285431415
thickness_cm,5,0.5,5,0.6046832217473522,1.7997131278058482,0.5462474385441536,0.9830886861782315,0.9832585755002128
thickness_cm,5,0.5,6,0.6174746631332038,1.822093152645654,0.5393046452836581,0.9826633013613467,0.9826086366091873
thickness_cm,5,0.5,7,0.6308545642483698,1.8457525436962148,0.5321368615099825,0.9821929657265706,0.9822364382748494
thickness_cm,5,0.5,8,0.6377780246636378,1.858095439713897,0.528465357436277,0.9819390706991208,0.9820193065041178
thickness_cm,5,0.5,9,0.6448644885471184,1.8707997775668503,0.5247336447074459,0.9816715858005324,0.9818936996941502
thickness_cm,5,0.5,10,0.6595429342482727,1.899689843042331,0.51708762353113,0.9823061063849844,0.982431477882568
thickness_cm,5,0.511,1,0.618384264513238,1.8171312057791544,0.5388143160699211,0.9790963078512063,0.9793332153021409
thickness_cm,5,0.511,2,0.59025811123281,1.7724061784539802,0.5541842250991077,0.9822395445673898,0.98235065121037
thickness_cm,5,0.511,3,0.649620900422073,1.8674712692095636,0.522243721612679,0.9752751456367555,0.9754101699226903
thickness_cm,5,0.511,4,0.6395320626631853,1.8499201069666393,0.5275392215940689,0.9759054132403975,0.9759704698684698
thickness_cm,5,0.511,5,0.5991606470315237,1.7839553431969963,0.5492724761465937,0.9798775686927605,0.9800958675487548
thickness_cm,5,0.511,6,0.6118279139382758,1.8057587287115509,0.542358577635513,0.9793687356569089,0.9793681612741999
thickness_cm,5,0.511,7,0.6250846764364665,1.8288161631230802,0.5352161064075298,0.9788118661618929,0.9789617718992665
thickness_cm,5,0.511,8,0.6319478319546885,1.840849339902311,0.5315554113622006,0.9785134281276083,0.9785349637556885
thickness_cm,5,0.511,9,0.6389656638553955,1.8532223322865666,0.5278381038155188,0.9782013618227146,0.9782486022419848
thickness_cm,5,0.511,10,0.6535160288354052,1.8816301170725622,0.5202134718626009,0.9788493359635498,0.9789163815542609
thickness_cm,5,0.6,1,0.5770465627295764,1.7021804375102656,0.5615544356130943,0.9558669748977271,0.956089091315933
thickness_cm,5,0.6,2,0.550801066893838,1.6641292875414515,0.5764878200552674,0.9593502652648968,0.9594198654194586
thickness_cm,5,0.6,3,0.6061875179416488,1.7449210120978356,0.5454263383449991,0.9517258783297723,0.9520444925252919
thickness_cm,5,0.6,4,0.5967775979112272,1.730428058855945,0.5505829803153935,0.9527442378662875,0.9528237624869069
thickness_cm,5,0.6,5,0.559109077129815,1.6748541464379532,0.571718193831551,0.9575445875327906,0.9575964739115774
thickness_cm,5,0.6,6,0.5709285622927708,1.6928176320917436,0.5650005568320272,0.956442904746909,0.9566096700713311
thickness_cm,5,0.6,7,0.58329854154605,1.711794267114656,0.5580545611478812,0.9552745985101283,0.9551438045949779
thickness_cm,5,0.6,8,0.5896960021236735,1.7216795752327552,0.5544958246684493,0.9546641358835121,0.9549198577048151
thickness_cm,5,0.6,9,0.5962440822180357,1.7318476290973022,0.550876803348426,0.9540346858036723,0.9543956588991199
thickness_cm,5,0.6,10,0.6098138907594715,1.7568855434751987,0.5434520011025943,0.9547829643098156,0.9549924110686291
thickness_cm,5,0.662,1,0.5524947966605198,1.6446961513708125,0.5755122318988847,0.9465427528709222,0.9467384276779446
thickness_cm,5,0.662,2,0.5273766165672792,1.610580311439433,0.5901511334076395,0.9504857962400104,0.9506886966804925
thickness_cm,5,0.662,3,0.5803978470021459,1.6830134754028838,0.5596756569838649,0.9419416725588068,0.9420200853227358
thickness_cm,5,0.662,4,0.5713860574412533,1.6697748051675636,0.5647421309371906,0.9429921816555622,0.9430587024109008
thickness_cm,5,0.662,5,0.5353349091066517,1.6196248946836895,0.5854731770079089,0.9482469326515596,0.9482241677385057
thickness_cm,5,0.662,6,0.5466462214206571,1.6361155074139861,0.578888020643206,0.947127667630537,0.947413866162202
thickness_cm,5,0.662,7,0.558477901344669,1.653512261419411,0.5720791624167563,0.9459399095586533,0.9458312993873047
thickness_cm,5,0.662,8,0.564600231165714,1.6625733586719176,0.5685874048531897,0.945318271385317,0.9456801576374902
thickness_cm,5,0.662,9,0.5708736102125347,1.6718993073108805,0.5650316056410501,0.9446759500800264,0.9449429390500802
thickness_cm,5,0.662,10,0.5838599987878624,1.6937768257832575,0.55774132531569,0.9446893316013566,0.9448564821605077
thickness_cm,5,0.8,1,0.5067337739790908,1.5447645019460032,0.6024601397006377,0.9306590376469751,0.9305878867740748
thickness_cm,5,0.8,2,0.48368478662123243,,,,
thickness_cm,5,0.8,3,0.5323247175522617,1.5755531502709637,0.5872382186445834,0.9252250253449823,0.9252022826139803
thickness_cm,5,0.8,4,0.5240547258485639,1.5644227508148243,0.5921148107353326,0.926317881008768,0.9263748575848059
thickness_cm,5,0.8,5,0.4909736664126843,,,,
thickness_cm,5,0.8,6,0.5013600844776906,1.537462323034572,0.6057062875121108,0.9312505958750162,0.9314133567732296
thickness_cm,5,0.8,7,0.5122243211542759,1.5522525319798186,0.5991613681998049,0.9300497508526395,0.9301696032029212
thickness_cm,5,0.8,8,0.517842631793825,1.5599423216085042,0.5958045322136978,0.9294207052063046,0.9291711651300302
thickness_cm,5,0.8,9,0.5236001252123582,1.5678507075604173,0.5923840476980102,0.9287697483308294,0.9288453021017462
thickness_cm,5,0.8,10,0.5355245003299707,1.5846673643037745,0.5853621869537621,0.9276043539631115,0.9278045404254764
thickness_cm,5,1,1,0.45557536576780655,,,,
thickness_cm,5,1,2,0.43485796215163686,,,,
thickness_cm,5,1,3,0.47858391540068496,,,,
thickness_cm,5,1,4,0.47114642297650133,,,,
thickness_cm,5,1,5,0.4414059776957338,,,,
thickness_cm,5,1,6,0.45074383848156785,,,,
thickness_cm,5,1,7,0.4605180282714641,,,,
thickness_cm,5,1,8,0.4655757051196851,,,,
thickness_cm,5,1,9,0.4707524580971697,,,,
thickness_cm,5,1,10,0.481480418928201,,,,
thickness_cm,5,1.173,1,0.42090933954638865,,,,
thickness_cm,5,1.173,2,0.4017784542209241,,,,
thickness_cm,5,1.173,3,0.4421629577785041,,,,
thickness_cm,5,1.173,4,0.43529545691906,,,,
thickness_cm,5,1.173,5,0.4078382718003421,,,,
thickness_cm,5,1.173,6,0.41645434979554596,,,,
thickness_cm,5,1.173,7,0.42546680336500053,,,,
thickness_cm,5,1.173,8,0.4301303180648087,,,,
thickness_cm,5,1.173,9,0.4349036288816648,,,,
thickness_cm,5,1.173,10,0.4448025966679686,,,,
thickness_cm,5,1.33,1,0.3946162661555864,,,,
thickness_cm,5,1.33,2,0.37667403655024134,,,,
thickness_cm,5,1.33,3,0.41454273416516263,,,,
thickness_cm,5,1.33,4,0.40810511749347256,,,,
thickness_cm,5,1.33,5,0.3823415249814709,,,,
thickness_cm,5,1.33,6,0.39043708481330847,,,,
thickness_cm,5,1.33,7,0.39889832580305457,,,,
thickness_cm,5,1.33,8,0.40327320083178025,,,,
thickness_cm,5,1.33,9,0.407757983637554,,,,
thickness_cm,5,1.33,10,0.4170448773720858,,,,
thickness_cm,5,1.5,1,0.3707716976961277,,,,
thickness_cm,5,1.5,2,0.3539088941625086,,,,
thickness_cm,5,1.5,3,0.3894993654696094,,,,
thickness_cm,5,1.5,4,0.38344976501305483,,,,
thickness_cm,5,1.5,5,0.35924477558583334,,,,
thickness_cm,5,1.5,6,0.36684079758170013,,,,
thickness_cm,5,1.5,7,0.37479301672221355,,,,
thickness_cm,5,1.5,8,0.3789079106933262,,,,
thickness_cm,5,1.5,9,0.3831196842518688,,,,
thickness_cm,5,1.5,10,0.3918478854934073,,,,
thickness_cm,5,2,1,0.3181722075633989,,,,
thickness_cm,5,2,2,0.30365568232526063,,,,
thickness_cm,5,2,3,0.3342870805917547,,,,
thickness_cm,5,2,4,0.32908297650130547,,,,
thickness_cm,5,2,5,0.3082448303421142,,,,
thickness_cm,5,2,6,0.3147864776083645,,,,
thickness_cm,5,2,7,0.32162906797113144,,,,
thickness_cm,5,2,8,0.3251731954566289,,,,
thickness_cm,5,2,9,0.32879385731931643,,,,
thickness_cm,5,2,10,0.3363041515710649,,,,
thickness_cm,5,2.51,1,0.2811444081929467,,,,
thickness_cm,5,2.51,2,0.26829395460630395,,,,
thickness_cm,5,2.51,3,0.29541599862151297,,,,
thickness_cm,5,2.51,4,0.2908220365535248,,,,
thickness_cm,5,2.51,5,0.2723674495071588,,,,
thickness_cm,5,2.51,6,0.27814857453753616,,,,
thickness_cm,5,2.51,7,0.2842024038719309,,,,
thickness_cm,5,2.51,8,0.2873383851603799,,,,
thickness_cm,5,2.51,9,0.2905412915783788,,,,
thickness_cm,5,2.51,10,0.29718585704857975,,,,
thickness_cm,5,3,1,0.2551582318780078,,,,
thickness_cm,5,3,2,0.243436777412681,,,,
thickness_cm,5,3,3,0.2681830073045604,,,,
thickness_cm,5,3,4,0.2640067362924282,,,,
thickness_cm,5,3,5,0.2471481217452742,,,,
thickness_cm,5,3,6,0.25242815968820964,,,,
thickness_cm,5,3,7,0.2579578498362673,,,,
thickness_cm,5,3,8,0.2608157871811436,,,,
thickness_cm,5,3,9,0.2637410107775774,,,,
thickness_cm,5,3,10,0.2698030508828402,,,,
thickness_cm,5,4,1,0.21833725444998514,,,,
thickness_cm,5,4,2,0.20820817918137194,,,,
thickness_cm,5,4,3,0.22959354882260152,,,,
thickness_cm,5,4,4,0.2259958224543081,,,,
thickness_cm,5,4,5,0.2114255794537533,,,,
thickness_cm,5,4,6,0.21598156003636834,,,,
thickness_cm,5,4,7,0.2207538831613859,,,,
thickness_cm,5,4,8,0.22321991920903184,,,,
thickness_cm,5,4,9,0.22574401472468858,,,,
thickness_cm,5,4,10,0.23098185733141186,,,,
thickness_cm,5,5,1,0.19409905713235406,,,,
thickness_cm,5,5,2,0.1849929323354022,,,,
thickness_cm,5,5,3,0.2042051913539017,,,,
thickness_cm,5,5,4,0.20099321148825067,,,,
thickness_cm,5,5,5,0.1878901208517182,,,,
thickness_cm,5,5,6,0.19198287595792518,,,,
thickness_cm,5,5,7,0.1962639148930847,,,,
thickness_cm,5,5,8,0.1984791482755049,,,,
thickness_cm,5,5,9,0.2007465363179617,,,,
thickness_cm,5,5,10,0.20544532148581124,,,,
thickness_cm,5,6,1,0.17699288099076138,,,,
thickness_cm,5,6,2,0.1686053263559288,,,,
thickness_cm,5,6,3,0.18630801867352595,,,,
thickness_cm,5,6,4,0.18336637075718015,,,,
thickness_cm,5,6,5,0.17127078385642147,,,,
thickness_cm,5,6,6,0.17504262837314177,,,,
thickness_cm,5,6,7,0.1789812450845646,,,,
thickness_cm,5,6,8,0.18102270476639107,,,,
thickness_cm,5,6,9,0.183112227842589,,,,
thickness_cm,5,6,10,0.18743534357365083,,,,
thickness_cm,5,7,1,0.16430335407137397,,,,
thickness_cm,5,7,2,0.1564398269847065,,,,
thickness_cm,5,7,3,0.17304355237540325,,,,
thickness_cm,5,7,4,0.1703025065274152,,,,
thickness_cm,5,7,5,0.15894176483545408,,,,
thickness_cm,5,7,6,0.16247597274657927,,,,
thickness_cm,5,7,7,0.16617276898281874,,,,
thickness_cm,5,7,8,0.16808568464524493,,,,
thickness_cm,5,7,9,0.17004363730776523,,,,
thickness_cm,5,7,10,0.17410116903931364,,,,
thickness_cm,5,8,1,0.1545360210482493,,,,
thickness_cm,5,8,2,0.14706370735467122,,,,
thickness_cm,5,8,3,0.16284174151235664,,,,
thickness_cm,5,8,4,0.16024590078328985,,,,
thickness_cm,5,8,5,0.14945145244411812,,,,
thickness_cm,5,8,6,0.1528052550833034,,,,
thickness_cm,5,8,7,0.1563133466516013,,,,
thickness_cm,5,8,8,0.1581252031904944,,,,
thickness_cm,5,8,9,0.1599866247185985,,,,
thickness_cm,5,8,10,0.16383703787256396,,,,
thickness_cm,5,9,1,0.14685692247610688,,,,
thickness_cm,5,9,2,0.13968453003934933,,,,
thickness_cm,5,9,3,0.15481547209629515,,,,
thickness_cm,5,9,4,0.15234229765013055,,,,
thickness_cm,5,9,5,0.1419740411174299,,,,
thickness_cm,5,9,6,0.14519269834154325,,,,
thickness_cm,5,9,7,0.14855267883442125,,,,
thickness_cm,5,9,8,0.15029472188233892,,,,
thickness_cm,5,9,9,0.15207777896681562,,,,
thickness_cm,5,9,10,0.15577286865816373,,,,
thickness_cm,5,10,1,0.14062557750097132,,,,
thickness_cm,5,10,2,0.13369370309520912,,,,
thickness_cm,5,10,3,0.14832405069137522,,,,
thickness_cm,5,10,4,0.14594579634464752,,,,
thickness_cm,5,10,5,0.13591598310555736,,,,
thickness_cm,5,10,6,0.139018215576996,,,,
thickness_cm,5,10,7,0.14226991210590417,,,,
thickness_cm,5,10,8,0.14395250990738126,,,,
thickness_cm,5,10,9,0.1456747221878613,,,,
thickness_cm,5,10,10,0.14923664729491307,,,,
thickness_cm,5,11,1,0.13552841737141716,,,,
thickness_cm,5,11,2,0.12879327004989655,,,,
thickness_cm,5,11,3,0.14300840735003625,,,,
thickness_cm,5,11,4,0.14070913838120105,,,,
thickness_cm,5,11,5,0.13094824650370235,,,,
thickness_cm,5,11,6,0.13396516664789004,,,,
thickness_cm,5,11,7,0.13712087771937514,,,,
thickness_cm,5,11,8,0.13875722108828248,,,,
thickness_cm,5,11,9,0.14042518264955997,,,,
thickness_cm,5,11,10,0.14388882981588977,,,,
thickness_cm,5,12,1,0.13126521668714353,,,,
thickness_cm,5,12,2,0.12468527443105756,,,,
thickness_cm,5,12,3,0.13856579682237413,,,,
thickness_cm,5,12,4,0.136333681462141,,,,
thickness_cm,5,12,5,0.12679341225487817,,,,
thickness_cm,5,12,6,0.1297432980909347,,,,
thickness_cm,5,12,7,0.13282214258933717,,,,
thickness_cm,5,12,8,0.13441529771253108,,,,
thickness_cm,5,12,9,0.1360459615083981,,,,
thickness_cm,5,12,10,0.1394252414173928,,,,
thickness_cm,5,13,1,0.1276558402079697,,,,
thickness_cm,5,13,2,0.12121122875339743,,,,
thickness_cm,5,13,3,0.134813163841005,,,,
thickness_cm,5,13,4,0.13263190600522193,,,,
thickness_cm,5,13,5,0.12328373860369751,,,,
thickness_cm,5,13,6,0.1261679031567631,,,,
thickness_cm,5,13,7,0.12918475132545887,,,,
thickness_cm,5,13,8,0.130742412844364,,,,
thickness_cm,5,13,9,0.1323436546761224,,,,
thickness_cm,5,13,10,0.1356478147853843,,,,
thickness_cm,5,14,1,0.1246135561515866,,,,
thickness_cm,5,14,2,0.11827604052573931,,,,
thickness_cm,5,14,3,0.13165194018502993,,,,
thickness_cm,5,14,4,0.12952046997389033,,,,
thickness_cm,5,14,5,0.12031599985453738,,,,
thickness_cm,5,14,6,0.12315322514031218,,,,
thickness_cm,5,14,7,0.12611422623257457,,,,
thickness_cm,5,14,8,0.1276498164776731,,,,
thickness_cm,5,14,9,0.1292215601086064,,,,
thickness_cm,5,14,10,0.1324716639281337,,,,
thickness_cm,5,15,1,0.12200493100674935,,,,
thickness_cm,5,15,2,0.11575925925925926,,,,
thickness_cm,5,15,3,0.1289413141103074,,,,
thickness_cm,5,15,4,0.12684657963446475,,,,
thickness_cm,5,15,5,0.11776761549384554,,,,
thickness_cm,5,15,6,0.12056073397955676,,,,
thickness_cm,5,15,7,0.1234823475815309,,,,
thickness_cm,5,15,8,0.12499414321797608,,,,
thickness_cm,5,15,9,0.12654153202852622,,,,
thickness_cm,5,15,10,0.1297482383601126,,,,
thickness_cm,10,0.015,1,17.05717935626356,2.0601455941170723,3.909859296065607e-08,8.054879402407238e-08,8.23970033283918e-08
thickness_cm,10,0.015,2,15.640166319824754,2.0931866926719547,1.6127315094488305e-07,3.3757481344310465e-07,3.380385756350664e-07
thickness_cm,10,0.015,3,18.630914516747907,2.0269718796092357,8.103947755723597e-09,1.6426474214674108e-08,1.7514990459798493e-08
thickness_cm,10,0.015,4,18.403394046997388,2.0143805379591466,1.0174369765981194e-08,2.0495052442592475e-08,2.1385112112122507e-08
thickness_cm,10,0.015,5,16.723220754729265,2.029902630237289,5.460061149428344e-08,1.1083392488481031e-07,1.1327911557250206e-07
thickness_cm,10,0.015,6,16.943361212844174,2.049881534321198,4.381186294053837e-08,8.980912882602082e-08,9.209883427115616e-08
thickness_cm,10,0.015,7,17.173629051485314,2.0706000323570106,3.480067508063509e-08,7.205827894800883e-08,7.276089488411012e-08
thickness_cm,10,0.015,8,17.292774844003336,2.0812494018367715,3.0891806685761144e-08,6.429355418639756e-08,6.64357206556961e-08
thickness_cm,10,0.015,9,17.41473957689436,2.092099978582924,2.734479664291809e-08,5.720804847100335e-08,5.889899376903636e-08
thickness_cm,10,0.015,10,17.667477083193038,2.114426123154056,2.1237930419577753e-08,4.4906034880883384e-08,4.565348157919686e-08
thickness_cm,10,0.02,1,8.614213962297615,3.3114936058992823,0.00018150743111817948,0.0006010606975710558,0.0005786766358256914
thickness_cm,10,0.02,2,7.958265228591133,3.3925292229304653,0.00034975934398550154,0.001186568795463803,0.0011242498861888306
thickness_cm,10,0.02,3,9.342718412039735,3.2305018110820862,8.760097656868349e-05,0.0002829951134576914,0.0002697849255805332
thickness_cm,10,0.02,4,9.230213890339428,3.200837512988579,9.803226582800459e-05,0.00031378535394554547,0.0002984201831358429
thickness_cm,10,0.02,5,8.442700612882444,3.2165808300985113,0.0002154674696139729,0.0006930685322701387,0.0006483907424188767
thickness_cm,10,0.02,6,8.555761757401703,3.2791189330639887,0.00019243314612731033,0.0006310111728151324,0.000606944351796612
thickness_cm,10,0.02,7,8.674024186787367,3.344643348264403,0.00017096970399337942,0.0005718326832161904,0.0005359033077064364
thickness_cm,10,0.02,8,8.73521252426881,3.3785919274730274,0.0001608219791556439,0.0005433518405354939,0.000515124774244866
thickness_cm,10,0.02,9,8.797855272594216,3.4133730155297997,0.00015105670337575938,0.0005156128751177063,0.000491255791387484
thickness_cm,10,0.02,10,8.927643669948415,3.485546329013928,0.0001326702714546445,0.00046242837763801745,0.00043636965971073746
thickness_cm,10,0.03,1,4.3261279281767635,7.284897564784351,0.013218632017350955,0.09629638019298042,0.09550026579985979
thickness_cm,10,0.03,2,4.053158948927021,7.447225768207167,0.017367425084933066,0.12933913561992108,0.1273777948397299
thickness_cm,10,0.03,3,4.629270575695994,7.2467958277799704,0.009761877056400619,0.07074232992362503,0.07015123666473824
thickness_cm,10,0.03,4,4.568727101827676,7.125210987210042,0.010371152740513269,0.07389665145673868,0.07282252471090468
thickness_cm,10,0.03,5,4.223169659326577,6.893234264288156,0.01465212856803979,0.10100055468996723,0.09948056431719521
thickness_cm,10,0.03,6,4.291028041253994,7.14776450080247,0.013690843308449357,0.09785892378618335,0.09735421160302309
thickness_cm,10,0.03,7,4.362021688985396,7.426465408460991,0.012752579820465662,0.09470659290532592,0.09332141745188552
thickness_cm,10,0.03,8,4.39875068735481,7.572687810066301,0.012292687724175915,0.09308868648181862,0.09256854782833303
thickness_cm,10,0.03,9,4.436344420085238,7.72377932165739,0.01183913842793083,0.09144289257589153,0.09018723412864313
thickness_cm,10,0.03,10,4.514265335560074,8.041512369998106,0.010951647958392288,0.08806781252927608,0.08702653030397453
thickness_cm,10,0.04,1,3.245289800391047,13.062948118826137,0.03895727288831108,0.5088968345909597,0.5102742374014534
thickness_cm,10,0.04,2,3.065756557543305,13.102528352008667,0.04661855889696546,0.6108209896772758,0.6113113168477649
thickness_cm,10,0.04,3,3.4446917781062147,13.404353198842589,0.03191459730442916,0.42779453446739807,0.42777856473540105
thickness_cm,10,0.04,4,3.3962018798955613,13.082095782562726,0.03350026666962247,0.43825369731339475,0.4393601495326201
thickness_cm,10,0.04,5,3.1578933837095735,12.310854237240882,0.042515210043104705,0.5233985537063417,0.5269889945462738
thickness_cm,10,0.04,6,3.2155070263696137,12.753832271646662,0.040134979171103646,0.5118747925742883,0.514205591522203
thickness_cm,10,0.04,7,3.2757711372249014,13.399759649515204,0.03778771847479365,0.5063463452657802,0.5077847333974318
thickness_cm,10,0.04,8,3.3069481122126376,13.750032763508374,0.03662778724775946,0.5036332747115068,0.5048469572795351
thickness_cm,10,0.04,9,3.3388729212924195,14.11463874971018,0.03547692047846385,0.5007439165057124,0.5025847760941763
thickness_cm,10,0.04,10,3.4050176386213953,14.889786816293173,0.033206234364629196,0.4944337506611971,0.49564567090266526
thickness_cm,10,0.05,1,2.816394465196652,17.686191658141734,0.05982124191100727,1.0580099496661355,1.065335864911796
thickness_cm,10,0.05,2,2.671832743093586,17.442348103746028,0.06912542000795935,1.2057096385964774,1.209871897425328
thickness_cm,10,0.05,3,2.9769292452427987,18.512577797182974,0.050949045922830324,0.9431981763386444,0.9498120255355463
thickness_cm,10,0.05,4,2.933250757180157,17.990599576952008,0.05322373916910316,0.9575269793794713,0.9673263790862041
thickness_cm,10,0.05,5,2.735571256492135,16.62590839160209,0.06485694656755436,1.0783056521911905,1.0870088815897345
thickness_cm,10,0.05,6,2.7888476286715527,17.32025247998161,0.061492034758991974,1.0650575675335463,1.0702006983519299
thickness_cm,10,0.05,7,2.844561439675188,18.17537663980027,0.05815976771417468,1.0570756834884203,1.0596324780174757
thickness_cm,10,0.05,8,2.8733975054508925,18.702814406853207,0.056506618536529815,1.0568327992475683,1.0641392952606812
thickness_cm,10,0.05,9,2.9029124772142283,19.253251515763523,0.054863199323224025,1.0562949755294992,1.0616585576495636
thickness_cm,10,0.05,10,2.964077354577166,20.42864463388357,0.05160806322887171,1.0542827839456141,1.0634377985853423
thickness_cm,10,0.06,1,2.5897709896983607,19.618544899623135,0.07503722241472602,1.47212111708631,1.4803484854150613
thickness_cm,10,0.06,2,2.4622996085351505,19.041077365290743,0.08523870975034557,1.6230368668738924,1.628811972403919
thickness_cm,10,0.06,3,2.7313254011113166,20.74218897807177,0.06513290520879719,1.3509990285317064,1.3625674707151254
thickness_cm,10,0.06,4,2.690336501305483,20.112112854870897,0.06785810118979994,1.3647697892465056,1.368579608940096
thickness_cm,10,0.06,5,2.5129521406692668,18.367600034017784,0.08102867775030273,1.4883023442028764,1.4977630654569776
thickness_cm,10,0.06,6,2.563584554479503,19.18587218066076,0.0770281334422668,1.4778519225382114,1.4863713452415521
thickness_cm,10,0.06,7,2.61654627079964,20.102981001990788,0.07305473890616658,1.468618028336064,1.476739002904239
thickness_cm,10,0.06,8,2.6439446050436515,20.710645045048025,0.07108033199072196,1.4721195255440145,1.483277097327691
thickness_cm,10,0.06,9,2.672001810417633,21.345854423682685,0.06911373414605153,1.475291707758723,1.4858760718155581
thickness_cm,10,0.06,10,2.7301315613678296,22.7050022401431,0.06521070989356573,1.4806093142147316,1.4865723505048136
thickness_cm,10,0.08,1,2.3390627654203695,18.33113565721536,0.0964179621447529,1.7674507438677205,1.7728635083944064
thickness_cm,10,0.08,2,2.2284101172366233,17.472639559383687,0.10769952370676068,1.881794958445528,1.8883715821409028
thickness_cm,10,0.08,3,2.461952534568761,19.575494933257556,0.08526829902196446,1.6691691554719557,1.673521594737421
thickness_cm,10,0.08,4,2.424267049608355,18.95541967584989,0.08854299288584151,1.6783695895069168,1.6862909880008077
thickness_cm,10,0.08,5,2.2677395007169228,17.1310390837817,0.1035459813463476,1.7738502534128118,1.778080608831295
thickness_cm,10,0.08,6,2.314744983064705,17.915339102987826,0.09879137426352166,1.7698809703811749,1.774175298812232
thickness_cm,10,0.08,7,2.363926410740233,18.763540741562878,0.09405021749039348,1.7647150876338475,1.7689511822099648
thickness_cm,10,0.08,8,2.3893686259842637,19.277349232727595,0.09168755474613416,1.7674930131360587,1.7698105152633734
thickness_cm,10,0.08,9,2.4154236581942903,19.864600359718104,0.08932948573528957,1.7744945344706664,1.7817628696382513
thickness_cm,10,0.08,10,2.469404237767512,21.122569843696393,0.08463526647994317,1.7877143274624558,1.7926902908268463
thickness_cm,10,0.1,1,2.1849737466347903,15.720387270904114,0.11248068661207154,1.7682399540389642,1.7722589889255647
thickness_cm,10,0.1,2,2.083286296701959,14.873737852052411,0.1245203283231599,1.8520827207301773,1.8546281547029198
thickness_cm,10,0.1,3,2.2979209338184097,16.78087095276049,0.10046750532967637,1.685932241883076,1.6901608123236196
thickness_cm,10,0.1,4,2.2624584856396868,16.253445356449248,0.10409425568330467,1.6918902966688492,1.694638620077007
thickness_cm,10,0.1,5,2.117636436069185,14.700461770497194,0.12031566647787968,1.768695855449961,1.7733970956603236
thickness_cm,10,0.1,6,2.162032081356085,15.36746816689035,0.11509100895767072,1.7686574164522968,1.7714725784661611
thickness_cm,10,0.1,7,2.208456614938325,16.08744810127849,0.10987008958045594,1.7675293640084035,1.772930840892358
thickness_cm,10,0.1,8,2.2324859228792833,16.47747777314863,0.10726145472877138,1.7673982362089187,1.7762626603125886
thickness_cm,10,0.1,9,2.2570809682258437,16.931477878601484,0.10465553214031573,1.7719728273070223,1.7746503674553709
thickness_cm,10,0.1,10,2.308050115153066,17.904468612776103,0.09945498839082212,1.7806887180274864,1.7868259367479715
thickness_cm,10,0.15,1,1.9343589258146703,9.680463073729523,0.14451688517782488,1.3989903704943432,1.4004816549706807
thickness_cm,10,0.15,2,1.8455931057563588,9.090702777535157,0.15793162295131769,1.4357094434241788,1.4371403512014254
thickness_cm,10,0.15,3,2.0329554748674807,10.393076889651253,0.13094793534870106,1.3609519606201312,1.364572886685109
thickness_cm,10,0.15,4,2.0014173368146215,10.106862861424705,0.1351436034268776,1.3658778664342177,1.3675665226607598
thickness_cm,10,0.15,5,1.8743205682739128,9.147162612397915,0.15345919647920653,1.4037162245632238,1.4054332719328468
thickness_cm,10,0.15,6,1.9139049502602736,9.496001827396057,0.14750326759513666,1.4006912986303073,1.4024507078944846
thickness_cm,10,0.15,7,1.9552968823351147,9.872272679485258,0.1415224549397907,1.3971482654357794,1.3987167721920353
thickness_cm,10,0.15,8,1.9767220591227561,10.071718365090597,0.13852256268874633,1.3951602386116597,1.396756245170969
thickness_cm,10,0.15,9,1.998637848008631,10.305027056136568,0.13551975607367364,1.396534752980235,1.3983837891830875
thickness_cm,10,0.15,10,2.0440829762016994,10.840560082688581,0.12949888910725427,1.4038404880086157,1.4060760330251205
thickness_cm,10,0.2,1,1.7632304476431213,6.900627950056892,0.17148997864451626,1.1833885397890085,1.1845884385253684
thickness_cm,10,0.2,2,1.6826679708733925,6.500502632376462,0.18587739842164486,1.208296517739191,1.2086541920339686
thickness_cm,10,0.2,3,1.852702361192036,7.374909634857254,0.15681282831294502,1.1564804383943545,1.1584170050371052
thickness_cm,10,0.2,4,1.823926579634465,7.189975368681414,0.16139079134551756,1.1603958145062727,1.1611307287866832
thickness_cm,10,0.2,5,1.7084368754078147,6.5564574305307035,0.18114872946060634,1.1876939333031886,1.188431395546892
thickness_cm,10,0.2,6,1.7445552477694013,6.781702855488093,0.17472267999056415,1.1849172978105411,1.1849360583047943
thickness_cm,10,0.2,7,1.7823352161139627,7.024044093663128,0.16824480020361846,1.1817588951597593,1.1824624635737295
thickness_cm,10,0.2,8,1.8018845470897469,7.152186239814407,0.16498766802951245,1.1800225290197464,1.1808538155537702
thickness_cm,10,0.2,9,1.8218941405006657,7.298684060408466,0.16171914186888026,1.1803369230213319,1.180247928498658
thickness_cm,10,0.2,10,1.8633606998074046,7.64299828695913,0.15515033951206672,1.1858137791118533,1.1864205337022204
thickness_cm,10,0.3,1,1.5280672274251574,4.665686793508454,0.2169545862223475,1.0122421477286978,1.0135280757861094
thickness_cm,10,0.3,2,1.458465234676078,4.431567930993447,0.23259297656795927,1.0307515759328785,1.0325797934488716
thickness_cm,10,0.3,3,1.6053806137820286,4.933768965383313,0.20081310812624034,0.9907654807154083,0.9915186259912118
thickness_cm,10,0.3,4,1.5804567101827676,4.830342101610348,0.20588104875844146,0.9944758977415926,0.994874289917923
thickness_cm,10,0.3,5,1.4805790555320812,4.471187007597845,0.22750591167774134,1.0172214764452199,1.017614427706617
thickness_cm,10,0.3,6,1.5118907102634391,4.598709315654049,0.22049269580089204,1.0139818142132366,1.014777432329376
thickness_cm,10,0.3,7,1.5446293350771367,4.735029799353237,0.21339095310674264,1.0104125218728155,1.0119739584901708
thickness_cm,10,0.3,8,1.5615631843960334,4.806751124237392,0.2098078463780166,1.0084941014513573,1.0096572941975042
thickness_cm,10,0.3,9,1.5789095327659772,4.882671085119071,0.20619982980945675,1.006805946767108,1.0075569280256877
thickness_cm,10,0.3,10,1.6148428113509943,5.062511175144112,0.19892193625385715,1.0070445252664566,1.007053708052581
thickness_cm,10,0.356,1,1.4316882022529858,4.017406691850046,0.23890526120866787,0.9597795950978855,0.9624538092804785
thickness_cm,10,0.356,2,1.3665171352074967,3.829836559262528,0.2549935227294008,0.9765835157241995,0.9775109523157863
thickness_cm,10,0.356,3,1.5040665638722697,4.231137687175767,0.22222462954726233,0.9402630050960952,0.9424090508870868
thickness_cm,10,0.356,4,1.4807240731070497,4.14999114772094,0.22747292171425892,0.944010611460393,0.9455581138430902
thickness_cm,10,0.356,5,1.3872114138411131,3.8645664083744555,0.24977084191077892,0.9652560054398028,0.96665375568247
thickness_cm,10,0.356,6,1.4165292542332097,3.9648065948699682,0.24255440233644676,0.9616812939982877,0.9633052642077957
thickness_cm,10,0.356,7,1.4471958377341405,4.071763433404088,0.23522898435833836,0.9577967769870644,0.95986291647759
thickness_cm,10,0.356,8,1.4630643314631067,4.127960171216911,0.2315257150574303,0.9557289303695877,0.9574668465638609
thickness_cm,10,0.356,9,1.479306427315576,4.186627274477155,0.22779562643084755,0.9536953826219955,0.9555520635454158
thickness_cm,10,0.356,10,1.5129654736090719,4.326475157278333,0.22025584563520284,0.9529314443860364,0.9536985332418897
thickness_cm,10,0.4,1,1.3674799966419533,3.6348492468343743,0.25474811746492054,0.9259710028998411,0.926610195280767
thickness_cm,10,0.4,2,1.305252212891972,3.4742421897287383,0.27110415046041214,0.9418814773401316,0.9424659487070582
thickness_cm,10,0.4,3,1.4365895760796965,3.8175431003440092,0.23773716219775698,0.9075718632434118,0.9081504361587844
thickness_cm,10,0.4,4,1.414286579634465,3.7489583964196527,0.24309898336414776,0.9113679748441033,0.9110057364506488
thickness_cm,10,0.4,5,1.3249921258043735,3.505575187378123,0.2658050520816649,0.9317995952572341,0.9321341608245775
thickness_cm,10,0.4,6,1.353003325790272,3.590404812098293,0.2584628456847727,0.9279862448952263,0.9281767901590878
thickness_cm,10,0.4,7,1.382289661155325,3.680742035198135,0.2510031823726262,0.9238779643274289,0.9237294070710127
thickness_cm,10,0.4,8,1.3974575961785607,3.728189424428608,0.2472247106597779,0.9217005517392065,0.9214451130904213
thickness_cm,10,0.4,9,1.412968825044726,3.7773203890153706,0.24341953932589516,0.9194735889804326,0.9198094051455388
thickness_cm,10,0.4,10,1.4451274185510914,3.894633435143213,0.2357160400460082,0.9180275707627401,0.9186834803943807
thickness_cm,10,0.5,1,1.2481770942379125,3.06844339618374,0.28702754442026507,0.8807277731991974,0.8817712070496834
thickness_cm,10,0.5,2,1.1913948034562492,2.9479314669039773,0.30379723098626793,0.8955734167827153,0.8956253509502142
thickness_cm,10,0.5,3,1.3112248802705815,3.205035639293331,0.26948976144818565,0.863724289866093,0.8634507393716562
thickness_cm,10,0.5,4,1.2908709138381202,3.1544058992961075,0.2750311503204233,0.8675598830609378,0.8680129989217431
thickness_cm,10,0.5,5,1.2093664434947045,2.972575451024129,0.29838626411604885,0.8869756836341688,0.8879126338679227
thickness_cm,10,0.5,6,1.2349493262664075,3.0355222991409723,0.2908495004245323,0.8828801442326795,0.8825831405091091
thickness_cm,10,0.5,7,1.2617091284967397,3.102386416709747,0.2831696393776943,0.8785016428299562,0.8787351299971804
thickness_cm,10,0.5,8,1.2755560493272755,3.1373970330881136,0.279275634010252,0.8761985455575665,0.8766267687632041
thickness_cm,10,0.5,9,1.2897289770942368,3.1735235799152974,0.27534539788796003,0.8738151128186009,0.8749942851489158
thickness_cm,10,0.5,10,1.3190858684965454,3.2584996288256516,0.2673796104090717,0.8712563612735075,0.871925002747355
thickness_cm,10,0.511,1,1.236768529026476,3.0199985179094595,0.2903208672018968,0.8767685886679174,0.8779955618255154
thickness_cm,10,0.511,2,1.18051622246562,2.902666327360731,0.3071201553486984,0.8914673333844636,0.8920909828329869
thickness_cm,10,0.511,3,1.299241800844146,3.152969524234645,0.2727385047638613,0.8599361936057802,0.8605817440891701
thickness_cm,10,0.511,4,1.2790641253263706,3.1038240696338635,0.2782976303200761,0.863786883509519,0.8641011221897639
thickness_cm,10,0.511,5,1.1983212940630474,2.927012985782315,0.3017002530522103,0.8830805584976301,0.8842296572049696
thickness_cm,10,0.511,6,1.2236558278765517,2.988051303347043,0.2941528267348168,0.8789437373081863,0.8789407536833167
thickness_cm,10,0.511,7,1.250169352872933,3.052903302849772,0.2864562805580363,0.8745233250376899,0.8752943610935315
thickness_cm,10,0.511,8,1.263895663909377,3.086869928441452,0.2825511553484384,0.8721986646914835,0.8723085975999064
thickness_cm,10,0.511,9,1.277931327710791,3.1218834759963268,0.2786130638395623,0.8697975201974393,0.8700372052717599
thickness_cm,10,0.511,10,1.3070320576708103,3.2047159390094,0.2706220563073411,0.8672668172956354,0.8676092600204819
thickness_cm,10,0.6,1,1.1540931254591529,2.691815620100682,0.3153433841567408,0.8488462471685247,0.8497185097152639
thickness_cm,10,0.6,2,1.101602133787676,2.5954525999163796,0.33233820667207437,0.8625680625585825,0.8628515525067245
thickness_cm,10,0.6,3,1.2123750358832976,2.8007022231536376,0.2974898905604335,0.8331805978583385,0.8343833909867768
thickness_cm,10,0.6,4,1.1935551958224544,2.7615507867026015,0.3031416182129811,0.8371409742583575,0.8374427285951451
thickness_cm,10,0.6,5,1.11821815425963,2.617816734728843,0.3268616931580109,0.855664010290845,0.8558693049732137
thickness_cm,10,0.6,6,1.1418571245855416,2.6664109562493983,0.3192256292205008,0.8511867152691514,0.8518433496235691
thickness_cm,10,0.6,7,1.1665970830921,2.7179573088194706,0.3114248932179543,0.8464395646700621,0.8459282606002082
thickness_cm,10,0.6,8,1.179392004247347,2.7448946150818823,0.30746561957474355,0.8439607234935281,0.8449588802748093
thickness_cm,10,0.6,9,1.1924881644360714,2.7726625974883525,0.3034652524673805,0.8414067551536658,0.8428116704701836
thickness_cm,10,0.6,10,1.219627781518943,2.8411403711207095,0.2953400775024142,0.8391026174020282,0.8399255351449348
thickness_cm,10,0.662,1,1.1049895933210396,2.5297531051553626,0.3312143290652356,0.8378904774247299,0.8385819999511167
thickness_cm,10,0.662,2,1.0547532331345584,2.4447261010969665,0.34827836026232145,0.8514451977805498,0.8521821986777643
thickness_cm,10,0.662,3,1.1607956940042918,2.625785857356864,0.31323684102032073,0.8224928671542987,0.8227616547116756
thickness_cm,10,0.662,4,1.1427721148825065,2.5909848571499854,0.318933674455479,0.8263523209493492,0.8265812699399668
thickness_cm,10,0.662,5,1.0706698182133034,2.4637823908617804,0.3427788409957342,0.8445324724053,0.8444517179741777
thickness_cm,10,0.662,6,1.0932924428413142,2.507133095411958,0.33511134044420887,0.8401687322755399,0.8411820300032525
thickness_cm,10,0.662,7,1.116955802689338,2.553038351339858,0.32727456807145744,0.8355445237046178,0.8351616843062939
thickness_cm,10,0.662,8,1.129200462331428,2.5770172751808835,0.3232916369576851,0.8331281333614611,0.8344030758960201
thickness_cm,10,0.662,9,1.1417472204250694,2.60174519574383,0.31926071537330325,0.83063503241223,0.8315734886979028
thickness_cm,10,0.662,10,1.1677199975757249,2.6605446556540655,0.31107538596490236,0.8276299556344466,0.8282212290900538
thickness_cm,10,0.8,1,1.0134675479581816,2.2567167745973187,0.36295821992811195,0.8190939033897531,0.8188803098597608
thickness_cm,10,0.8,2,0.9673695732424649,2.1902596355220165,0.3800815008860547,0.8324771695993511,0.8331346029857634
thickness_cm,10,0.8,3,1.0646494351045235,2.331607230213952,0.34484872543686346,0.8040517815586568,0.8039848190121991
thickness_cm,10,0.8,4,1.0481094516971279,2.3038434077391328,0.3505999490921387,0.8077273814695993,0.8078954128937291
thickness_cm,10,0.8,5,0.9819473328253686,2.203581758893457,0.3745809543767644,0.8254197582935404,0.8255847738440145
thickness_cm,10,0.8,6,1.0027201689553813,2.2385122139607816,0.36688010673170374,0.821265599978154,0.821754338426046
thickness_cm,10,0.8,7,1.0244486423085517,2.275413096049322,0.3589943451430623,0.8168604343461743,0.8172202948047436
thickness_cm,10,0.8,8,1.03568526358765,2.2946425440053266,0.3549830406063833,0.8145591873757776,0.8138104866876003
thickness_cm,10,0.8,9,1.0472002504247164,2.3144490672465663,0.3509188599670784,0.812183828130033,0.8124105418444715
thickness_cm,10,0.8,10,1.0710490006599414,2.3582685697628802,0.3426488899152911,0.8080581075513721,0.8086600186910663
thickness_cm,10,1,1,0.9111507315356131,2.002357744358362,0.40206129312087613,0.8050705439873237,0.8062768727238318
thickness_cm,10,1,2,0.8697159243032737,1.9497108087914747,0.41907058010697273,0.8170664396810783,0.8178621239521552
thickness_cm,10,1,3,0.9571678308013699,2.0614634367543956,0.38397884049072395,0.7915583401589756,0.7931735051974622
thickness_cm,10,1,4,0.9422928459530027,2.041036273299302,0.3897332119158893,0.7954596224297737,0.7965541094917853
thickness_cm,10,1,5,0.8828119553914676,1.9636356469523686,0.41361819896434965,0.8121954397146343,0.8136352346404261
thickness_cm,10,1,6,0.9014876769631357,1.9891010240212628,0.40596526510734904,0.8075059245420914,0.8094055196783765
thickness_cm,10,1,7,0.9210360565429282,2.0159764531439386,0.3981063666384612,0.8025730609898254,0.8035041339881472
thickness_cm,10,1,8,0.9311514102393702,2.029971712918525,0.3940996786280579,0.8000111996852388,0.8001325320549559
thickness_cm,10,1,9,0.9415049161943394,2.0443588613585613,0.3900404153229569,0.7973825793534606,0.7995901234871219
thickness_cm,10,1,10,0.962960837856402,2.077826996903626,0.38176087889506205,0.7932330605298156,0.794202276756404
thickness_cm,10,1.173,1,0.8418186790927773,1.8855949996828185,0.43092609405485305,0.8125520881826789,0.8132430344464409
thickness_cm,10,1.173,2,0.8035569084418482,1.8436729098378057,0.44773358112920675,0.8254742743525859,0.8263242726101169
thickness_cm,10,1.173,3,0.8843259155570082,1.9325636857764215,0.4129924712702945,0.7981342524760332,0.7981220590752194
thickness_cm,10,1.173,4,0.87059091383812,1.9149829895761201,0.41870405810985734,0.8018111489468681,0.8024984373226743
thickness_cm,10,1.173,5,0.8156765436006842,1.852661023284634,0.4423399638346713,0.81950601003763,0.8188532400342727
thickness_cm,10,1.173,6,0.8329086995910919,1.8743384727692844,0.43478279275830506,0.8149301157649658,0.815823710414427
thickness_cm,10,1.173,7,0.8509336067300011,1.8971442511210796,0.4270160807058293,0.810111102647319,0.8118483184746909
thickness_cm,10,1.173,8,0.8602606361296175,1.908997546416217,0.4230518053621164,0.8076048584432312,0.8082999244891582
thickness_cm,10,1.173,9,0.8698072577633296,1.9211667879967957,0.4190323066887324,0.8050309507080803,0.8061335235380491
thickness_cm,10,1.173,10,0.8896051933359372,1.9465215316327582,0.4108179143893089,0.799665915939253,0.800014591160622
thickness_cm,10,1.33,1,0.7892325323111729,1.8010553310247885,0.45419324019147894,0.8180271565622854,0.8180658146255984
thickness_cm,10,1.33,2,0.7533480731004827,1.7636519293318487,0.4707876795585074,0.8303055993590257,0.8302263868579238
thickness_cm,10,1.33,3,0.8290854683303253,1.842900080430006,0.43644824960788925,0.8043305143059144,0.8053650315834647
thickness_cm,10,1.33,4,0.8162102349869451,1.8282223049392496,0.4421039537900395,0.8082643094207814,0.8090317214717716
thickness_cm,10,1.33,5,0.7646830499629418,1.7743812366884968,0.4654814419565509,0.8259415366344095,0.8270899291414059
thickness_cm,10,1.33,6,0.7808741696266169,1.7919586882156788,0.45800546179309803,0.8207268665103762,0.8209553082908422
thickness_cm,10,1.33,7,0.7977966516061091,1.8103935161900302,0.45032008385871386,0.8152565600279662,0.8155705145944094
thickness_cm,10,1.33,8,0.8065464016635605,1.819950430981494,0.446397083344187,0.812420564221135,0.8134721569525662
thickness_cm,10,1.33,9,0.815515967275108,1.8297665673150678,0.44241099886383867,0.8095088547335164,0.8102209126400948
thickness_cm,10,1.33,10,0.8340897547441716,1.8501504879659831,0.4342695934184647,0.8034641001719616,0.8040859277993984
thickness_cm,10,1.5,1,0.7415433953922554,1.7169666761018427,0.47637810806921566,0.8179253367792856,0.8183084981475975
thickness_cm,10,1.5,2,0.7078177883250172,1.6839014866748179,0.49271824063716085,0.8296889779207158,0.829873560188653
thickness_cm,10,1.5,3,0.7789987309392188,1.7539081329981394,0.4588652289234509,0.8048074569588936,0.8062256726516285
thickness_cm,10,1.5,4,0.7668995300261097,1.7411989947307043,0.46445085418122944,0.8087013604021737,0.809742560035255
thickness_cm,10,1.5,5,0.7184895511716667,1.6939274467967107,0.48748802586618584,0.825769346999477,0.8264598766589348
thickness_cm,10,1.5,6,0.7336815951634003,1.709099110197863,0.48013805821049693,0.8206035280596901,0.8207624991838202
thickness_cm,10,1.5,7,0.7495860334444271,1.7250262772467437,0.47256213717573503,0.8151821042600232,0.8145922948941499
thickness_cm,10,1.5,8,0.7578158213866524,1.7332849628524443,0.46868901036377986,0.812371613917733,0.8125628010500131
thickness_cm,10,1.5,9,0.7662393685037376,1.7417501298410731,0.46475756799338214,0.8094915543970947,0.8097868991715557
thickness_cm,10,1.5,10,0.7836957709868146,1.7593313651225604,0.4567149744357435,0.8035129794459519,0.8050866572307864
thickness_cm,10,2,1,0.6363444151267978,1.548646128291554,0.5292235137327865,0.819579945543132,0.8206254763320824
thickness_cm,10,2,2,0.6073113646505213,1.5249090401619267,0.5448137070660222,0.830791347109109,0.8325504522905256
thickness_cm,10,2,3,0.6685741611835094,1.575308588607825,0.512438712142737,0.8072491043735865,0.8085576472213806
thickness_cm,10,2,4,0.6581659530026109,1.5660976369474342,0.5178001339352469,0.8109255661670551,0.8115648181424121
thickness_cm,10,2,5,0.6164896606842284,1.532099655553476,0.5398361233906535,0.827082738702144,0.8269090958760048
thickness_cm,10,2,6,0.629572955216729,1.5429961188562,0.532819290127694,0.8221380967187475,0.823656283304298
thickness_cm,10,2,7,0.6432581359422629,1.5544204127843977,0.5255772293302585,0.8169679737656205,0.8177419356135609
thickness_cm,10,2,8,0.6503463909132579,1.5603486856610882,0.5218649761632913,0.8142913296489467,0.8154027291962297
thickness_cm,10,2,9,0.6575877146386329,1.5664110307776888,0.5180996324199731,0.8115569792645119,0.8116352154269377
thickness_cm,10,2,10,0.6726083031421298,1.5790102977806841,0.5103756258223452,0.8058883689097444,0.8066741567426932
thickness_cm,10,2.51,1,0.5622888163858935,1.4444019158397963,0.569903166233735,0.8231692251511727,0.8240331799369598
thickness_cm,10,2.51,2,0.5365879092126079,1.4256831425682697,0.5847400384623406,0.8336540156204806,0.8350581465576046
thickness_cm,10,2.51,3,0.5908319972430259,1.4652675697305364,0.5538662777667301,0.8115622947789549,0.8116477072309592
thickness_cm,10,2.51,4,0.5816440731070496,1.4580553735604038,0.5589786089997638,0.8150217645574256,0.8150662915465686
thickness_cm,10,2.51,5,0.5447348990143176,1.4314707676421166,0.5799955203451651,0.8302466327374823,0.8308684707499705
thickness_cm,10,2.51,6,0.5562971490750723,1.4399831345384204,0.5733280866508076,0.825582775334345,0.8252472139200743
thickness_cm,10,2.51,7,0.5684048077438618,1.4489156414445676,0.5664282804116031,0.8207067952449213,0.8215631810320135
thickness_cm,10,2.51,8,0.5746767703207598,1.4535501764854155,0.5628867811193524,0.8181841800373422,0.8171558031925992
thickness_cm,10,2.51,9,0.5810825831567576,1.4582871310376462,0.559292558002502,0.8156091398201749,0.8157369367486924
thickness_cm,10,2.51,10,0.5943717140971595,1.4681299939229158,0.551909213738081,0.8102744706112901,0.8105067974667907
thickness_cm,10,3,1,0.5103164637560156,1.3760049682328286,0.6003055737923612,0.8260234519961479,0.8270381510300441
thickness_cm,10,3,2,0.486873554825362,,,,
thickness_cm,10,3,3,0.5363660146091208,1.3932078177515241,0.5848698035178685,0.8148451826278923,0.8176422727930588
thickness_cm,10,3,4,0.5280134725848564,1.3872562106365274,0.5897754117600438,0.818169602844836,0.8195346341868445
thickness_cm,10,3,5,0.4942962434905484,,,,
thickness_cm,10,3,6,0.5048563193764193,1.3723680942754393,0.6035922937141719,0.8283508058438592,0.8301418985376615
thickness_cm,10,3,7,0.5159156996725346,1.3797389269245457,0.5969537139468457,0.8236402767046431,0.8236402767046431
thickness_cm,10,3,8,0.5216315743622872,1.3835528648271946,0.593551334373308,0.8212096490941944,0.821076257164954
thickness_cm,10,3,9,0.5274820215551548,1.3874600234426888,0.5900889318128146,0.818724803166279,0.8194212319287241
thickness_cm,10,3,10,0.5396061017656804,1.3955676234239156,0.5829778410959803,0.8135850002071223,0.8142626933643747
thickness_cm,10,4,1,0.4366745088999703,,,,
thickness_cm,10,4,2,0.4164163583627439,,,,
thickness_cm,10,4,3,0.45918709764520305,,,,
thickness_cm,10,4,4,0.4519916449086162,,,,
thickness_cm,10,4,5,0.4228511589075066,,,,
thickness_cm,10,4,6,0.4319631200727367,,,,
thickness_cm,10,4,7,0.4415077663227718,,,,
thickness_cm,10,4,8,0.4464398384180637,,,,
thickness_cm,10,4,9,0.45148802944937716,,,,
thickness_cm,10,4,10,0.4619637146628237,,,,
thickness_cm,10,5,1,0.3881981142647081,,,,
thickness_cm,10,5,2,0.3699858646708044,,,,
thickness_cm,10,5,3,0.4084103827078034,,,,
thickness_cm,10,5,4,0.40198642297650133,,,,
thickness_cm,10,5,5,0.3757802417034364,,,,
thickness_cm,10,5,6,0.38396575191585036,,,,
thickness_cm,10,5,7,0.3925278297861694,,,,
thickness_cm,10,5,8,0.3969582965510098,,,,
thickness_cm,10,5,9,0.4014930726359234,,,,
thickness_cm,10,5,10,0.4108906429716225,,,,
thickness_cm,10,6,1,0.35398576198152276,,,,
thickness_cm,10,6,2,0.3372106527118576,,,,
thickness_cm,10,6,3,0.3726160373470519,,,,
thickness_cm,10,6,4,0.3667327415143603,,,,
thickness_cm,10,6,5,0.34254156771284294,,,,
thickness_cm,10,6,6,0.35008525674628355,,,,
thickness_cm,10,6,7,0.3579624901691292,,,,
thickness_cm,10,6,8,0.36204540953278214,,,,
thickness_cm,10,6,9,0.366224455685178,,,,
thickness_cm,10,6,10,0.37487068714730165,,,,
thickness_cm,10,7,1,0.32860670814274795,,,,
thickness_cm,10,7,2,0.312879653969413,,,,
thickness_cm,10,7,3,0.3460871047508065,,,,
thickness_cm,10,7,4,0.3406050130548304,,,,
thickness_cm,10,7,5,0.31788352967090816,,,,
thickness_cm,10,7,6,0.32495194549315853,,,,
thickness_cm,10,7,7,0.3323455379656375,,,,
thickness_cm,10,7,8,0.33617136929048985,,,,
thickness_cm,10,7,9,0.34008727461553045,,,,
thickness_cm,10,7,10,0.34820233807862727,,,,
thickness_cm,10,8,1,0.3090720420964986,,,,
thickness_cm,10,8,2,0.29412741470934245,,,,
thickness_cm,10,8,3,0.3256834830247133,,,,
thickness_cm,10,8,4,0.3204918015665797,,,,
thickness_cm,10,8,5,0.29890290488823623,,,,
thickness_cm,10,8,6,0.3056105101666068,,,,
thickness_cm,10,8,7,0.3126266933032026,,,,
thickness_cm,10,8,8,0.3162504063809888,,,,
thickness_cm,10,8,9,0.319973249437197,,,,
thickness_cm,10,8,10,0.3276740757451279,,,,
thickness_cm,10,9,1,0.29371384495221375,,,,
thickness_cm,10,9,2,0.27936906007869866,,,,
thickness_cm,10,9,3,0.3096309441925903,,,,
thickness_cm,10,9,4,0.3046845953002611,,,,
thickness_cm,10,9,5,0.2839480822348598,,,,
thickness_cm,10,9,6,0.2903853966830865,,,,
thickness_cm,10,9,7,0.2971053576688425,,,,
thickness_cm,10,9,8,0.30058944376467783,,,,
thickness_cm,10,9,9,0.30415555793363125,,,,
thickness_cm,10,9,10,0.31154573731632745,,,,
thickness_cm,10,10,1,0.28125115500194264,,,,
thickness_cm,10,10,2,0.26738740619041823,,,,
thickness_cm,10,10,3,0.29664810138275044,,,,
thickness_cm,10,10,4,0.29189159268929504,,,,
thickness_cm,10,10,5,0.2718319662111147,,,,
thickness_cm,10,10,6,0.278036431153992,,,,
thickness_cm,10,10,7,0.28453982421180835,,,,
thickness_cm,10,10,8,0.2879050198147625,,,,
thickness_cm,10,10,9,0.2913494443757226,,,,
thickness_cm,10,10,10,0.29847329458982613,,,,
thickness_cm,10,11,1,0.2710568347428343,,,,
thickness_cm,10,11,2,0.2575865400997931,,,,
thickness_cm,10,11,3,0.2860168147000725,,,,
thickness_cm,10,11,4,0.2814182767624021,,,,
thickness_cm,10,11,5,0.2618964930074047,,,,
thickness_cm,10,11,6,0.2679303332957801,,,,
thickness_cm,10,11,7,0.2742417554387503,,,,
thickness_cm,10,11,8,0.27751444217656496,,,,
thickness_cm,10,11,9,0.28085036529911994,,,,
thickness_cm,10,11,10,0.28777765963177954,,,,
thickness_cm,10,12,1,0.26253043337428705,,,,
thickness_cm,10,12,2,0.24937054886211513,,,,
thickness_cm,10,12,3,0.27713159364474826,,,,
thickness_cm,10,12,4,0.272667362924282,,,,
thickness_cm,10,12,5,0.25358682450975634,,,,
thickness_cm,10,12,6,0.2594865961818694,,,,
thickness_cm,10,12,7,0.26564428517867433,,,,
thickness_cm,10,12,8,0.26883059542506216,,,,
thickness_cm,10,12,9,0.2720919230167962,,,,
thickness_cm,10,12,10,0.2788504828347856,,,,
thickness_cm,10,13,1,0.2553116804159394,,,,
thickness_cm,10,13,2,0.24242245750679486,,,,
thickness_cm,10,13,3,0.26962632768201,,,,
thickness_cm,10,13,4,0.26526381201044386,,,,
thickness_cm,10,13,5,0.24656747720739502,,,,
thickness_cm,10,13,6,0.2523358063135262,,,,
thickness_cm,10,13,7,0.25836950265091774,,,,
thickness_cm,10,13,8,0.261484825688728,,,,
thickness_cm,10,13,9,0.2646873093522448,,,,
thickness_cm,10,13,10,0.2712956295707686,,,,
thickness_cm,10,14,1,0.2492271123031732,,,,
thickness_cm,10,14,2,0.23655208105147862,,,,
thickness_cm,10,14,3,0.26330388037005986,,,,
thickness_cm,10,14,4,0.25904093994778066,,,,
thickness_cm,10,14,5,0.24063199970907476,,,,
thickness_cm,10,14,6,0.24630645028062437,,,,
thickness_cm,10,14,7,0.25222845246514913,,,,
thickness_cm,10,14,8,0.2552996329553462,,,,
thickness_cm,10,14,9,0.2584431202172128,,,,
thickness_cm,10,14,10,0.2649433278562674,,,,
thickness_cm,10,15,1,0.2440098620134987,,,,
thickness_cm,10,15,2,0.2315185185185185,,,,
thickness_cm,10,15,3,0.2578826282206148,,,,
thickness_cm,10,15,4,0.2536931592689295,,,,
thickness_cm,10,15,5,0.23553523098769108,,,,
thickness_cm,10,15,6,0.24112146795911352,,,,
thickness_cm,10,15,7,0.2469646951630618,,,,
thickness_cm,10,15,8,0.24998828643595217,,,,
thickness_cm,10,15,9,0.25308306405705244,,,,
thickness_cm,10,15,10,0.2594964767202252,,,,
thickness_cm,20,0.015,1,34.11435871252712,2.370094972945396,1.5286999715030646e-15,3.623164117601184e-15,3.792799435002145e-15
thickness_cm,20,0.015,2,31.280332639649508,2.4398283187161747,2.6009029215691036e-14,6.345756602275933e-14,6.363381284622316e-14
thickness_cm,20,0.015,3,37.261829033495815,2.308918107028475,6.567396922749751e-17,1.5163581670979988e-16,1.7253512748328212e-16
thickness_cm,20,0.015,4,36.806788093994776,2.293172214318169,1.0351780013491223e-16,2.3738414295672233e-16,2.5859178254365266e-16
thickness_cm,20,0.015,5,33.44644150945853,2.3327598360674457,2.981226775549677e-15,6.9544860842111445e-15,7.267488528724874e-15
thickness_cm,20,0.015,6,33.88672242568835,2.357402904725318,1.9194793343205193e-15,4.524986158287412e-15,4.7607113377487414e-15
thickness_cm,20,0.015,7,34.34725810297063,2.3830493157385506,1.211086986067936e-15,2.886080013449058e-15,2.943115618111818e-15
thickness_cm,20,0.015,8,34.58554968800667,2.3962773039652197,9.543037203104371e-16,2.2867763460694732e-15,2.4430277445683166e-15
thickness_cm,20,0.015,9,34.82947915378872,2.4097925929179738,7.477379034425444e-16,1.8018932611598586e-15,1.9108993397513243e-15
thickness_cm,20,0.015,10,35.334954166386076,2.4377400637731936,4.510496885068261e-16,1.0995418964255093e-15,1.1367477760314835e-15
thickness_cm,20,0.02,1,17.22842792459523,4.537557879636184,3.2944947551120665e-08,1.4948960635478838e-07,1.383662372079839e-07
thickness_cm,20,0.02,2,15.916530457182265,4.690124481438394,1.2233159870516839e-07,5.737504259406076e-07,5.138957937169834e-07
thickness_cm,20,0.02,3,18.68543682407947,4.385482680650059,7.673931095787033e-09,3.365389191307596e-08,3.053589748771565e-08
thickness_cm,20,0.02,4,18.460427780678856,4.335705153343939,9.610325143372556e-09,4.166753624943122e-08,3.762276183960396e-08
thickness_cm,20,0.02,5,16.885401225764888,4.371331816194788,4.642623046184833e-08,2.0294445832386926e-07,1.7718360129842738e-07
thickness_cm,20,0.02,6,17.111523514803405,4.480718701556189,3.703051572845478e-08,1.6592332435275792e-07,1.532854327518077e-07
thickness_cm,20,0.02,7,17.348048373574734,4.595904370968025,2.923063968358378e-08,1.3434122468797413e-07,1.1770374639837088e-07
thickness_cm,20,0.02,8,17.47042504853762,4.655808308472215,2.5863708979538357e-08,1.2041647115484212e-07,1.0801403512278755e-07
thickness_cm,20,0.02,9,17.59571054518843,4.717337254001108,2.2818127634752158e-08,1.0764080355796853e-07,9.75339295515999e-08
thickness_cm,20,0.02,10,17.85528733989683,4.845506814762606,1.760140092784906e-08,8.528770814526148e-08,7.578060507626962e-08
thickness_cm,20,0.03,1,8.652255856353527,12.949015000216308,0.00017473223241013577,0.00226261029850013,0.002221861333581934
thickness_cm,20,0.03,2,8.106317897854042,13.551458898681073,0.0003016274540807623,0.004087492046689263,0.003951505292712429
thickness_cm,20,0.03,3,9.258541151391988,12.698093171736014,9.529424366428082e-05,0.0012100551847791523,0.0011882364580543653
thickness_cm,20,0.03,4,9.137454203655352,12.44055804174437,0.00010756080916705588,0.0013381164894597486,0.0012962631122402201
thickness_cm,20,0.03,5,8.446339318653154,12.037361717559081,0.00021468487157436772,0.002584239454428382,0.002499853693374214
thickness_cm,20,0.03,6,8.582056082507988,12.627295275757385,0.00018743919049651252,0.0023668500046484012,0.0023402058904459615
thickness_cm,20,0.03,7,8.724043377970792,13.28293854441737,0.00016262829207734801,0.002160181609246972,0.002091626095240958
thickness_cm,20,0.03,8,8.79750137470962,13.629708506227963,0.00015111017148410522,0.0020595875896544753,0.002034480334606962
thickness_cm,20,0.03,9,8.872688840170476,13.989970169291334,0.0001401651987157085,0.001960906948805554,0.001902457286216224
thickness_cm,20,0.03,10,9.028530671120148,14.75379323399052,0.00011993859300455795,0.0017695492019649897,0.0017240875782086266
thickness_cm,20,0.04,1,6.490579600782094,31.303495549960598,0.0015176691108943375,0.04750834825919355,0.04782766113680667
thickness_cm,20,0.04,2,6.13151311508661,32.263380536728064,0.0021732900336298372,0.07011768337167797,0.07026048606959152
thickness_cm,20,0.04,3,6.8893835562124295,31.855278924243297,0.001018541521103877,0.03244592425068704,0.0324429782533768
thickness_cm,20,0.04,4,6.792403759791123,30.916853702694002,0.0011222678669358182,0.03469699145728915,0.03491086887213568
thickness_cm,20,0.04,5,6.315786767419147,28.989032629340063,0.0018075430850093108,0.05239892547027291,0.05329663901092136
thickness_cm,20,0.04,6,6.431014052739227,30.300735041353942,0.0016108165530649232,0.04880892557464729,0.049361875749766373
thickness_cm,20,0.04,7,6.551542274449803,32.41756373468871,0.001427911667530261,0.046289417489667875,0.04661586689375504
thickness_cm,20,0.04,8,6.613896224425275,33.586024224271384,0.0013415947986671305,0.04505883540719073,0.045328214259380606
thickness_cm,20,0.04,9,6.677745842584839,34.81262921427529,0.0012586118866352474,0.04381558893411235,0.04421542854891473
thickness_cm,20,0.04,10,6.810035277242791,37.454287596865235,0.0011026540006786809,0.041299120061253344,0.04154993934717093
thickness_cm,20,0.05,1,5.632788930393304,51.965565372978574,0.0035785809837752523,0.18596298405487086,0.18960041959243942
thickness_cm,20,0.05,2,5.343665486187172,52.11811785637958,0.004778323691276787,0.2490372372978943,0.2515446614286132
thickness_cm,20,0.05,3,5.953858490485597,54.441623550365584,0.002595805280446673,0.14131985388812893,0.1440409617166604
thickness_cm,20,0.05,4,5.866501514360314,52.502505284954,0.002832766411140726,0.14872733347195613,0.15293567114540127
thickness_cm,20,0.05,5,5.47114251298427,47.986387278062374,0.004206423518066601,0.2018510679934935,0.20649014041266595
thickness_cm,20,0.05,6,5.577695257343105,50.586260296181635,0.003781270338801077,0.1912803256088222,0.1938897888620831
thickness_cm,20,0.05,7,5.689122879350376,53.92809906163342,0.003382558580566755,0.1824149542145821,0.18365376643565576
thickness_cm,20,0.05,8,5.746795010901785,56.077735276990566,0.0031929979384328947,0.1790560931314165,0.18254357151231462
thickness_cm,20,0.05,9,5.805824954428457,58.343631979993724,0.0030099706399798094,0.17561261928956817,0.17811665666856996
thickness_cm,20,0.05,10,5.928154709154332,63.25672816581972,0.0026633921902352205,0.16847747577667654,0.17258947723953633
thickness_cm,20,0.06,1,5.1795419793967215,65.79890232613174,0.00563058474771706,0.37048629585404197,0.37710592823797245
thickness_cm,20,0.06,2,4.924599217070301,64.29196223940798,0.007265637639903659,0.46712210078990735,0.4726918398169796
thickness_cm,20,0.06,3,5.462650802222633,69.91619280609117,0.00424229534093816,0.2966051389974147,0.3044297130470557
thickness_cm,20,0.06,4,5.380673002610966,67.17583311122064,0.0046047218970851275,0.3093260296821738,0.31198227702522907
thickness_cm,20,0.06,5,5.0259042813385335,60.33047398484312,0.006565646617962404,0.396108572478654,0.40425896882508755
thickness_cm,20,0.06,6,5.127169108959006,63.89743099932772,0.0059333333415996625,0.379124757790875,0.3861402317725687
thickness_cm,20,0.06,7,5.23309254159928,67.9656661748082,0.005336994876648168,0.3627324121629311,0.3691222544697222
thickness_cm,20,0.06,8,5.287889210087303,70.77678836619685,0.00505241359591125,0.3575936078163062,0.36622991389289217
thickness_cm,20,0.06,9,5.344003620835266,73.74647814703313,0.004776708247611089,0.3522654103972041,0.36029305558567803
thickness_cm,20,0.06,10,5.460263122735659,80.20468267625589,0.0042524366848227906,0.34106533490708146,0.34538677986806193
thickness_cm,20,0.08,1,4.678125530840739,68.93457681233247,0.009296423424147004,0.6408450146118284,0.6485306153048762
thickness_cm,20,0.08,2,4.456820234473247,65.45879507763631,0.011599187406663108,0.7592688315198601,0.7705441450571591
thickness_cm,20,0.08,3,4.923905069137522,74.37339161038457,0.007270682818099146,0.5407453405053823,0.5459124450535798
thickness_cm,20,0.08,4,4.84853409921671,71.25297358306112,0.007839861589182182,0.5586134507088536,0.5684138683329362
thickness_cm,20,0.08,5,4.5354790014338455,62.89788192563967,0.010721770252978165,0.6743766394056564,0.680798468715345
thickness_cm,20,0.08,6,4.62948996612941,66.82991317509594,0.00975973562887521,0.6522422846896206,0.6584742394480617
thickness_cm,20,0.08,7,4.727852821480466,71.13769321957467,0.008845443409990316,0.6292444396909995,0.6351095540711432
thickness_cm,20,0.08,8,4.778737251968527,73.80188589698044,0.00840660769532535,0.6204235019110791,0.6235560917582753
thickness_cm,20,0.08,9,4.830847316388581,76.89625925203038,0.007979757021731301,0.6136134647112599,0.6232999271950026
thickness_cm,20,0.08,10,4.938808475535024,83.63503169704556,0.007163128332130991,0.5990884651077805,0.6054291002297565
thickness_cm,20,0.1,1,4.3699474932695805,58.82388107572938,0.012651904860723049,0.7442341469086151,0.7514625295472187
thickness_cm,20,0.1,2,4.166572593403918,55.25363340038487,0.015505312165707538,0.8567248341625319,0.8622493250697647
thickness_cm,20,0.1,3,4.595841867636819,63.73296372701774,0.010093719627168547,0.64330266686902,0.649705006588098
thickness_cm,20,0.1,4,4.5249169712793735,61.07395350136889,0.010835614066261207,0.6617737896416156,0.6660883468916429
thickness_cm,20,0.1,5,4.23527287213837,53.7349152650617,0.014475859600016381,0.7778590889958102,0.7869742216851515
thickness_cm,20,0.1,6,4.32406416271217,57.050574150100346,0.013245940342894641,0.7556885017201163,0.760869125687114
thickness_cm,20,0.1,7,4.41691322987665,60.68178177852457,0.012071436584417413,0.7325162805689154,0.7420089564781815
thickness_cm,20,0.1,8,4.4649718457585665,62.69918943193447,0.011505019670532272,0.7213554077408353,0.7366413757130883
thickness_cm,20,0.1,9,4.514161936451687,65.22891129787529,0.010952780407572657,0.7144379416706631,0.7189334017757397
thickness_cm,20,0.1,10,4.616100230306132,70.74063136118407,0.009891294715818563,0.6997164331765489,0.7097100302711534
thickness_cm,20,0.15,1,3.8687178516293406,34.79558080863537,0.020885130101500622,0.7267102321456279,0.7306204447812382
thickness_cm,20,0.15,2,3.6911862115127176,32.24498189988468,0.024942397528037178,0.8042671568312871,0.8088450751608189
thickness_cm,20,0.15,3,4.0659109497349615,37.965422989141835,0.017147361772087588,0.651006842825146,0.6589601708079451
thickness_cm,20,0.15,4,4.002834673629243,36.49039266119136,0.01826379354720116,0.6664529980203032,0.6702759315622704
thickness_cm,20,0.15,5,3.7486411365478256,32.044850318304164,0.02354972498404371,0.7546474121509086,0.7594653122418489
thickness_cm,20,0.15,6,3.8278099005205473,33.83825083771093,0.021757213951242492,0.7362260632118872,0.7409491091848512
thickness_cm,20,0.15,7,3.9105937646702293,35.79739598215802,0.020028605252185094,0.7169719131827997,0.7209921081536218
thickness_cm,20,0.15,8,3.9534441182455122,36.845856289608285,0.01918850037385766,0.7070167271882543,0.7110133362041002
thickness_cm,20,0.15,9,3.997275696017262,38.09444493103448,0.018365604286268,0.6996275011084071,0.704171132839272
thickness_cm,20,0.15,10,4.088165952403399,41.018568340813836,0.01676996228001294,0.687879843855581,0.6931885031943384
thickness_cm,20,0.2,1,3.5264608952862426,22.66405718282798,0.029408812775496646,0.666523014422938,0.6699454828228665
thickness_cm,20,0.2,2,3.365335941746785,21.013415361966075,0.0345504072439989,0.7260220583432305,0.7272313070735654
thickness_cm,20,0.2,3,3.705404722384072,24.653912264811613,0.024590263123505172,0.6062461896155289,0.6109458707268509
thickness_cm,20,0.2,4,3.64785315926893,23.770621761050297,0.02604698753113239,0.6191530886173413,0.6209875112038304
thickness_cm,20,0.2,5,3.4168737508156295,21.01989638705866,0.03281486218519195,0.6897650030883442,0.6919947129356647
thickness_cm,20,0.2,6,3.4891104955388026,22.09274777943679,0.03052801490308509,0.6744477334607464,0.6745020888002817
thickness_cm,20,0.2,7,3.5646704322279255,23.26040595811719,0.02830631279555549,0.6584163268020677,0.6603782261279427
thickness_cm,20,0.2,8,3.6037690941794938,23.88325066606898,0.0272209306018166,0.6501243089268539,0.6523951765294533
thickness_cm,20,0.2,9,3.6437882810013313,24.59728250468853,0.02615308084680702,0.643294717956871,0.64305696705207
thickness_cm,20,0.2,10,3.726721399614809,26.290632150747967,0.024071627850709574,0.6328583130927053,0.6344291692868812
thickness_cm,20,0.3,1,3.056134454850315,12.752494239230721,0.04706929248291002,0.600250881232976,0.6036023825827973
thickness_cm,20,0.3,2,2.916930469352156,11.909677907116617,0.05409949274874325,0.6443075335759231,0.6496861508616824
thickness_cm,20,0.3,3,3.210761227564057,13.73068425150579,0.04032590439532109,0.5537022604085634,0.5554413824199859
thickness_cm,20,0.3,4,3.160913420365535,13.31733372385637,0.042387006237875745,0.564481907624973,0.5654248150062943
thickness_cm,20,0.3,5,2.9611581110641625,11.977369367377085,0.051758939848320244,0.619935940627184,0.6210065725260655
thickness_cm,20,0.3,6,3.0237814205268783,12.48433651366301,0.04861702890154471,0.6069513491013644,0.6090552152801605
thickness_cm,20,0.3,7,3.0892586701542735,13.031446123424589,0.04553569886780403,0.5933960064882743,0.597402591912138
thickness_cm,20,0.3,8,3.1231263687920667,13.321381881493295,0.04401933240178142,0.5863983370925218,0.5893294917989939
thickness_cm,20,0.3,9,3.1578190655319545,13.631573928509253,0.04251836981344893,0.5795923014317252,0.5814517242014152
thickness_cm,20,0.3,10,3.2296856227019886,14.39424971750245,0.039569936722983604,0.5695795504963966,0.5696017045988638
thickness_cm,20,0.356,1,2.8633764045059715,10.186832594203086,0.05707572383318182,0.5814208438815904,0.5881650535145725
thickness_cm,20,0.356,2,2.7330342704149935,9.550521525707639,0.06502169663394944,0.620991113340566,0.6235650804545122
thickness_cm,20,0.356,3,3.0081331277445393,10.920336833239716,0.04938378597741798,0.5392875769740245,0.5441559343336028
thickness_cm,20,0.356,4,2.9614481462140994,10.617391490856928,0.05174393011322137,0.5493855632876121,0.5529719168432854
thickness_cm,20,0.356,5,2.7744228276822263,9.617455858394436,0.062385473468819314,0.5999895372914069,0.6036509857629467
thickness_cm,20,0.356,6,2.8330585084664195,9.990072732584414,0.05883263809279089,0.5877423335967974,0.5918834316575418
thickness_cm,20,0.356,7,2.894391675468281,10.39103773179612,0.05533267508225539,0.5749639145809307,0.5800894281132075
thickness_cm,20,0.356,8,2.9261286629262133,10.603075524785236,0.05360415673285441,0.5683689222808803,0.572612135865101
thickness_cm,20,0.356,9,2.958612854631152,10.825995630900817,0.05189084742102225,0.5617700874637278,0.5662377059696275
thickness_cm,20,0.356,10,3.0259309472181437,11.378806921699338,0.048512637536478304,0.5520159357899704,0.5538177885404579
thickness_cm,20,0.4,1,2.7349599932839066,8.752246850539823,0.06489660335192096,0.5679910922975824,0.5695421993655858
thickness_cm,20,0.4,2,2.610504425783944,8.228917830286937,0.0734974603968618,0.604804562340544,0.6063552182696864
thickness_cm,20,0.4,3,2.873179152159393,9.354028400864138,0.056518958289842616,0.5286799410304435,0.529958880224635
thickness_cm,20,0.4,4,2.82857315926893,9.10971042335228,0.05909711571268219,0.5383576109978767,0.5375418267503914
thickness_cm,20,0.4,5,2.649984251608747,8.292559117727873,0.07065232571213657,0.5858885877728576,0.5867311622418742
thickness_cm,20,0.4,6,2.706006651580544,8.593608101082454,0.06680304259947062,0.574079168059767,0.5745469935262819
thickness_cm,20,0.4,7,2.76457932231065,8.916698363455398,0.06300259756118584,0.5617751585672648,0.5614201845229619
thickness_cm,20,0.4,8,2.7949151923571214,9.087390942279203,0.0611200575608109,0.5554218574696965,0.5548199006066175
thickness_cm,20,0.4,9,2.825937650089452,9.265004194780458,0.059253072125631016,0.5489799617976003,0.5497617299732469
thickness_cm,20,0.4,10,2.890254837102183,9.706860847208421,0.05556205153497135,0.53933310263539,0.5408322831037864
thickness_cm,20,0.5,1,2.496354188475825,6.701811381656442,0.08238481125592724,0.5521274657505909,0.5545138412744381
thickness_cm,20,0.5,2,2.3827896069124983,6.33785170020624,0.09229275755492383,0.5849378103861963,0.5850650662612333
thickness_cm,20,0.5,3,2.622449760541163,7.118222315749985,0.07262473152540001,0.5169589846194538,0.5163809496263299
thickness_cm,20,0.5,4,2.5817418276762405,6.953554050223923,0.0756421336465753,0.525981664785723,0.5269581049914932
thickness_cm,20,0.5,5,2.418732886989409,6.390584180667931,0.08903436261313245,0.5689815892513365,0.5711940987960321
thickness_cm,20,0.5,6,2.469898652532815,6.594597671255578,0.0845934318972,0.5578596489927925,0.5571750652631475
thickness_cm,20,0.5,7,2.5234182569934793,6.8127171727492755,0.08018504466529344,0.5462780307889123,0.5468050031793427
thickness_cm,20,0.5,8,2.551112098654551,6.927493271033552,0.07799487975182823,0.5403090046558611,0.5412647733026188
thickness_cm,20,0.5,9,2.5794579541884737,7.046328925816702,0.07581508813807901,0.5342180485606889,0.536823249920326
thickness_cm,20,0.5,10,2.638171736993091,7.337244072890962,0.07149185606250696,0.524553197154603,0.5260033834507979
thickness_cm,20,0.511,1,2.473537058052952,6.537343835561917,0.08428620593286142,0.5510079087780939,0.5538011196210315
thickness_cm,20,0.511,2,2.36103244493124,6.1855414590306115,0.09432278982140864,0.5834375269717537,0.5849578520827757
thickness_cm,20,0.511,3,2.598483601688292,6.939739052179409,0.07438629198082679,0.5162214554061636,0.5175835163597838
thickness_cm,20,0.511,4,2.558128250652741,6.781059024021926,0.07744957104176974,0.5251901126194198,0.5258644836199438
thickness_cm,20,0.511,5,2.396642588126095,6.237586275498369,0.09102304269176774,0.5677640818482725,0.5704636693290162
thickness_cm,20,0.511,6,2.4473116557531034,6.434037897182229,0.08652588547608316,0.5567108262403684,0.5567039799388867
thickness_cm,20,0.511,7,2.500338705745866,6.644094694558175,0.0820572006711444,0.5451958116294461,0.5469298332687588
thickness_cm,20,0.511,8,2.527791327818754,6.754648185236863,0.07983515538873735,0.5392583874646377,0.5395024414045728
thickness_cm,20,0.511,9,2.555862655421582,6.868992803196031,0.07762523934206803,0.5332072103870347,0.5337332851281468
thickness_cm,20,0.511,10,2.6140641153416206,7.149451044864367,0.0732362973600137,0.5235993226825475,0.5243383769427072
thickness_cm,20,0.6,1,2.3081862509183058,5.454447532268583,0.09944144993142578,0.5423981711836753,0.5443026427601761
thickness_cm,20,0.6,2,2.203204267575352,5.180439922542522,0.11044868361401043,0.5721727699862877,0.5728284024842251
thickness_cm,20,0.6,3,2.4247500717665953,5.766594885123342,0.08850023498565869,0.5103450024005133,0.5128102380544408
thickness_cm,20,0.6,4,2.387110391644909,5.646768824378396,0.09189484069278477,0.5189089215452362,0.5195359868962223
thickness_cm,20,0.6,5,2.23643630851926,5.2278969744464705,0.10683856645412168,0.5585410183197009,0.5590011802363573
thickness_cm,20,0.6,6,2.283714249171083,5.376461311128942,0.10190500235122465,0.5478883025518633,0.5493349839823546
thickness_cm,20,0.6,7,2.3331941661842,5.534926123660862,0.09698546411581424,0.5368073789499933,0.5357049646715702
thickness_cm,20,0.6,8,2.358784008494694,5.618091245377659,0.09453510722048095,0.5311068582562224,0.533244183274536
thickness_cm,20,0.6,9,2.384976328872143,5.704069599694341,0.09209115945509098,0.5252943830483886,0.5282743926800745
thickness_cm,20,0.6,10,2.439255563037886,5.917322463993493,0.08722576137913202,0.5161429572476739,0.5178600181996583
thickness_cm,20,0.662,1,2.2099791866420793,4.934611634091684,0.10970293177813419,0.5413413634463473,0.5428220553170839
thickness_cm,20,0.662,2,2.1095064662691168,4.698854961311854,0.12129781622701137,0.5699608455745859,0.5716257357957043
thickness_cm,20,0.662,3,2.3215913880085837,5.202917738768562,0.0981173185723897,0.5104963372806924,0.5110387661702083
thickness_cm,20,0.662,4,2.285544229765013,5.100266459032273,0.10171868870167344,0.5187924162418901,0.5192611564465609
thickness_cm,20,0.662,5,2.141339636426607,4.740188483191007,0.11749733383437883,0.5569595086473715,0.5567823851119081
thickness_cm,20,0.662,6,2.1865848856826284,4.867781466937697,0.11229961049431447,0.5466499627085462,0.5488401126904628
thickness_cm,20,0.662,7,2.233911605378676,5.003585805185131,0.10710864290635902,0.5359272852589011,0.5351165880056373
thickness_cm,20,0.662,8,2.258400924662856,5.074801787348904,0.10451748252677964,0.5304055071361092,0.5330889014834437
thickness_cm,20,0.662,9,2.2834944408501388,5.1484359688936205,0.10192740438067335,0.5247667149294238,0.5267218141005214
thickness_cm,20,0.662,10,2.3354399951514497,5.326512284307235,0.09676789575321297,0.5154353854560508,0.5166485468582975
thickness_cm,20,0.8,1,2.0269350959163632,4.095123249198624,0.1317386694133837,0.5394860879332392,0.5390468008840487
thickness_cm,20,0.8,2,1.9347391464849297,3.91922052179757,0.14446194731579598,0.566178228538907,0.5675942408806562
thickness_cm,20,0.8,3,2.129298870209047,4.29464857811502,0.11892064343542923,0.5107223722384895,0.5105912436524566
thickness_cm,20,0.8,4,2.0962189033942558,4.218500076709979,0.12292032430341024,0.5185393975031516,0.5188727121869864
thickness_cm,20,0.8,5,1.9638946656507372,3.9499279128837164,0.1403108913818077,0.5542179063505974,0.5545650085393788
thickness_cm,20,0.8,6,2.0054403379107626,4.045279692473894,0.13460101271546632,0.5444987433242963,0.5455126960150365
thickness_cm,20,0.8,7,2.0488972846171034,4.146419733858213,0.12887693984469611,0.5343778866113058,0.5351129785781326
thickness_cm,20,0.8,8,2.0713705271753,4.199289199066393,0.12601295911815316,0.5291648581672556,0.527650507614388
thickness_cm,20,0.8,9,2.094400500849433,4.253859795160736,0.12314404628059399,0.5238375074864317,0.5242930266855934
thickness_cm,20,0.8,10,2.1420980013198827,4.3799917138684945,0.11740826176018125,0.5142472136492972,0.5154411187298288
thickness_cm,20,1,1,1.8223014630712262,3.3611714141172704,0.16165328342603105,0.5433443952497727,0.5457428366923976
thickness_cm,20,1,2,1.7394318486065474,3.2309497089609027,0.17562015111119467,0.5674198761203841,0.569057925107706
thickness_cm,20,1,3,1.9143356616027398,3.5081098460387534,0.14743974994460082,0.5172348384781459,0.5203225460120489
thickness_cm,20,1,4,1.8845856919060053,3.455038000042032,0.15189197647027547,0.5247925506062919,0.5269061016916378
thickness_cm,20,1,5,1.7656239107829352,3.2604553793060247,0.17108001451451232,0.5577987536155945,0.5607179196236489
thickness_cm,20,1,6,1.8029753539262714,3.3266347202807163,0.16480779647368016,0.5482553379223022,0.5520609320810692
thickness_cm,20,1,7,1.8420721130858564,3.3967115016261005,0.15848867915807693,0.5383403193737688,0.5401782211944578
thickness_cm,20,1,8,1.8623028204787404,3.433297252168532,0.1553145566947385,0.5332410407218193,0.5334785965399713
thickness_cm,20,1,9,1.8830098323886788,3.4709732659664554,0.15213152558530474,0.5280444582172845,0.5323484453149266
thickness_cm,20,1,10,1.925921675712804,3.5595856720007526,0.14574136865473022,0.5187788876811573,0.5206429952204008
thickness_cm,20,1.173,1,1.6836373581855546,3.039246956006858,0.18569729853737207,0.5643799493184048,0.5657709231674073
thickness_cm,20,1.173,2,1.6071138168836965,2.939804620945127,0.20046535967078397,0.5893289906995975,0.5911039757287403
thickness_cm,20,1.173,3,1.7686518311140165,3.151122325214848,0.17056278132594505,0.5374641880869236,0.5374406304074207
thickness_cm,20,1.173,4,1.74118182767624,3.1075140080647663,0.1753130882776628,0.5447878776199321,0.5461302338099634
thickness_cm,20,1.173,5,1.6313530872013684,2.9580341436047046,0.1956646436052583,0.5787826964806,0.577446290162767
thickness_cm,20,1.173,6,1.6658173991821839,3.0114562552460375,0.18903607687871127,0.569273876183566,0.57108485206127
thickness_cm,20,1.173,7,1.7018672134600021,3.067795470811107,0.18234273318136734,0.5593902109891169,0.5628694675955437
thickness_cm,20,1.173,8,1.720521272259235,3.0971322080042016,0.178972830020146,0.5543025162130555,0.5556831883114621
thickness_cm,20,1.173,9,1.7396145155266591,3.1272891895449257,0.1755880740488799,0.549114685786076,0.5512907606473846
thickness_cm,20,1.173,10,1.7792103866718745,3.1902442993047018,0.16877135878318156,0.5384218652439535,0.5390992949956958
thickness_cm,20,1.33,1,1.5784650646223457,2.8100405491310037,0.20629149943563446,0.5796874783551684,0.5797657792002534
thickness_cm,20,1.33,2,1.5066961462009654,2.723559762499312,0.22164103922408387,0.6036526161492466,0.6034867412145546
thickness_cm,20,1.33,3,1.6581709366606505,2.9071492479662897,0.19048707458579037,0.553774355629379,0.5557962761838916
thickness_cm,20,1.33,4,1.6324204699738902,2.8722707956589257,0.1954559059567854,0.5614022905187321,0.5629172667241739
thickness_cm,20,1.33,5,1.5293660999258836,2.747595911211992,0.21667297280594988,0.595329774151775,0.5977090813808902
thickness_cm,20,1.33,6,1.5617483392532339,2.7887282882495654,0.209769003032309,0.584988752754109,0.5854549283636277
thickness_cm,20,1.33,7,1.5955933032122183,2.831937769450158,0.20278817792651907,0.5742835002680882,0.5749149337275309
thickness_cm,20,1.33,8,1.613092803327121,2.8543663646367574,0.199270356018197,0.5687906016875334,0.5708916241132665
thickness_cm,20,1.33,9,1.631031934550216,2.8774239760538256,0.19572749191569946,0.563190978011115,0.5646019594798105
thickness_cm,20,1.33,10,1.6681795094883431,2.925368117639623,0.18859007976783868,0.5516954066559486,0.5529076777212459
thickness_cm,20,1.5,1,1.4830867907845109,2.5837491063813376,0.22693610184760532,0.5863459503544145,0.5871135356977166
thickness_cm,20,1.5,2,1.4156355766500344,2.5094914576758267,0.24277126465657917,0.6092324148248428,0.6096134545142977
thickness_cm,20,1.5,3,1.5579974618784376,2.6669713392006402,0.210557298314971,0.561550279865547,0.5643009751021049
thickness_cm,20,1.5,4,1.5337990600522193,2.6378179369248524,0.21571459594967368,0.5690158304525463,0.5710541390880557
thickness_cm,20,1.5,5,1.4369791023433334,2.5317060057235254,0.2376445753629111,0.6016461986738989,0.6030580060185188
thickness_cm,20,1.5,6,1.4673631903268005,2.565965098240246,0.23053255494214656,0.5915384899897,0.5918590496758994
thickness_cm,20,1.5,7,1.4991720668888542,2.6019797360340666,0.22331497349209822,0.5810610357794244,0.5798891131517533
thickness_cm,20,1.5,8,1.5156316427733048,2.6206737418211885,0.21966938843577935,0.575681798155566,0.5760593287396732
thickness_cm,20,1.5,9,1.5324787370074753,2.639848720688111,0.21599959700712323,0.5702062598284018,0.5707852746629019
thickness_cm,20,1.5,10,1.5673915419736293,2.679716519463702,0.2085885678738418,0.5589582311028095,0.5620015329010221
thickness_cm,20,2,1,1.2726888302535957,2.16426055433045,0.2800775274876769,0.6061607448959815,0.608210952354604
thickness_cm,20,2,2,1.2146227293010425,2.1130405995053154,0.2968219754070214,0.6271968848604045,0.6307349345576218
thickness_cm,20,2,3,1.3371483223670189,2.2219180048594014,0.2625934337025068,0.5834610783014534,0.5859591671662554
thickness_cm,20,2,4,1.3163319060052219,2.2018690507245244,0.26811697870335965,0.590358477380694,0.5915877104728141
thickness_cm,20,2,5,1.2329793213684568,2.1284962231176547,0.2914230401174488,0.6202928402194545,0.6199471595220204
thickness_cm,20,2,6,1.259145910433458,2.152043329873902,0.2838963959321798,0.6109573452410879,0.6139525553992956
thickness_cm,20,2,7,1.2865162718845258,2.1767515040550096,0.2762314239904712,0.6012871676385152,0.6027957742750856
thickness_cm,20,2,8,1.3006927818265157,2.1895812623914503,0.2723430533459126,0.5963172465486853,0.5984717023936718
thickness_cm,20,2,9,1.3151754292772657,2.2027066073637753,0.2684272291137113,0.5912664311651219,0.5914170205573315
thickness_cm,20,2,10,1.3452166062842597,2.2300031516655614,0.2604832794335505,0.5808785340929987,0.5823734342333479
thickness_cm,20,2.51,1,1.124577632771787,1.9202371001585652,0.3247896188832362,0.6236730759259511,0.6253445267301225
thickness_cm,20,2.51,2,1.0731758184252158,1.8810132992347008,0.3419209125809396,0.6431577838512129,0.6459326051744166
thickness_cm,20,2.51,3,1.1816639944860519,1.9640988361206846,0.3067678536471727,0.6025223843076524,0.6026837405986748
thickness_cm,20,2.51,4,1.1632881462140992,1.948909533769306,0.31245708531931077,0.6089505924725742,0.6090352749425058
thickness_cm,20,2.51,5,1.0894697980286352,1.8930761650760761,0.33639480362045876,0.6368209847893378,0.638040624441944
thickness_cm,20,2.51,6,1.1125942981501447,1.910953267208043,0.3287050949426759,0.6281400751286365,0.627488516118692
thickness_cm,20,2.51,7,1.1368096154877236,1.929722980243681,0.32084099685004563,0.6191342446258236,0.6207830073240145
thickness_cm,20,2.51,8,1.1493535406415196,1.9394655402390037,0.3168415283589058,0.6145032259687568,0.6125367012985738
thickness_cm,20,2.51,9,1.1621651663135153,1.949426198001173,0.3128081654369821,0.6097964326515379,0.6100398363847203
thickness_cm,20,2.51,10,1.188743428194319,1.9701325040556876,0.3046037802089868,0.6001098082479595,0.6005476779384843
thickness_cm,20,3,1,1.0206329275120312,1.7648243732510576,0.36036678192617594,0.635984080053364,0.6379255910854102
thickness_cm,20,3,2,0.973747109650724,1.7328586121981702,0.37766523039230715,0.6544404470131155,0.6542016850963339
thickness_cm,20,3,3,1.0727320292182416,1.8002395756974734,0.3420726870670302,0.615812789023245,0.6210631805394881
thickness_cm,20,3,4,1.0560269451697128,1.78800864872781,0.34783503631672924,0.6219320532648638,0.6245064818493333
thickness_cm,20,3,5,0.9885924869810968,1.7428962884258858,0.3721000582888978,0.6485318105147758,0.6491467883733343
thickness_cm,20,3,6,1.0097126387528386,1.757342950329555,0.36432365703113523,0.6402416103219482,0.64368564945945
thickness_cm,20,3,7,1.0318313993450692,1.7725066943740997,0.3563537365949325,0.6316393836797425,0.6316393836797425
thickness_cm,20,3,8,1.0432631487245745,1.7803549328202584,0.3523031865363345,0.6272247159982588,0.6269719929380917
thickness_cm,20,3,9,1.0549640431103096,1.7883963583058455,0.3482049474479886,0.6227284599600611,0.6240428142260964
thickness_cm,20,3,10,1.0792122035313607,1.805087190953461,0.33986316320893,0.6134826425853651,0.6147494907380662
thickness_cm,20,4,1,0.8733490177999406,1.5691691642457841,0.4175508198948691,0.6552078710845737,0.656636261686514
thickness_cm,20,4,2,0.8328327167254878,1.5455700214754349,0.4348158300559326,0.6720383117974068,0.6726797827412485
thickness_cm,20,4,3,0.9183741952904061,1.5956371839071604,0.3991674821948456,0.636926477196695,0.6375575655584692
thickness_cm,20,4,4,0.9039832898172324,1.5866976890932316,0.404953396115229,0.6425386178064899,0.6438001845899852
thickness_cm,20,4,5,0.8457023178150131,1.5528174213029429,0.4292557783403518,0.6665558508018526,0.6692905473481551
thickness_cm,20,4,6,0.8639262401454734,1.563593977581953,0.4215039036959654,0.659060965346295,0.6628131441706181
thickness_cm,20,4,7,0.8830155326455436,1.5748921223143786,0.413534004277521,0.6512714456457884,0.6528782286917078
thickness_cm,20,4,8,0.8928796768361273,1.5807326462166695,0.40947489794965675,0.6472703389952617,0.6474166489362798
thickness_cm,20,4,9,0.9029760588987543,1.5867127565009596,0.40536148318079307,0.6431922363571135,0.6433503624645148
thickness_cm,20,4,10,0.9239274293256474,1.5991300774088866,0.3969569552145492,0.634785806520238,0.6350003303546641
thickness_cm,20,5,1,0.7763962285294163,1.4489047413606315,0.4600609820878399,0.6665845382620998,0.6677282103846287
thickness_cm,20,5,2,0.7399717293416088,1.4299877199182214,0.47712740403621745,0.6822863286082506,0.6828618861306753
thickness_cm,20,5,3,0.8168207654156068,1.4701896585955734,0.4418341182534037,0.6495799514708478,0.6489454222492727
thickness_cm,20,5,4,0.8039728459530027,1.4631787002700922,0.44754739066229565,0.654841809378529,0.6549653531247561
thickness_cm,20,5,5,0.7515604834068728,1.4357559583639825,0.4716300074063512,0.6771455932769179,0.6782177274830656
thickness_cm,20,5,6,0.7679315038317007,1.4444240042596732,0.46397180029377655,0.6701720056439061,0.6720623742604664
thickness_cm,20,5,7,0.7850556595723388,1.4534877091474347,0.4560943150646161,0.6629274811584372,0.6616104642751218
thickness_cm,20,5,8,0.7939165931020196,1.458176414166324,0.45207074626960975,0.6591988997449136,0.659564472943899
thickness_cm,20,5,9,0.8029861452718468,1.4629745261163987,0.4479892039103831,0.6553967932960554,0.6567829920702043
thickness_cm,20,5,10,0.821781285943245,1.472914523595815,0.4396478181164969,0.6475636565709996,0.647438620078999
thickness_cm,20,6,1,0.7079715239630455,1.3769348407463236,0.4926424981063806,0.6783366196749802,0.6784049555402644
thickness_cm,20,6,2,0.6744213054237151,1.3606692539681258,0.5094511519381214,0.6931945188408459,0.6955277097960993
thickness_cm,20,6,3,0.7452320746941038,1.3951904616737334,0.4746241389057619,0.6621910714814281,0.6618234506332215
thickness_cm,20,6,4,0.7334654830287206,1.3893043947392592,0.48024183308429863,0.6672020892416538,0.6666381736713002
thickness_cm,20,6,5,0.6850831354256859,1.3656607478158114,0.504048323560967,0.6883590104895762,0.6898804706504472
thickness_cm,20,6,6,0.7001705134925671,1.3730936895372121,0.49650063651556414,0.6817418908507302,0.6828941305833636
thickness_cm,20,6,7,0.7159249803382584,1.3808476615042145,0.48873982792038256,0.6748752484678324,0.6752199450403983
thickness_cm,20,6,8,0.7240908190655643,1.3848624379669063,0.4847651078539731,0.6713329891039435,0.6747334081044725
thickness_cm,20,6,9,0.732448911370356,1.3889685684779518,0.48073028155034253,0.667719250988982,0.6669362972727334
thickness_cm,20,6,10,0.7497413742946033,1.3974533445425905,0.4724887346729363,0.6602809625273914,0.6626389826633673
thickness_cm,20,7,1,0.6572134162854959,1.3215602663754684,0.5182935925563642,0.6849562182394872,0.6856194646090804
thickness_cm,20,7,2,0.625759307938826,1.307907488817682,0.5348551545300207,0.6995410620425527,0.7005432111077128
thickness_cm,20,7,3,0.692174209501613,1.3365494764531378,0.500486722274112,0.6689252666272113,0.6697882441307277
thickness_cm,20,7,4,0.6812100261096607,1.3316354746600707,0.506004343312656,0.673813333887206,0.6766010213563608
thickness_cm,20,7,5,0.6357670593418163,1.3122922465777975,0.5295291522125705,0.6948970007854706,0.6977283921620635
thickness_cm,20,7,6,0.6499038909863171,1.3184053476788438,0.5220959524768486,0.6883340957469567,0.689144434096525
thickness_cm,20,7,7,0.664691075931275,1.324786751143824,0.5144324237193864,0.6815132593022489,0.6832700841971959
thickness_cm,20,7,8,0.6723427385809797,1.3280872297939808,0.5105111815000337,0.6780033808172319,0.6799321906890667
thickness_cm,20,7,9,0.6801745492310609,1.3314642421655205,0.5065285704763407,0.6744246792244654,0.673926713570252
thickness_cm,20,7,10,0.6964046761572545,1.338458627201989,0.49837390214256544,0.6670528488950365,0.6696639992507946
thickness_cm,20,8,1,0.6181440841929972,1.2792789583180015,0.5389437442073287,0.6894593916815549,0.6896064981634524
thickness_cm,20,8,2,0.5882548294186849,1.2675854624014256,0.5552955250307453,0.7038845348655397,0.7057254300666446
thickness_cm,20,8,3,0.6513669660494266,1.2917681275314736,0.5213326454321411,0.6734408952109066,0.673236890663195
thickness_cm,20,8,4,0.6409836031331594,1.2875779259075082,0.5267740325502112,0.678262616252935,0.6778456779661455
thickness_cm,20,8,5,0.5978058097764725,1.27152621530475,0.5500171553060754,0.699361231839019,0.7004615168140498
thickness_cm,20,8,6,0.6112210203332136,1.2766540557374242,0.5426878314888538,0.692824621069593,0.6940165046300284
thickness_cm,20,8,7,0.6252533866064052,1.281976163695552,0.5351258176237961,0.6860185427717997,0.6863894609468183
thickness_cm,20,8,8,0.6325008127619776,1.2847248366942254,0.5312615526783011,0.682524911506551,0.6822257512822563
thickness_cm,20,8,9,0.639946498874394,1.2875502610914817,0.5273206355359249,0.6789518219632061,0.679115282936744
thickness_cm,20,8,10,0.6553481514902558,1.2933940568266593,0.5192612495358498,0.6716094140900531,0.6713664554067394
thickness_cm,20,9,1,0.5874276899044275,1.245242567402195,0.5557550219094036,0.6920498103291289,0.6933133362824886
thickness_cm,20,9,2,0.5587381201573973,1.2348970456619301,0.5719303160234813,0.7062750575818911,0.7065424683790412
thickness_cm,20,9,3,0.6192618883851806,1.2563834323659777,0.5383416472066711,0.6763635265030717,0.6772303992632726
thickness_cm,20,9,4,0.6093691906005222,1.2526895889983987,0.5436937280378856,0.681079472716786,0.6814699227398109
thickness_cm,20,9,5,0.5678961644697196,1.238323285293121,0.5667164636317336,0.7017781930741478,0.7017289187286522
thickness_cm,20,9,6,0.580770793366173,1.2428934801472133,0.5594669669000811,0.6953578455178476,0.6982046144999962
thickness_cm,20,9,7,0.594210715337685,1.247635165360343,0.5519980775901284,0.6886922128127513,0.688679480175815
thickness_cm,20,9,8,0.6011788875293557,1.250094226569496,0.5481650301130201,0.6852579393515804,0.6875974484796415
thickness_cm,20,9,9,0.6083111158672625,1.2526111581437438,0.5442693010801036,0.6817577995680346,0.6834034436656391
thickness_cm,20,9,10,0.6230914746326549,1.2578267561906498,0.5362839639905439,0.674552318823289,0.6769779426445134
thickness_cm,20,10,1,0.5625023100038853,1.2174620223934092,0.5697815085319043,0.6936873476996198,0.6952717053387744
thickness_cm,20,10,2,0.5347748123808365,1.2082116253316528,0.5858011904684612,0.7077718084571167,0.7078092980469337
thickness_cm,20,10,3,0.5932962027655009,1.2275243685045165,0.5525031176694586,0.6782110406139787,0.6805599915978463
thickness_cm,20,10,4,0.5837831853785901,1.2242265423461889,0.5577841689738423,0.6828541845582894,0.6835226872019388
thickness_cm,20,10,5,0.5436639324222294,1.2112314240294892,0.5806170089083574,0.7032615665158124,0.7023881478515066
thickness_cm,20,10,6,0.556072862307984,1.215344396612392,0.5734566909754284,0.696947376076871,0.697359325371457
thickness_cm,20,10,7,0.5690796484236167,1.2196282057587506,0.5660461605153447,0.6903658631259597,0.6916880842788697
thickness_cm,20,10,8,0.575810039629525,1.2218445890332594,0.5622492401270528,0.6869811917373012,0.6884596118017872
thickness_cm,20,10,9,0.5826988887514452,1.2241128903470004,0.5583893004786725,0.6835315405477875,0.684276564914503
thickness_cm,20,10,10,0.5969465891796523,1.228802316740161,0.5504899444605218,0.6764433190952517,0.6760377966537019
thickness_cm,20,11,1,0.5421136694856686,1.1974357269382154,0.5815178160011191,0.6963302087308234,0.6961445483986376
thickness_cm,20,11,2,0.5151730801995862,1.1889353405596115,0.5973971880451414,0.7102666292178045,0.7115963194859657
thickness_cm,20,11,3,0.572033629400145,1.2067472069948737,0.5643765381557837,0.6810598111129278,0.6834878525941217
thickness_cm,20,11,4,0.5628365535248042,1.2037322227982064,0.5695910945784259,0.6856351543629521,0.6838477242738285
thickness_cm,20,11,5,0.5237929860148094,1.191674266447538,0.5922698110514516,0.7057926926237604,0.7077626154376854
thickness_cm,20,11,6,0.5358606665915602,1.1954744371302262,0.5851654410072255,0.6995503262161734,0.6996424241999512
thickness_cm,20,11,7,0.5484835108775006,1.1994323010055643,0.5778254122447035,0.6930624637881535,0.6934369225958613
thickness_cm,20,11,8,0.5550288843531299,1.2014840453047089,0.5740556797299952,0.689718740312139,0.692202416078614
thickness_cm,20,11,9,0.5617007305982399,1.203573962236639,0.570238416754507,0.6863241106727699,0.6885284581423541
thickness_cm,20,11,10,0.5755553192635591,1.2079122679677545,0.5623924747008692,0.6793207696039248,0.6813401228763569
thickness_cm,20,12,1,0.5250608667485741,1.1804186876436262,0.5915193594109479,0.6982405059516696,0.6995946058357038
thickness_cm,20,12,2,0.49874109772423025,,,,
thickness_cm,20,12,3,0.5542631872894965,1.1890843875084995,0.5744954008034101,0.6831235117907729,0.6825756879687449
thickness_cm,20,12,4,0.545334725848564,1.1863126165898086,0.5796477277864018,0.6876434126506235,0.6883262838918569
thickness_cm,20,12,5,0.5071736490195127,1.1750632797759402,0.6021951907988109,0.7076174559653488,0.7099588112836785
thickness_cm,20,12,6,0.5189731923637388,1.1785991314031028,0.5951313197276534,0.7014212565017945,0.7020120605093362
thickness_cm,20,12,7,0.5312885703573487,1.1822792101611324,0.5878469992162528,0.6949992859289832,0.69886771731621
thickness_cm,20,12,8,0.5376611908501243,1.1841820782615395,0.584112784386692,0.6916958909541675,0.6929480693049884
thickness_cm,20,12,9,0.5441838460335924,1.186128734518611,0.5803152166821783,0.6883285535851257,0.6887999994132833
thickness_cm,20,12,10,0.5577009656695712,1.1901595203722806,0.5725238038335411,0.6813946557722409,0.6828471352233154
thickness_cm,20,13,1,0.5106233608318788,1.1657279618150502,0.600121370034383,0.6995782615318369,0.700253839565466
thickness_cm,20,13,2,0.48484491501358973,,,,
thickness_cm,20,13,3,0.53925265536402,1.1738399774744919,0.5831839289345203,0.6845646100039829,0.6867850711117847
thickness_cm,20,13,4,0.5305276240208877,1.171271282423605,0.588294489473149,0.6890524411279552,0.6909696193340663
thickness_cm,20,13,5,0.49313495441479005,,,,
thickness_cm,20,13,6,0.5046716126270524,1.1640303737541324,0.6037037915815742,0.7027295501514866,0.7029346707420936
thickness_cm,20,13,7,0.5167390053018355,1.1674716986844065,0.5964624408554221,0.6963530190269269,0.6968810761491506
thickness_cm,20,13,8,0.522969651377456,1.1692464928392956,0.5927576481005611,0.6930798011452504,0.6948741105970677
thickness_cm,20,13,9,0.5293746187044897,1.1710702088911378,0.5889731873430557,0.6897289535331115,0.6896019159533906
thickness_cm,20,13,10,0.5425912591415372,1.1748282809880448,0.5812401554166828,0.6828573726294055,0.682771299591632
thickness_cm,20,14,1,0.4984542246063464,,,,
thickness_cm,20,14,2,0.47310416210295725,,,,
thickness_cm,20,14,3,0.5266077607401197,1.1605503102422159,0.5906050490209362,0.6854268728718667,0.6870574809459188
thickness_cm,20,14,4,0.5180818798955613,1.158168040751609,0.5956620041608227,0.6898766963091169,0.6909301907631983
thickness_cm,20,14,5,0.4812639994181495,,,,
thickness_cm,20,14,6,0.49261290056124873,,,,
thickness_cm,20,14,7,0.5044569049302983,1.1545608947495154,0.603833425348372,0.6971624598498811,0.6968658402944587
thickness_cm,20,14,8,0.5105992659106924,1.156232044543379,0.6001358300857025,0.6938962778237296,0.6955353737772629
thickness_cm,20,14,9,0.5168862404344255,1.1579410731369204,0.5963746270936519,0.690566675688454,0.693946313632534
thickness_cm,20,14,10,0.5298866557125348,1.1614699385667437,0.5886716884702674,0.6837244698435428,0.6853302770146732
thickness_cm,20,15,1,0.4880197240269974,,,,
thickness_cm,20,15,2,0.463037037037037,,,,
thickness_cm,20,15,3,0.5157652564412296,1.1488017678849813,0.5970435283483264,0.6858846608708443,0.6858698935567061
thickness_cm,20,15,4,0.507386318537859,1.1465769428171635,0.6020671358548075,0.6903162959990911,0.692222259331731
thickness_cm,20,15,5,0.47107046197538216,,,,
thickness_cm,20,15,6,0.48224293591822703,,,,
thickness_cm,20,15,7,0.4939293903261236,,,,
thickness_cm,20,15,8,0.49997657287190433,,,,
thickness_cm,20,15,9,0.5061661281141049,1.1463340138702118,0.6028022207890298,0.6910126893269661,0.6940643393668959
thickness_cm,20,15,10,0.5189929534404504,1.1496624471357266,0.5951195594081896,0.6841866090075547,0.685520309483093
thickness_cm,50,0.015,1,85.28589678131779,,,,
thickness_cm,50,0.015,2,78.20083159912376,,,,
thickness_cm,50,0.015,3,93.15457258373954,,,,
thickness_cm,50,0.015,4,92.01697023498694,,,,
thickness_cm,50,0.015,5,83.61610377364633,,,,
thickness_cm,50,0.015,6,84.71680606422086,,,,
thickness_cm,50,0.015,7,85.86814525742658,,,,
thickness_cm,50,0.015,8,86.46387422001668,,,,
thickness_cm,50,0.015,9,87.0736978844718,,,,
thickness_cm,50,0.015,10,88.33738541596519,,,,
thickness_cm,50,0.02,1,43.07106981148807,,,,
thickness_cm,50,0.02,2,39.79132614295566,7.559763606512853,5.234155592536694e-18,3.9568978959284614e-17,
thickness_cm,50,0.02,3,46.71359206019868,,,,
thickness_cm,50,0.02,4,46.15106945169713,,,,
thickness_cm,50,0.02,5,42.21350306441222,,,,
thickness_cm,50,0.02,6,42.77880878700851,,,,
thickness_cm,50,0.02,7,43.37012093393684,,,,
thickness_cm,50,0.02,8,43.67606262134405,,,,
thickness_cm,50,0.02,9,43.98927636297108,,,,
thickness_cm,50,0.02,10,44.638218349742075,,,,
thickness_cm,50,0.03,1,21.63063964088382,32.927168992426374,4.035827208676364e-10,1.3288836452431905e-08,1.2666612013510942e-08
thickness_cm,50,0.03,2,20.265794744635105,35.76819996086119,1.5800730692199802e-09,5.651636949263192e-08,5.166285470339466e-08
thickness_cm,50,0.03,3,23.14635287847997,31.609120709829575,8.86475360011429e-11,2.802070666089089e-09,2.6712536902027258e-09
thickness_cm,50,0.03,4,22.84363550913838,30.769643780258566,1.1998726435684165e-10,3.691965382427733e-09,3.396189301721914e-09
thickness_cm,50,0.03,5,21.115848296632883,29.58969913267657,6.753106581514579e-10,1.9982239195791437e-08,1.830713912603385e-08
thickness_cm,50,0.03,6,21.45514020626997,31.734918619714453,4.810065606696471e-10,1.5264704058399993e-08,1.481552792188107e-08
thickness_cm,50,0.03,7,21.810108444926982,34.176392547330565,3.372797386379922e-10,1.1527004745953077e-08,1.0586516851848846e-08
thickness_cm,50,0.03,8,21.993753436774053,35.48583785695143,2.806947217069422e-10,9.960687381794655e-09,9.643359387023245e-09
thickness_cm,50,0.03,9,22.18172210042619,36.85883334427247,2.3259506321456998e-10,8.573182671726355e-09,7.914914511466686e-09
thickness_cm,50,0.03,10,22.57132667780037,39.80997229813987,1.5754237002642852e-10,6.27175738653542e-09,5.855130995541764e-09
thickness_cm,50,0.04,1,16.226449001955235,119.76316607155148,8.973104748552897e-08,1.0746474341783678e-05,1.095355856169774e-05
thickness_cm,50,0.04,2,15.328782787716525,131.5102253352236,2.2018829116338745e-07,2.8957011787074904e-05,2.9127635092912275e-05
thickness_cm,50,0.04,3,17.223458890531074,120.56133478703227,3.3109059519045516e-08,3.991672409159424e-06,3.990651481747564e-06
thickness_cm,50,0.04,4,16.981009399477806,116.26056089624602,4.219308889918202e-08,4.905392181364073e-06,4.99113764351998e-06
thickness_cm,50,0.04,5,15.789466918547868,108.10734478876313,1.3890620461242701e-07,1.5016780955334126e-05,1.5762236973491634e-05
thickness_cm,50,0.04,6,16.07753513184807,114.08511939344018,1.0413943320538655e-07,1.1880759670801713e-05,1.2268356336148805e-05
thickness_cm,50,0.04,7,16.378855686124506,126.31998062672434,7.704657821273082e-08,9.73252226718756e-06,9.92935727427887e-06
thickness_cm,50,0.04,8,16.534740561063188,133.30361077850947,6.592549731659809e-08,8.788106834671461e-06,8.938612894509458e-06
thickness_cm,50,0.04,9,16.6943646064621,140.74727540326504,5.619912742223232e-08,7.909874064720116e-06,8.117241375260905e-06
thickness_cm,50,0.04,10,17.025088193106978,157.14997398281815,4.037366208739354e-08,6.344719946624986e-06,6.455080205400559e-06
thickness_cm,50,0.05,1,14.08197232598326,287.4485916970325,7.660852921246572e-07,0.00022021013834104243,0.00023370187492546485
thickness_cm,50,0.05,2,13.35916371546793,303.6174290417696,1.5782976705470963e-06,0.00047919868099412325,0.0004944259916081929
thickness_cm,50,0.05,3,14.884646226213993,300.82805084283825,3.4330511873343e-07,0.0001032758097129469,0.00010940959642871471
thickness_cm,50,0.05,4,14.666253785900786,287.4585727641327,4.2709738325096945e-07,0.00012277280422061948,0.00013360525299986828
thickness_cm,50,0.05,5,13.677856282460674,259.8064732726998,1.1475787356034096e-06,0.0002981483840998659,0.00031973900574692733
thickness_cm,50,0.05,6,13.944238143357762,277.84931252351885,8.792134435097088e-07,0.00024428885084060826,0.0002546707439821427
thickness_cm,50,0.05,7,14.22280719837594,303.6461294363599,6.654467626188499e-07,0.00020206033381516995,0.0002062995927854945
thickness_cm,50,0.05,8,14.366987527254462,321.9655897463576,5.760983022090773e-07,0.0001854838296226209,0.00019679111247072493
thickness_cm,50,0.05,9,14.514562386071143,341.6030442636708,4.970563753121021e-07,0.0001697959709772798,0.0001773298485485366
thickness_cm,50,0.05,10,14.82038677288583,385.27809208793514,3.6608994847236903e-07,0.00014104643688000483,0.00015186564158085403
thickness_cm,50,0.06,1,12.948854948491803,469.07002809424745,2.3789414253438874e-06,0.0011158901212206262,0.0011825402005603012
thickness_cm,50,0.06,2,12.311498042675753,474.2081417562683,4.499708042776524e-06,0.00213379818941079,0.0022200075423673285
thickness_cm,50,0.06,3,13.656627005556581,498.85803597738277,1.1722014386976236e-06,0.000584762107478559,0.0006358886783734066
thickness_cm,50,0.06,4,13.451682506527415,474.1653456583531,1.4388267886875047e-06,0.0006822418016005088,0.000701310151699076
thickness_cm,50,0.06,5,12.564760703346334,419.30769667938296,3.4929611887704265e-06,0.001464625510653807,0.0015660349919904399
thickness_cm,50,0.06,6,12.817922772397514,451.7113618548646,2.7117326519835156e-06,0.0012249204492137775,0.0013008357286866058
thickness_cm,50,0.06,7,13.0827313539982,489.93905147179254,2.0808557012932157e-06,0.0010194924685412697,0.001079447196323232
thickness_cm,50,0.06,8,13.219723025218258,520.1217471319396,1.814459328574464e-06,0.0009437397560779964,0.0010203592819954214
thickness_cm,50,0.06,9,13.360009052088165,552.552652127123,1.5769640414907095e-06,0.000871355663434798,0.0009379547224687022
thickness_cm,50,0.06,10,13.650657806839147,624.9284742349244,1.1792194671869366e-06,0.0007369278224172527,0.0007678331594849513
thickness_cm,50,0.08,1,11.695313827101847,630.3053518940258,8.332776640781357e-06,0.005252193712822011,0.005481044758241516
thickness_cm,50,0.08,2,11.142050586183117,606.6138475045825,1.4490017611860421e-05,0.008789845333939813,0.009277957784036247
thickness_cm,50,0.08,3,12.309762672843805,683.7364429739301,4.507523479741945e-06,0.0030819580706602295,0.0031862364076028645
thickness_cm,50,0.08,4,12.121335248041776,646.687086639611,5.442156021989908e-06,0.0035193720228988683,0.003740963612069036
thickness_cm,50,0.08,5,11.338697503584614,558.0103728261323,1.190326883459903e-05,0.006642147480244286,0.006872382475181554
thickness_cm,50,0.08,6,11.573724915323524,604.9733953561669,9.41011940465654e-06,0.0056928718869420185,0.005890192466216958
thickness_cm,50,0.08,7,11.819632053701167,656.9554333174516,7.358664807528926e-06,0.004834314827268047,0.004997144877212664
thickness_cm,50,0.08,8,11.94684312992132,691.7423577195011,6.479656035687731e-06,0.004482252543338027,0.004563444668256647
thickness_cm,50,0.08,9,12.077118290971452,734.3748406649345,5.688190974915752e-06,0.004177264340875474,0.004416957250684559
thickness_cm,50,0.08,10,12.347021188837559,829.5774101457124,4.342670012175141e-06,0.003602580941817703,0.003739852818062275
thickness_cm,50,0.1,1,10.92486873317395,576.1550225566999,1.8004861860579113e-05,0.010373591591412224,0.010749389575198755
thickness_cm,50,0.1,2,10.416431483509797,542.8962835046659,2.9936518044649597e-05,0.016252424387510633,0.016651765454687124
thickness_cm,50,0.1,3,11.489604669092047,631.7586938320868,1.0235948518931927e-05,0.006466649466452918,0.006701544102893055
thickness_cm,50,0.1,4,11.312292428198434,596.2387368799232,1.2221761958006608e-05,0.007287087912288957,0.007460319641940482
thickness_cm,50,0.1,5,10.588182180345925,508.1129805603285,2.521220941092193e-05,0.012810650870294706,0.013376260871557142
thickness_cm,50,0.1,6,10.810160406780426,552.2311355813242,2.0193285561069394e-05,0.01115136101650731,0.011436031727037986
thickness_cm,50,0.1,7,11.042283074691627,601.452785147098,1.6010223441346227e-05,0.009629393479625045,0.010095837249430991
thickness_cm,50,0.1,8,11.162429614396418,629.8046301002233,1.419771368531843e-05,0.008941785815850853,0.009656731156272217
thickness_cm,50,0.1,9,11.28540484112922,669.3139042670672,1.2554833323757613e-05,0.008403124509346488,0.008598370261101355
thickness_cm,50,0.1,10,11.540250575765329,757.5856604208449,9.730448427123063e-06,0.007371648197852997,0.007764246936452006
thickness_cm,50,0.15,1,9.671794629073352,331.96771604356894,6.303662640010816e-05,0.020926124893135646,0.021373469742018623
thickness_cm,50,0.15,2,9.227965528781795,304.3396028129056,9.825292577461523e-05,0.029902256405452292,0.030599390829071
thickness_cm,50,0.15,3,10.164777374337403,368.36214149132473,3.8502885387943115e-05,0.01418300531509776,0.014859559519332904
thickness_cm,50,0.15,4,10.007086684073109,348.71908150395416,4.507933213210646e-05,0.01572002329591985,0.016069968053508965
thickness_cm,50,0.15,5,9.371602841369564,295.3600426092958,8.510686623139255e-05,0.02513716763644774,0.025780025339199
thickness_cm,50,0.15,6,9.569524751301369,319.15181569529017,6.982455974300893e-05,0.022284635022105564,0.02285481962956115
thickness_cm,50,0.15,7,9.776484411675574,345.4575972048987,5.6771029198680545e-05,0.019611983337825326,0.0200480547395292
thickness_cm,50,0.15,8,9.88361029561378,359.6564294202314,5.100380625296245e-05,0.018343846843781746,0.01875412903736565
thickness_cm,50,0.15,9,9.993189240043156,377.6735958708163,4.571019315155401e-05,0.017263533015496966,0.01770696381040836
thickness_cm,50,0.15,10,10.220414881008498,422.0127590554133,3.641918429787778e-05,0.015369360448094987,0.015838095716379324
thickness_cm,50,0.2,1,8.816152238215606,188.46301775450465,0.00014831795585763046,0.027952449548108445,0.02853417917878692
thickness_cm,50,0.2,2,8.413339854366962,172.20293928711448,0.00022188754591438416,0.038209687597661524,0.03847368599790735
thickness_cm,50,0.2,3,9.26351180596018,208.65151512197266,9.482174418538787e-05,0.01978470059078928,0.020391810416500303
thickness_cm,50,0.2,4,9.119632898172325,198.35113187436482,0.00010949486572399825,0.021718430550786646,0.021972259599529448
thickness_cm,50,0.2,5,8.542184377039073,169.27765631748701,0.0001950637017631275,0.033019926267075485,0.0334543914035828
thickness_cm,50,0.2,6,8.722776238847006,181.75897155121095,0.00016283449536540998,0.029596630410677345,0.029606241227868244
thickness_cm,50,0.2,7,8.911676080569814,195.50057695457667,0.00013480569931839062,0.02635459199351055,0.026670940893785
thickness_cm,50,0.2,8,9.009422735448734,202.8916667160113,0.00012225240763483642,0.024803994745077183,0.025152417477411704
thickness_cm,50,0.2,9,9.109470702503328,211.67190722657585,0.00011061324695407586,0.02341371694729347,0.02337921521798536
thickness_cm,50,0.2,10,9.316803499037023,233.4434996430671,8.990081966246249e-05,0.0209867619627855,0.021194580904265504
thickness_cm,50,0.3,1,7.640336137125788,79.2784278449901,0.0004806668549254282,0.038106512575683885,0.03894944880781255
thickness_cm,50,0.3,2,7.292326173380389,72.69628100183336,0.0006807426840394955,0.049487461448877425,0.051172710475946584
thickness_cm,50,0.3,3,8.026903068910144,87.03326435322845,0.00032655797206627865,0.02842140630949862,0.028765442259653693
thickness_cm,50,0.3,4,7.902283550913839,83.36984174751555,0.00036989789461362054,0.03083832893667673,0.031037228863157
thickness_cm,50,0.3,5,7.402895277660407,72.4266855870504,0.0006094855741483796,0.04414302004868758,0.04444556244096581
thickness_cm,50,0.3,6,7.559453551317195,76.89462330680229,0.0005211599532583855,0.04007439828839424,0.04062431956900466
thickness_cm,50,0.3,7,7.723146675385683,81.77236250758703,0.00044246611382034353,0.0361814994566404,0.03714852534103255
thickness_cm,50,0.3,8,7.8078159219801675,84.37946504085083,0.00040654500488510395,0.03430405002723516,0.034979056438748095
thickness_cm,50,0.3,9,7.8945476638298855,87.2172959354305,0.00037277047963005163,0.03251203323788658,0.03292042095625267
thickness_cm,50,0.3,10,8.074214056754972,94.67332857821508,0.0003114679679158992,0.029487709268090873,0.029492164456989114
thickness_cm,50,0.356,1,7.158441011264929,55.90462763000521,0.0007782669172980067,0.04350872220829712,0.04550907499922402
thickness_cm,50,0.356,2,6.832585676037484,51.464548908301836,0.0010780669787142476,0.05548223075246459,0.05640381037710367
thickness_cm,50,0.356,3,7.520332819361348,61.08856861410985,0.0005419521636536144,0.03310708193491911,0.03426035764034784
thickness_cm,50,0.356,4,7.403620365535249,58.70994309627188,0.0006090438037292154,0.03575692706007921,0.03665790128673264
thickness_cm,50,0.356,5,6.936057069205566,51.44301317629276,0.0009720949537755888,0.050007493515685314,0.051215955316296295
thickness_cm,50,0.356,6,7.082646271166048,54.35489519037602,0.0008395485331334327,0.04563357252570166,0.04690209015837279
thickness_cm,50,0.356,7,7.235979188670702,57.52147047899971,0.0007202017415024555,0.04142706321275767,0.04288066115442162
thickness_cm,50,0.356,8,7.3153216573155335,59.209144295137826,0.0006652672905983714,0.03938990700387436,0.04054162207791958
thickness_cm,50,0.356,9,7.396532136577879,61.001506260944616,0.0006133761819602435,0.0374168710041621,0.038580114064944694
thickness_cm,50,0.356,10,7.56482736804536,65.75477426292511,0.0005183668467264044,0.03408509499187902,0.03451560294848717
thickness_cm,50,0.4,1,6.837399983209766,44.03557268388089,0.001072889306578949,0.04724529504161588,0.047745664644925634
thickness_cm,50,0.4,2,6.5262610644598595,40.66244880185294,0.001464471189521431,0.05954898476570386,0.06015381825382771
thickness_cm,50,0.4,3,7.1829478803984825,47.96213957276503,0.0007594258426455943,0.03642368826013269,0.03675809449937151
thickness_cm,50,0.4,4,7.071432898172326,46.20337502448436,0.0008490156841299002,0.039227390055522934,0.039002259049831914
thickness_cm,50,0.4,5,6.624960629021867,40.73167231947094,0.0013268326686986457,0.054044113484202384,0.05434719072382482
thickness_cm,50,0.4,6,6.7650166289513605,42.89004180883855,0.001153428313816489,0.04947058860308737,0.04962685836555743
thickness_cm,50,0.4,7,6.911448305776625,45.22875886304254,0.0009963137840421836,0.04506203589036936,0.04495247012374629
thickness_cm,50,0.4,8,6.987287980892804,46.47308384428756,0.0009235478176965425,0.04292011516602022,0.0427417066838286
thickness_cm,50,0.4,9,7.0648441252236305,47.77595664388111,0.0008546281249477394,0.040830676244144604,0.041053982865280156
thickness_cm,50,0.4,10,7.225637092755457,51.241967553369456,0.0007276887861244521,0.03728820516753998,0.037686016126998054
thickness_cm,50,0.5,1,6.2408854711895625,28.63470419740347,0.0019481297461313714,0.05578411901863453,0.05670323014640877
thickness_cm,50,0.5,2,5.9569740172812455,26.60528754781804,0.0025877305645674404,0.06884731576659427,0.068905131338389
thickness_cm,50,0.5,3,6.556124401352907,30.98306800084214,0.0014213837623298267,0.044038829763557864,0.04385611009144199
thickness_cm,50,0.5,4,6.454354569190601,29.972287402309952,0.0015736546390138436,0.04716602911250124,0.04749358554089195
thickness_cm,50,0.5,5,6.046832217473522,26.727725513176207,0.0023653430434473943,0.06322023960976278,0.06416349994892688
thickness_cm,50,0.5,6,6.174746631332038,27.97508295843241,0.002081333195268139,0.05822546880176539,0.057954755839605535
thickness_cm,50,0.5,7,6.308545642483699,29.31990708600362,0.0018206792331608075,0.0533821459496912,0.053576968772074914
thickness_cm,50,0.5,8,6.3777802466363775,30.032001018846962,0.0016988898907936301,0.051021062931223105,0.051362097473220986
thickness_cm,50,0.5,9,6.448644885471184,30.772377535894194,0.00158266540913031,0.048702377482758345,0.04960182479656392
thickness_cm,50,0.5,10,6.595429342482727,32.70659240314518,0.0013666000452821133,0.04469683065916182,0.045161980376965005
thickness_cm,50,0.511,1,6.18384264513238,27.525534509984652,0.0020624872014497675,0.05677106263990724,0.05786755753834036
thickness_cm,50,0.511,2,5.9025811123281,25.589934971544924,0.0027323831214120494,0.06992150639428128,0.07062617047241523
thickness_cm,50,0.511,3,6.496209004220729,29.764606769993954,0.0015091495417276202,0.0449192426666392,0.04536083564402396
thickness_cm,50,0.511,4,6.395320626631854,28.803655149821385,0.0016693505396089218,0.04808339726706363,0.04831382616699659
thickness_cm,50,0.511,5,5.991606470315237,25.71306223311088,0.0024996452171584162,0.06427353302949232,0.06544566386303664
thickness_cm,50,0.511,6,6.118279139382759,26.898402985059082,0.0022022424564072936,0.05923680506324979,0.05923404448879499
thickness_cm,50,0.511,7,6.250846764364665,28.176284013395225,0.0019288201883395839,0.05434698543742658,0.055002088664117176
thickness_cm,50,0.511,8,6.319478319546885,28.85296757663673,0.0018008827465448582,0.05196081149538329,0.05204935246998188
thickness_cm,50,0.511,9,6.389656638553956,29.55577508529227,0.0016788325488074677,0.04961919721842147,0.04980322030528088
thickness_cm,50,0.511,10,6.535160288354051,31.38786916689805,0.0014514963511448353,0.045559377565963996,0.04580056640097823
thickness_cm,50,0.6,1,5.770465627295764,20.57912188976785,0.0031183052080531555,0.06417198296602379,0.06501668012668806
thickness_cm,50,0.6,2,5.50801066893838,19.21605788604798,0.00405416444173957,0.07790505859202497,0.07824422635940051
thickness_cm,50,0.6,3,6.061875179416488,22.14820346875371,0.00233002756869523,0.051605924679267466,0.05252637521739345
thickness_cm,50,0.6,4,5.967775979112272,21.49287726633376,0.002559928426929236,0.055020227490588915,0.055265263504902636
thickness_cm,50,0.6,5,5.591090771298149,19.339670614553174,0.0037309560246223316,0.07215546059357864,0.0723788355283885
thickness_cm,50,0.6,6,5.709285622927707,20.15100226491337,0.003315039887701015,0.06680137628534132,0.06746318974098037
thickness_cm,50,0.6,7,5.8329854154605005,21.022507689953954,0.002929318679870303,0.06158162447389921,0.061112463659927695
thickness_cm,50,0.6,8,5.896960021236735,21.48231203847499,0.002747785343927014,0.05902878217298844,0.059916089389140816
thickness_cm,50,0.6,9,5.962440822180357,21.95934600140708,0.002573622544472125,0.05651506793108508,0.05771287671823039
thickness_cm,50,0.6,10,6.0981389075947146,23.1707685784059,0.002247045790246525,0.05206577799088344,0.052708659618478815
thickness_cm,50,0.662,1,5.524947966605199,17.47965667773716,0.003986076095803487,0.0696752416459799,0.0703826753017279
thickness_cm,50,0.662,2,5.273766165672792,16.364391196226812,0.005124275316200572,0.08385564587147501,0.08477966274899731
thickness_cm,50,0.662,3,5.803978470021459,18.761485511384024,0.0030155336382462414,0.05657589066304801,0.056794984084491684
thickness_cm,50,0.662,4,5.713860574412532,18.233678787971936,0.003299908380392527,0.06016946943781405,0.06036820934279801
thickness_cm,50,0.662,5,5.353349091066518,16.480766473392826,0.004732275608221017,0.07799152918682359,0.07789930791300889
thickness_cm,50,0.662,6,5.4664622142065715,17.13515839544214,0.004226156980143808,0.07241586925876757,0.07349716896664951
thickness_cm,50,0.662,7,5.58477901344669,17.836422350711537,0.0037545793896579128,0.06696826374321528,0.06659536320576974
thickness_cm,50,0.662,8,5.64600231165714,18.206045548567605,0.0035316068558300657,0.0642965952768758,0.06550301563240238
thickness_cm,50,0.662,9,5.708736102125347,18.589514842378122,0.003316862071698111,0.06165885671195308,0.06250731431233854
thickness_cm,50,0.662,10,5.838599987878624,19.545334338559964,0.002912917892793845,0.05693395411542927,0.05742649221551654
thickness_cm,50,0.8,1,5.067337739790908,12.824920381156055,0.006299167861462126,0.08078632629078882,0.08054787950725974
thickness_cm,50,0.8,2,4.836847866212325,12.069033009592737,0.007932017467173702,0.09573178064398558,0.09661566127908278
thickness_cm,50,0.8,3,5.323247175522617,13.689674207020552,0.0048768918621689234,0.06676306073596235,0.0667017178845116
thickness_cm,50,0.8,4,5.240547258485639,13.345512376179036,0.005297357018888003,0.07069594365660872,0.07085926612194113
thickness_cm,50,0.8,5,4.909736664126843,12.171502162647316,0.0073744300276680184,0.08975789103005259,0.08996326147977911
thickness_cm,50,0.8,6,5.0136008447769065,12.59999629545674,0.006646925614808256,0.08375123812276054,0.0843198544301488
thickness_cm,50,0.8,7,5.1222432115427585,13.057061902160445,0.0059626324358993555,0.07785446081536761,0.07824311860776312
thickness_cm,50,0.8,8,5.178426317938249,13.297001216738431,0.005636870079608077,0.07495346830714505,0.07418128663770295
thickness_cm,50,0.8,9,5.236001252123582,13.54536083728392,0.005321493658689351,0.07208155180026546,0.07230793713958254
thickness_cm,50,0.8,10,5.355245003299707,14.152949392079087,0.00472331212867475,0.06684879752012708,0.06740915407812972
thickness_cm,50,1,1,4.555753657678065,9.218767896251247,0.01050657888364955,0.09685771211201974,0.09838461382807046
thickness_cm,50,1,2,4.348579621516368,8.725290033071,0.01292515816511398,0.11277575371393526,0.11394917974923627
thickness_cm,50,1,3,4.78583915400685,9.779580809357276,0.008347116292104615,0.08163129830373975,0.08335494359625652
thickness_cm,50,1,4,4.711464229765014,9.564096023593896,0.008991602167344473,0.08599654653443753,0.08722151571536974
thickness_cm,50,1,5,4.414059776957338,8.809119341827014,0.012105931051142847,0.10664259137344669,0.10864766454281102
thickness_cm,50,1,6,4.5074383848156785,9.077988390138044,0.01102667011447517,0.10009998328108773,0.10259419930089872
thickness_cm,50,1,7,4.605180282714641,9.363963814144466,0.009999899033244223,0.09363869269239714,0.09477690212345327
thickness_cm,50,1,8,4.655757051196851,9.513769367811573,0.009506713448207178,0.09044467919211578,0.09058731247242072
thickness_cm,50,1,9,4.707524580971697,9.668388537933666,0.00902709579227381,0.08727746948884932,0.0898181869903763
thickness_cm,50,1,10,4.81480418928201,10.038875900072387,0.008108809714311719,0.08140333441927677,0.08243910826054142
thickness_cm,50,1.173,1,4.209093395463887,7.779093949799158,0.014859834226162218,0.11559604652375696,0.11660710540099008
thickness_cm,50,1.173,2,4.017784542209242,7.429506087452222,0.017992783066949167,0.1336774913261061,0.13512560702950627
thickness_cm,50,1.173,3,4.421629577785041,8.174785119012856,0.012014637537051507,0.09821708014822193,0.09820204777415652
thickness_cm,50,1.173,4,4.3529545691906,8.010823671425026,0.012868734789115276,0.10308916526993539,0.10398146197288559
thickness_cm,50,1.173,5,4.078382718003422,7.476212978842547,0.016934831916030728,0.12660841016514593,0.12557215845759032
thickness_cm,50,1.173,6,4.16454349795546,7.675271763466713,0.015536805865105389,0.11924920735090741,0.12059932976170687
thickness_cm,50,1.173,7,4.254668033650005,7.8859352234585005,0.014197803156245239,0.1119629560055646,0.11444242971304291
thickness_cm,50,1.173,8,4.3013031806480875,7.995921384598084,0.013550888245275372,0.10835183710069615,0.10930601811916921
thickness_cm,50,1.173,9,4.349036288816648,8.109185035860914,0.012919257015562602,0.10476464566504139,0.10623258292931989
thickness_cm,50,1.173,10,4.448025966679686,8.346274790771094,0.011701643620272643,0.09766513315846896,0.0980962942902684
thickness_cm,50,1.33,1,3.9461626615558645,6.780514644303319,0.019328730528589848,0.1310587404048961,0.13112109797234195
thickness_cm,50,1.33,2,3.7667403655024136,6.491190321369655,0.023127327187719128,0.15012388240007168,0.14997690563729868
thickness_cm,50,1.33,3,4.145427341651627,7.107267115127092,0.015836666837699343,0.1125554214288043,0.11399227606405764
thickness_cm,50,1.33,4,4.081051174934726,6.9857275280599636,0.016889702286439767,0.11798685820311959,0.11910206913122938
thickness_cm,50,1.33,5,3.8234152498147087,6.5676304968873005,0.021853039713043098,0.14352269006907115,0.14556888513057561
thickness_cm,50,1.33,6,3.9043708481330848,6.707771111210337,0.020153630197462188,0.13518593842455315,0.13556668356133778
thickness_cm,50,1.33,7,3.9889832580305455,6.855352257689826,0.018518533121000737,0.12695106784015622,0.12744220338300336
thickness_cm,50,1.33,8,4.032732008317803,6.932100104466511,0.017725836608655964,0.12287727380662032,0.12447602662223421
thickness_cm,50,1.33,9,4.0775798363755404,7.011105250287497,0.016948434041164865,0.11882725489016233,0.11987156452795845
thickness_cm,50,1.33,10,4.1704487737208575,7.175701932798429,0.01544532711143131,0.11083106360620162,0.11168073414046653
thickness_cm,50,1.5,1,3.707716976961277,5.823433820630908,0.024533469860588103,0.1428690381235778,0.1435203090678383
thickness_cm,50,1.5,2,3.5390889416250864,5.588893977113597,0.029039771961404573,0.16230020661184633,0.1626571988075099
thickness_cm,50,1.5,3,3.894993654696094,6.087634179680641,0.020343503534463524,0.12384380745085408,0.12594284848543477
thickness_cm,50,1.5,4,3.8344976501305488,5.99267260061667,0.02161219262579987,0.1295147945878805,0.13112200318307668
thickness_cm,50,1.5,5,3.5924477558583336,5.657644621479516,0.027530859058677436,0.155759816678037,0.15704324455193788
thickness_cm,50,1.5,6,3.6684079758170016,5.766719661298935,0.02551706140565232,0.1471497397065475,0.1474277728764308
thickness_cm,50,1.5,7,3.7479301672221355,5.881635955780018,0.023566474069473268,0.1386094212379714,0.13764255541838089
thickness_cm,50,1.5,8,3.7890791069332614,5.9413835388754395,0.022616419568179804,0.13437282293068387,0.13467797261291747
thickness_cm,50,1.5,9,3.831196842518688,6.00273699438842,0.021683648181371334,0.1301612371116209,0.13061806383959235
thickness_cm,50,1.5,10,3.918478854934073,6.130519128748859,0.01987129889436607,0.12182137798499725,0.12411626021999143
thickness_cm,50,2,1,3.1817220756339895,4.275451147663151,0.041514103104440356,0.1774915197620859,0.17952516496171014
thickness_cm,50,2,2,3.0365568232526066,4.1265893996249465,0.047999877351595395,0.1980757850623911,0.20190381787718278
thickness_cm,50,2,3,3.3428708059175474,4.443494950830502,0.035335370981348264,0.15701254254134364,0.1592732085670292
thickness_cm,50,2,4,3.290829765013055,4.384417281356839,0.03722295027666223,0.16320094645608424,0.1643431090182152
thickness_cm,50,2,5,3.082448303421142,4.171271181069503,0.04584687207566283,0.1912397362313925,0.19087859642345084
thickness_cm,50,2,6,3.1478647760836447,4.239840280987156,0.04294372350806219,0.18207452874505717,0.1851097339526504
thickness_cm,50,2,7,3.2162906797113147,4.311882091953281,0.04010353958103598,0.1729217341434086,0.17438713418713833
thickness_cm,50,2,8,3.2517319545662895,4.3493267007742205,0.03870711078670275,0.1683498704544321,0.1704033892752391
thickness_cm,50,2,9,3.2879385731931645,4.38765793720162,0.037330724689190506,0.1637944504840152,0.16393443668710397
thickness_cm,50,2,10,3.3630415157106492,4.467455776037234,0.034629771610956483,0.15470697320621776,0.15604192590380814
thickness_cm,50,2.51,1,2.811444081929467,3.4666710351637007,0.06011811419551088,0.20840972517024126,0.2102565258789413
thickness_cm,50,2.51,2,2.68293954606304,3.358844481649851,0.0683619055391159,0.22961700917512784,0.23292123595816244
thickness_cm,50,2.51,3,2.9541599862151298,3.5878799185800587,0.05212242574784745,0.18700900464838208,0.18717298472838212
thickness_cm,50,2.51,4,2.9082203655352483,3.5458022948913865,0.05457276307176386,0.19350422853842422,0.19359248125259504
thickness_cm,50,2.51,5,2.723674495071588,3.391725750400084,0.06563314213935237,0.22260961827371029,0.22402411979747808
thickness_cm,50,2.51,6,2.7814857453753614,3.4410422618832284,0.06194640239114974,0.21316018859957053,0.21243137244219065
thickness_cm,50,2.51,7,2.8420240387193094,3.492869824374848,0.05830752975085356,0.2036606112005951,0.2054512051245606
thickness_cm,50,2.51,8,2.873383851603799,3.5197906478782595,0.05650739007452629,0.19889418312032642,0.19681084468940288
thickness_cm,50,2.51,9,2.905412915783788,3.547327370961425,0.05472618862838447,0.1941317068298661,0.19438607501631125
thickness_cm,50,2.51,10,2.971858570485798,3.6046139614959616,0.051208048066751624,0.1845852450023692,0.18502620308989662
thickness_cm,50,3,1,2.5515823187800777,2.9775048254070438,0.07795821361093516,0.23212095720667253,0.23441902156539204
thickness_cm,50,3,2,2.43436777412681,2.893378893493127,0.08765314612069279,0.2536137629338815,0.25331325544764316
thickness_cm,50,3,3,2.681830073045604,3.0714361744088228,0.06843779331866956,0.21020231409567613,0.21601779652479397
thickness_cm,50,3,4,2.640067362924282,3.039148069267513,0.07135646261449492,0.21686285558460172,0.21976516869012594
thickness_cm,50,3,5,2.471481217452742,2.9194582574903194,0.08445966317618468,0.24657646108456344,0.24733565085128115
thickness_cm,50,3,6,2.5242815968820964,2.957694694324883,0.08011584759235801,0.23695821735525824,0.24110857919118162
thickness_cm,50,3,7,2.579578498362673,2.997852699209628,0.07580594962169608,0.22725507068955067,0.22725507068955067
thickness_cm,50,3,8,2.608157871811436,3.0186469397000772,0.0736701286629977,0.22238410843586895,0.22209542522833017
thickness_cm,50,3,9,2.6374101077757737,3.0399597796830515,0.07154632708961416,0.21749795673647498,0.21897945022918153
thickness_cm,50,3,10,2.6980305088284013,3.0842184540592554,0.06733800383096411,0.20768511407497234,0.20906556083084288
thickness_cm,50,4,1,2.1833725444998517,2.4126483904035245,0.11266093519631226,0.27181122396273855,0.27366771150798624
thickness_cm,50,4,2,2.082081791813719,2.3538050444575336,0.12467040403262869,0.29344982590656027,0.2943293688769507
thickness_cm,50,4,3,2.2959354882260152,2.4785368919058683,0.1006671762475922,0.2495073101336474,0.25027793554382693
thickness_cm,50,4,4,2.259958224543081,2.4563554921243966,0.10435484413500226,0.2563325945207982,0.25790456063589423
thickness_cm,50,4,5,2.114255794537533,2.3719708068488905,0.12072309892036491,0.2863516663514364,0.2900488107611317
thickness_cm,50,4,6,2.1598156003636833,2.398778513588085,0.11534638890927372,0.27669043933554077,0.2816488097035601
thickness_cm,50,4,7,2.207538831613859,2.426886440821839,0.1099709728039192,0.26688706278181873,0.2689489798214098
thickness_cm,50,4,8,2.2321991920903184,2.4414180317226775,0.1072922142999586,0.2619451466553726,0.2621299552377286
thickness_cm,50,4,9,2.2574401472468857,2.4562977955058227,0.10461794881870931,0.2569728370537367,0.25716986576635503
thickness_cm,50,4,10,2.3098185733141188,2.487197330031333,0.09927926183327528,0.24692711495920389,0.2471869622011377
thickness_cm,50,5,1,1.9409905713235407,2.087568698703736,0.1435616712461243,0.29969485122700523,0.3012576478359867
thickness_cm,50,5,2,1.8499293233540222,2.042209980388856,0.1572482797018896,0.32113400620617727,0.32195838789812525
thickness_cm,50,5,3,2.0420519135390167,2.138485016650378,0.12976217675212157,0.27749447071235,0.27667471581711894
thickness_cm,50,5,4,2.0099321148825067,2.121733179570755,0.1339977708144706,0.28430751632558,0.28447001176554787
thickness_cm,50,5,5,1.878901208517182,2.056109513421757,0.15275786261347613,0.314086894569542,0.3156001153691831
thickness_cm,50,5,6,1.9198287595792518,2.076849206136944,0.14663206931785128,0.3045326967569968,0.30714765141170364
thickness_cm,50,5,7,1.9626391489308468,2.098531814733513,0.1404871646858052,0.29481678465486866,0.2930443022028299
thickness_cm,50,5,8,1.9847914827550488,2.109746903398949,0.13740926333094342,0.2898987678107886,0.2903863594060518
thickness_cm,50,5,9,2.007465363179617,2.1212227031644706,0.13432871805833524,0.2849411264323199,0.2867710238915695
thickness_cm,50,5,10,2.0544532148581123,2.1449934758629525,0.1281628939885117,0.2749085714530728,0.2747479429782569
thickness_cm,50,6,1,1.7699288099076136,1.8996787008478586,0.1703451152782569,0.3236009872875778,0.32369799940822674
thickness_cm,50,6,2,1.6860532635592878,1.861858914508527,0.18524921292011454,0.34490789848100345,0.34837803442139303
thickness_cm,50,6,3,1.8630801867352595,1.9418485731861463,0.15519386731522108,0.3013629898133022,0.3008660567009549
thickness_cm,50,6,4,1.8336637075718014,1.9281757721826682,0.1598269346545839,0.30817442314319116,0.3074007621264119
thickness_cm,50,6,5,1.7127078385642147,1.873589624644146,0.18037669974005477,0.33795191316051904,0.34018099620723546
thickness_cm,50,6,6,1.7504262837314175,1.890793242183437,0.17369988223207572,0.32843056349246763,0.3300854667983293
thickness_cm,50,6,7,1.7898124508456459,1.908727585961703,0.16699148584224188,0.31874125564782024,0.3192258020000915
thickness_cm,50,6,8,1.8102270476639106,1.9180104622037213,0.16361698373117237,0.31381908659060465,0.3185705140484486
thickness_cm,50,6,9,1.83112227842589,1.927502380897605,0.1602336400722133,0.30885072273908104,0.3077752169393557
thickness_cm,50,6,10,1.8743534357365081,1.9471090248859233,0.1534541527476941,0.2987919657212582,0.3019741460226418
thickness_cm,50,7,1,1.6430335407137397,1.7608357377505626,0.19339248757110608,0.3405324035276851,0.3414956908356054
thickness_cm,50,7,2,1.564398269847065,1.729205412432537,0.209213865596228,0.3617737487449308,0.3632898096716115
thickness_cm,50,7,3,1.7304355237540325,1.7956824526119648,0.1772072152094124,0.31820788682777396,0.3194061738635447
thickness_cm,50,7,4,1.7030250652741517,1.7843211803949846,0.18213172949602924,0.3249815025617349,0.32891754059454226
thickness_cm,50,7,5,1.5894176483545408,1.7392929790855822,0.20404440273546848,0.3548929970995113,0.35913270111000206
thickness_cm,50,7,6,1.6247597274657928,1.7535012934448972,0.1969589933558088,0.34536784960501565,0.3465561276646942
thickness_cm,50,7,7,1.6617276898281872,1.7683347437084822,0.1898107625303785,0.33564896611226847,0.33817999780376107
thickness_cm,50,7,8,1.6808568464524491,1.776003861518177,0.18621435055624247,0.33071740565798613,0.3334696257561368
thickness_cm,50,7,9,1.7004363730776524,1.7838488969886006,0.18260382327200958,0.32573762872967565,0.3250366541097293
thickness_cm,50,7,10,1.7410116903931363,1.8000913127490556,0.17534291810770605,0.31563326363775074,0.3192486221069103
thickness_cm,50,8,1,1.5453602104824928,1.6559983304112371,0.2132350478879765,0.3531168832876493,0.3533331785115087
thickness_cm,50,8,2,1.470637073546712,1.6290041385639338,0.22977905239157917,0.37431102730118143,0.377129663440652
thickness_cm,50,8,3,1.6284174151235664,1.68521466587312,0.1962398947974002,0.33070634874197696,0.3304192328390668
thickness_cm,50,8,4,1.6024590078328984,1.6755647265454638,0.2014006627812566,0.3374598464591514,0.3368654199742839
thickness_cm,50,8,5,1.4945145244411813,1.637914603737622,0.2243574983776946,0.3674784230508658,0.3691413965365055
thickness_cm,50,8,6,1.528052550833034,1.6498652280220103,0.21695777039968517,0.3579510813316235,0.3597218117603126
thickness_cm,50,8,7,1.5631334665160128,1.6622979440989247,0.20947864740349414,0.34821592491145187,0.34875645837816543
thickness_cm,50,8,8,1.581252031904944,1.6687166075767503,0.20571737218457434,0.3432839954314466,0.3428525072911384
thickness_cm,50,8,9,1.599866247185985,1.6753119879708678,0.20192352402810324,0.3382849004576049,0.33851854453380836
thickness_cm,50,8,10,1.6383703787256394,1.6889480011088114,0.19429641400763584,0.32815654006080663,0.32781634083517325
thickness_cm,50,9,1,1.4685692247610687,1.5749170923141516,0.23025469233228396,0.3626320505396502,0.3645056848220402
thickness_cm,50,9,2,1.3968453003934933,1.5510849505207958,0.24737613166056893,0.3837013949367594,0.38411213238102615
thickness_cm,50,9,3,1.5481547209629516,1.6008545215125345,0.21263999214385593,0.3404056928778816,0.3416388579444921
thickness_cm,50,9,4,1.5234229765013054,1.5923794866018237,0.2179645211401533,0.34708223227056967,0.34764428293619626
thickness_cm,50,9,5,1.4197404111742988,1.5588448532013195,0.2417767712996567,0.3768924755641023,0.37681768654395037
thickness_cm,50,9,6,1.4519269834154322,1.5694536092591282,0.2341187102701119,0.3674384548285193,0.3717046883093806
thickness_cm,50,9,7,1.4855267883442125,1.5804805889541456,0.22638305330582037,0.3577940214180207,0.3577753353900487
thickness_cm,50,9,8,1.5029472188233892,1.5861962678669117,0.2224735148543671,0.352886658961231,0.35629997748189207
thickness_cm,50,9,9,1.520777789668156,1.5920446097438714,0.21854184124471016,0.3479283603571417,0.35030528248544524
thickness_cm,50,9,10,1.5577286865816373,1.604157776163156,0.210613898521347,0.3378579230810566,0.34129904401516653
thickness_cm,50,10,1,1.406255775009713,1.5088916392685017,0.24505912402261792,0.36976766336419103,0.37212564732627507
thickness_cm,50,10,2,1.3369370309520912,1.4876364778816682,0.2626489233026962,0.39072611918143535,0.39078379785271383
thickness_cm,50,10,3,1.4832405069137522,1.5322206867953576,0.2269012207894035,0.3476627443526449,0.35102699571270385
thickness_cm,50,10,4,1.4594579634464753,1.524680366319446,0.23236218940181136,0.3542780680559422,0.3552449243996445
thickness_cm,50,10,5,1.3591598310555735,1.494484420166288,0.2568765059793286,0.3838979360928589,0.3825706300279123
thickness_cm,50,10,6,1.39018215576996,1.503986086913263,0.2490299382597736,0.3745375623675684,0.3751547895223903
thickness_cm,50,10,7,1.4226991210590418,1.5139079591481126,0.24106248118619322,0.3649464089197701,0.3668971965032374
thickness_cm,50,10,8,1.4395250990738127,1.5190387610209486,0.23704030261565334,0.36007340759731277,0.3622364437013613
thickness_cm,50,10,9,1.4567472218786128,1.5242879297439413,0.2329929177319514,0.3551482922146367,0.3562277620178106
thickness_cm,50,10,10,1.4923664729491306,1.5351346982755074,0.22483994781444694,0.34515960544841184,0.34458351165576545
thickness_cm,50,11,1,1.3552841737141716,1.461736542414349,0.2578740030253424,0.3769438535608114,0.37666663907664877
thickness_cm,50,11,2,1.2879327004989656,1.4422777998425813,0.2758404388639526,0.3978385412723136,0.39989645410231067
thickness_cm,50,11,3,1.4300840735003624,1.483154447604558,0.23928880355072987,0.3549022532482384,0.35840350571213253
thickness_cm,50,11,4,1.4070913838120105,1.4762886707388787,0.24485443599297113,0.3614758298365812,0.35888228071973177
thickness_cm,50,11,5,1.3094824650370236,1.448499767366708,0.2699597338384435,0.39103661166336384,0.3940548323086171
thickness_cm,50,11,6,1.3396516664789007,1.4572265402137188,0.26193689409157656,0.3817013939313954,0.3818400496512423
thickness_cm,50,11,7,1.3712087771937516,1.4663263562112838,0.2537999864237557,0.372153609299219,0.37270860666772565
thickness_cm,50,11,8,1.3875722108828248,1.4710409605139947,0.2496807415848546,0.367290597922831,0.37095086437018576
thickness_cm,50,11,9,1.4042518264955997,1.4758418489820961,0.2455507022743195,0.3623940024633839,0.3656140912774451
thickness_cm,50,11,10,1.4388882981588977,1.4858017763908689,0.23719129816918144,0.35241925216422604,0.355316898980549
thickness_cm,50,12,1,1.3126521668714353,1.4216867324426006,0.26910539668719063,0.3825835720988819,0.38461583834419566
thickness_cm,50,12,2,1.2468527443105757,1.4037404446292316,0.2874079211482124,0.40344612302255484,0.403042347686279
thickness_cm,50,12,3,1.3856579682237413,1.4414830671137373,0.2501591488592678,0.3606001771642194,0.3598097750060754
thickness_cm,50,12,4,1.3633368146214102,1.435193725597333,0.2558057748054323,0.3671308429723208,0.368128688582624
thickness_cm,50,12,5,1.2679341225487817,1.4094530514347683,0.2814123851798577,0.39663754500328685,0.40023584639694587
thickness_cm,50,12,6,1.297432980909347,1.417528928518745,0.27323228605435557,0.38731466968735784,0.38820738320733633
thickness_cm,50,12,7,1.3282214258933718,1.4259365214050952,0.2649480722705539,0.37779913252645936,0.3835770621615246
thickness_cm,50,12,8,1.3441529771253107,1.4302813565324097,0.2607604844405052,0.3729608594156141,0.3748102189550248
thickness_cm,50,12,9,1.360459615083981,1.4347244383322528,0.2565428388941335,0.3680682804405473,0.3687581712230223
thickness_cm,50,12,10,1.3942524141739279,1.4439188897084207,0.24801838210474023,0.35811842691595536,0.36021027526268723
thickness_cm,50,13,1,1.276558402079697,1.3871304472994628,0.27899584155861046,0.3870036264958854,0.3880184198401724
thickness_cm,50,13,2,1.2121122875339743,1.3705128069753156,0.2975680658078775,0.40782084513656963,0.40848054232314834
thickness_cm,50,13,3,1.3481316384100501,1.4055494370474877,0.2597250679480924,0.3650564230415618,0.3682789904260811
thickness_cm,50,13,4,1.3263190600522194,1.3997399132873884,0.26545258016005735,0.3715645715351522,0.3743764836036921
thickness_cm,50,13,5,1.2328373860369752,1.3757904736698947,0.29146440627883974,0.40099395357227957,0.40194493378320534
thickness_cm,50,13,6,1.2616790315676312,1.3832730752545275,0.28317816204250873,0.39171272705346594,0.39202298899301524
thickness_cm,50,13,7,1.2918475132545886,1.3910909589207279,0.27476268617181243,0.3822198885823816,0.3830068498974862
thickness_cm,50,13,8,1.3074241284436399,1.3951204416696965,0.27051597410580425,0.3774023652731978,0.38005947851942995
thickness_cm,50,13,9,1.3234365467612241,1.399259159906244,0.266218854618079,0.37250917086409574,0.37232299770907334
thickness_cm,50,13,10,1.356478147853843,1.4077824294885317,0.2575662918705727,0.36259730012390706,0.362473253002678
thickness_cm,50,14,1,1.246135561515866,1.3570288211384927,0.2876141190962953,0.39030064898003164,0.39107996840531767
thickness_cm,50,14,2,1.1827604052573932,1.3415648222418388,0.3064316943861252,0.41109798160838756,0.4149488555856839
thickness_cm,50,14,3,1.3165194018502993,1.3742456282385676,0.26806671259634846,0.3683895078618164,0.37075645216751096
thickness_cm,50,14,4,1.2952046997389035,1.3688738705570485,0.273841803248171,0.37485488913264553,0.37639948107160215
thickness_cm,50,14,5,1.2031599985453738,1.3464459548129977,0.3002439408590088,0.4042622396267253,0.40861056279595587
thickness_cm,50,14,6,1.231532251403122,1.353430826858569,0.2918450549148365,0.39499209398797164,0.39796792651263296
thickness_cm,50,14,7,1.2611422623257456,1.3607225417888478,0.28333020417198557,0.3855337955864574,0.3850919813022006
thickness_cm,50,14,8,1.276498164776731,1.3644973717086526,0.27901264802182757,0.3807120248992551,0.38314014092028487
thickness_cm,50,14,9,1.2922156010860637,1.3683560228899272,0.2746615679818185,0.3758348108043125,0.3808120077833297
thickness_cm,50,14,10,1.324716639281337,1.3763180465084497,0.26587828787854273,0.3659330857820072,0.3682543978686081
thickness_cm,50,15,1,1.2200493100674936,1.3304381200981379,0.29521560946347464,0.39276610047821126,0.39336461122124794
thickness_cm,50,15,2,1.1575925925925925,1.31599894772051,0.3142417789878905,0.413541850477885,0.41616550296069427
thickness_cm,50,15,3,1.289413141103074,1.346592808180307,0.27543237560923844,0.37089525613541746,0.3708738649756682
thickness_cm,50,15,4,1.2684657963446475,1.3415899404265328,0.28126280535618536,0.3773393502820042,0.3801358528287589
thickness_cm,50,15,5,1.1776761549384553,1.3205102009326781,0.30799363711531846,0.40670873963313553,0.4071353752320971
thickness_cm,50,15,6,1.2056073397955676,1.327049059682929,0.29951003989678004,0.3974645168106185,0.39887592503748
thickness_cm,50,15,7,1.234823475815309,1.3339001511396125,0.29088610626874517,0.38801302111629254,0.39084297076363583
thickness_cm,50,15,8,1.2499414321797608,1.3374375563932355,0.28652157731302275,0.38320471821546465,0.38369655072965586
thickness_cm,50,15,9,1.2654153202852623,1.3410528477695383,0.28212210077402916,0.37834064666173645,0.3828317098198943
thickness_cm,50,15,10,1.2974823836011258,1.3485277158528544,0.27321878797736704,0.3684431080792041,0.37037031162687584
thickness_cm,100,0.015,1,170.57179356263558,,,,
thickness_cm,100,0.015,2,156.40166319824752,,,,
thickness_cm,100,0.015,3,186.30914516747907,,,,
thickness_cm,100,0.015,4,184.03394046997389,,,,
thickness_cm,100,0.015,5,167.23220754729266,,,,
thickness_cm,100,0.015,6,169.43361212844172,,,,
thickness_cm,100,0.015,7,171.73629051485315,,,,
thickness_cm,100,0.015,8,172.92774844003335,,,,
thickness_cm,100,0.015,9,174.1473957689436,,,,
thickness_cm,100,0.015,10,176.67477083193037,,,,
thickness_cm,100,0.02,1,86.14213962297615,,,,
thickness_cm,100,0.02,2,79.58265228591132,,,,
thickness_cm,100,0.02,3,93.42718412039736,,,,
thickness_cm,100,0.02,4,92.30213890339427,,,,
thickness_cm,100,0.02,5,84.42700612882444,,,,
thickness_cm,100,0.02,6,85.55761757401702,,,,
thickness_cm,100,0.02,7,86.74024186787368,,,,
thickness_cm,100,0.02,8,87.3521252426881,,,,
thickness_cm,100,0.02,9,87.97855272594217,,,,
thickness_cm,100,0.02,10,89.27643669948415,,,,
thickness_cm,100,0.03,1,43.26127928176764,,,,
thickness_cm,100,0.03,2,40.53158948927021,,,,
thickness_cm,100,0.03,3,46.29270575695994,,,,
thickness_cm,100,0.03,4,45.68727101827676,,,,
thickness_cm,100,0.03,5,42.23169659326577,,,,
thickness_cm,100,0.03,6,42.91028041253994,,,,
thickness_cm,100,0.03,7,43.620216889853964,,,,
thickness_cm,100,0.03,8,43.98750687354811,,,,
thickness_cm,100,0.03,9,44.36344420085238,,,,
thickness_cm,100,0.03,10,45.14265335560074,,,,
thickness_cm,100,0.04,1,32.45289800391047,404.0260142144457,8.051660882850256e-15,3.253080454304354e-12,3.385077740451584e-12
thickness_cm,100,0.04,2,30.65756557543305,479.95794904298344,4.8482883565452686e-14,2.3269745359764438e-11,2.355708124796288e-11
thickness_cm,100,0.04,3,34.44691778106215,407.8964881484169,1.0962098222356984e-15,4.4714013676374173e-13,4.4690227043862767e-13
thickness_cm,100,0.04,4,33.96201879895561,391.4721973653343,1.7802567508542772e-15,6.969210221313944e-13,7.22502793760731e-13
thickness_cm,100,0.04,5,31.578933837095736,355.0338013040449,1.9294933679829436e-14,6.850353650259288e-12,7.578381679937457e-12
thickness_cm,100,0.04,6,32.15507026369614,376.73493661856907,1.0845021548339168e-14,4.085698505640572e-12,4.3684102610416835e-12
thickness_cm,100,0.04,7,32.75771137224901,437.0076252229231,5.936175214290448e-15,2.5941538333042455e-12,2.704676937167824e-12
thickness_cm,100,0.04,8,33.069481122126376,472.9464229406339,4.346171196440782e-15,2.0555061208442827e-12,2.1295375907445683e-12
thickness_cm,100,0.04,9,33.3887292129242,512.1223325916031,3.1583419230203047e-15,1.6174574327390079e-12,1.7070678157163976e-12
thickness_cm,100,0.04,10,34.050176386213955,601.3775883014071,1.6300325903470386e-15,9.802650680355975e-13,1.0161315890639254e-12
thickness_cm,100,0.05,1,28.16394465196652,1338.8317905167532,5.868866748097213e-13,7.857425376659227e-10,8.912007977530572e-10
thickness_cm,100,0.05,2,26.71832743093586,1485.7696872513748,2.4910235368543904e-12,3.701087261287961e-09,3.956541278020402e-09
thickness_cm,100,0.05,3,29.769292452427987,1444.441035353599,1.1785840454857445e-13,1.702395158912662e-10,1.922441462169785e-10
thickness_cm,100,0.05,4,29.33250757180157,1365.3549058357046,1.8241217477982546e-13,2.490573577197947e-10,2.9767504668485085e-10
thickness_cm,100,0.05,5,27.355712564921348,1187.0706443717,1.3169369544091201e-12,1.5632971990673383e-09,1.813400161495763e-09
thickness_cm,100,0.05,6,27.888476286715523,1285.9070926577363,7.730162792481998e-13,9.940271162251533e-10,1.085690525540663e-09
thickness_cm,100,0.05,7,28.44561439675188,1447.036587263396,4.4281939387990803e-13,6.407758644940277e-10,6.695627391315973e-10
thickness_cm,100,0.05,8,28.733975054508925,1574.132170040825,3.3188925380818135e-13,5.224375513103026e-10,5.921180830945329e-10
thickness_cm,100,0.05,9,29.029124772142286,1713.7350990718505,2.470650402384053e-13,4.2340403121015424e-10,4.641149394219644e-10
thickness_cm,100,0.05,10,29.64077354577166,2035.960291766595,1.340218503725018e-13,2.728631655874977e-10,3.189821666585337e-10
thickness_cm,100,0.06,1,25.897709896983606,2686.8217553376185,5.659362305217206e-12,1.5205697762995245e-08,1.7232019836909254e-08
thickness_cm,100,0.06,2,24.622996085351506,2786.1522156318947,2.0247372470227734e-11,5.641226166864923e-08,6.149931928848247e-08
thickness_cm,100,0.06,3,27.313254011113163,2947.400585929204,1.3740562128847787e-12,4.04989408695626e-09,4.84493954566837e-09
thickness_cm,100,0.06,4,26.90336501305483,2764.5372368948583,2.070222527844797e-12,5.723207266885545e-09,6.071262309438252e-09
thickness_cm,100,0.06,5,25.129521406692668,2345.9906719477217,1.220077786625651e-11,2.8622911064744e-08,3.308750022244852e-08
thickness_cm,100,0.06,6,25.63584554479503,2566.982913537556,7.353493975833552e-12,1.8876293390766078e-08,2.149348248733217e-08
thickness_cm,100,0.06,7,26.1654627079964,2840.548679602516,4.329960449604481e-12,1.2299463437855125e-08,1.3910314789027354e-08
thickness_cm,100,0.06,8,26.439446050436516,3088.77029220171,3.2922626550508947e-12,1.016904308304633e-08,1.202931107874259e-08
thickness_cm,100,0.06,9,26.72001810417633,3361.867564231395,2.4868155881547122e-12,8.360344664042347e-09,9.794929491900509e-09
thickness_cm,100,0.06,10,27.301315613678295,3993.953950718304,1.3905585517926428e-12,5.553826821637349e-09,6.065688037116645e-09
thickness_cm,100,0.08,1,23.390627654203694,4386.407063645178,6.943516654515144e-11,3.045709049990316e-07,3.349311070567922e-07
thickness_cm,100,0.08,2,22.284101172366235,4260.979127463657,2.0996061039202516e-10,8.946377784699483e-07,1.010763345481627e-06
thickness_cm,100,0.08,3,24.61952534568761,4867.183041394368,2.0317767920424932e-11,9.889029546127874e-08,1.0640874498503786e-07
thickness_cm,100,0.08,4,24.24267049608355,4543.478669570398,2.9617062167681014e-11,1.3456449021419909e-07,1.539947778215631e-07
thickness_cm,100,0.08,5,22.677395007169228,3791.3834522324605,1.4168780894873657e-10,5.371928142313141e-07,5.798007868571868e-07
thickness_cm,100,0.08,6,23.147449830647048,4176.091680528877,8.855034720989355e-11,3.697943682911799e-07,3.99013762908283e-07
thickness_cm,100,0.08,7,23.639264107402333,4609.776845932031,5.414994774956473e-11,2.496191753443728e-07,2.6869921163996284e-07
thickness_cm,100,0.08,8,23.89368625984264,4927.5202272576225,4.198594234082445e-11,2.0688658014488472e-07,2.1529677561814734e-07
thickness_cm,100,0.08,9,24.154236581942904,5338.926343796406,3.235551656711302e-11,1.7274371976730077e-07,1.9549773632073817e-07
thickness_cm,100,0.08,10,24.694042377675117,6286.31652049497,1.885878283464524e-11,1.1855227808985734e-07,1.287739963274675e-07
thickness_cm,100,0.1,1,21.8497374663479,4412.034464408026,3.2417505061853633e-10,1.4302714958301987e-06,1.5518587895807461e-06
thickness_cm,100,0.1,2,20.832862967019594,4213.025845314282,8.961951126376309e-10,3.7756931719866837e-06,3.994436668030359e-06
thickness_cm,100,0.1,3,22.979209338184095,4874.561923459997,1.0477464208222473e-10,5.107304808381621e-07,5.537432449524962e-07
thickness_cm,100,0.1,4,22.62458485639687,4547.202326176812,1.4937146535817754e-10,6.79222274741144e-07,7.164548014948e-07
thickness_cm,100,0.1,5,21.17636436069185,3796.9090860395445,6.356555033801804e-10,2.4135261563752473e-06,2.6660038719320197e-06
thickness_cm,100,0.1,6,21.620320813560852,4194.200154133877,4.0776878175089364e-10,1.7102638872705812e-06,1.812161147074729e-06
thickness_cm,100,0.1,7,22.084566149383253,4644.149172997468,2.5632725464183225e-10,1.1904220076615765e-06,1.3265911634854131e-06
thickness_cm,100,0.1,8,22.324859228792835,4912.140483376289,2.0157507389027824e-10,9.901650808960025e-07,1.1806101587056775e-06
thickness_cm,100,0.1,9,22.57080968225844,5322.048473617103,1.5762383978733464e-10,8.388817159458511e-07,8.840442818332278e-07
thickness_cm,100,0.1,10,23.080501151530658,6261.184742216885,9.468162659290167e-11,5.928191557917524e-07,6.672034259558925e-07
thickness_cm,100,0.15,1,19.343589258146704,2446.3287038314165,3.973616267906813e-09,9.720771534191905e-06,1.0218920434335242e-05
thickness_cm,100,0.15,2,18.45593105756359,2241.6951496818483,9.65363742327205e-09,2.164051218853613e-05,2.2866339283097488e-05
thickness_cm,100,0.15,3,20.329554748674806,2742.875442147901,1.4824721831970832e-09,4.066236544958664e-06,4.533834830195705e-06
thickness_cm,100,0.15,4,20.014173368146217,2580.9188171369105,2.0321461854767655e-09,5.244804329269978e-06,5.522214228964505e-06
thickness_cm,100,0.15,5,18.743205682739127,2150.705782531804,7.2431786797281456e-09,1.5577946270402398e-05,1.6539946831340262e-05
thickness_cm,100,0.15,6,19.139049502602738,2342.87464817305,4.875469143305023e-09,1.1422613053799318e-05,1.2126342500279701e-05
thickness_cm,100,0.15,7,19.552968823351147,2555.1799513187025,3.222949756277439e-09,8.235216601347611e-06,8.67372251919383e-06
thickness_cm,100,0.15,8,19.76722059122756,2669.710243448702,2.6013882522897316e-09,6.944952864325012e-06,7.316345723714459e-06
thickness_cm,100,0.15,9,19.986378480086312,2830.554947702503,2.089421757952375e-09,5.914223094809357e-06,6.277747307709948e-06
thickness_cm,100,0.15,10,20.440829762016996,3251.135931653516,1.3263569849227871e-09,4.3121668518820935e-06,4.627083345718627e-06
thickness_cm,100,0.2,1,17.632304476431212,1224.0503518718003,2.1998216029786015e-08,2.692692407181145e-05,2.8284565850144846e-05
thickness_cm,100,0.2,2,16.826679708733923,1117.3549534805393,4.9234083031907936e-08,5.50119465557745e-05,5.593403721198444e-05
thickness_cm,100,0.2,3,18.52702361192036,1362.5346897667519,8.991163170359137e-09,1.2250771720967533e-05,1.3157287870703811e-05
thickness_cm,100,0.2,4,18.23926579634465,1288.8937360145421,1.1989125619916407e-08,1.5452708911801722e-05,1.588359943829947e-05
thickness_cm,100,0.2,5,17.084368754078145,1087.7056136452768,3.8049847745534347e-08,4.138703299116579e-05,4.270477737899559e-05
thickness_cm,100,0.2,6,17.44555247769401,1176.43360334432,2.6515072880907726e-08,3.119322273222354e-05,3.121744537002127e-05
thickness_cm,100,0.2,7,17.823352161139628,1274.0067500752284,1.8172576568720345e-08,2.3151985214808653e-05,2.3820074031477155e-05
thickness_cm,100,0.2,8,18.018845470897467,1326.4434745967242,1.4945651172514213e-08,1.9824561471380357e-05,2.0493906990949615e-05
thickness_cm,100,0.2,9,18.218941405006657,1392.7172685062965,1.2235290401723371e-08,1.704030022766948e-05,1.6980681636393905e-05
thickness_cm,100,0.2,10,18.633606998074047,1567.3372475297588,8.082157375982602e-09,1.2667466295774909e-05,1.29670350853477e-05
thickness_cm,100,0.3,1,15.280672274251575,413.7328983094638,2.3104062542390264e-07,9.558910758386243e-05,0.00010072607359785215
thickness_cm,100,0.3,2,14.584652346760778,378.1481943545551,4.6341060187329653e-07,0.0001752378823431447,0.00018998876146271565
thickness_cm,100,0.3,3,16.05380613782029,455.7279025030333,1.0664010912004044e-07,4.8598873251970624e-05,5.000543775769612e-05
thickness_cm,100,0.3,4,15.804567101827677,434.6756290799304,1.3682445243958912e-07,5.947425493769541e-05,6.0389389086890955e-05
thickness_cm,100,0.3,5,14.805790555320813,373.9795773229243,3.714726650949798e-07,0.00013892319027924077,0.0001412183987595887
thickness_cm,100,0.3,6,15.11890710263439,399.91556110532747,2.716076968802826e-07,0.00010862014449840391,0.00011222365594193136
thickness_cm,100,0.3,7,15.446293350771366,428.1707939284505,1.9577626187927717e-07,8.382567748119435e-05,8.928032352848773e-05
thickness_cm,100,0.3,8,15.615631843960335,443.2435696701933,1.652788409970292e-07,7.325878347447552e-05,7.674722545612717e-05
thickness_cm,100,0.3,9,15.789095327659771,459.9052130798304,1.3895783048361874e-07,6.390743063767963e-05,6.583832492733135e-05
thickness_cm,100,0.3,10,16.148428113509944,507.0850931169947,9.701229503765962e-08,4.9193488662664994e-05,4.921118642261004e-05
thickness_cm,100,0.356,1,14.316882022529859,262.97724336698406,6.056993945605423e-07,0.00015928515709058262,0.0001773480606925031
thickness_cm,100,0.356,2,13.665171352074967,241.16033702056012,1.1622284105940661e-06,0.00028028339519373493,0.0002916257000300199
thickness_cm,100,0.356,3,15.040665638722697,288.39444585077007,2.9371214768883404e-07,8.470495207236083e-05,9.186490343364182e-05
thickness_cm,100,0.356,4,14.807240731070499,276.03350439514657,3.7093435486095104e-07,0.00010239030987282118,0.00010861946556824852
thickness_cm,100,0.356,5,13.872114138411131,239.52965948000127,9.449685991559641e-07,0.0002263480067751219,0.00023967413595029626
thickness_cm,100,0.356,6,14.165292542332097,254.8411911341336,7.048417394864985e-07,0.00017962270845179394,0.00019179521450486523
thickness_cm,100,0.356,7,14.471958377341403,271.45482064455126,5.186905484631698e-07,0.0001408010498030937,0.00015288215156358188
thickness_cm,100,0.356,8,14.630643314631067,280.29109698319684,4.425805679400979e-07,0.00012405139289137633,0.0001328755774366431
thickness_cm,100,0.356,9,14.793064273155759,289.724957380038,3.7623034059612584e-07,0.00010900331939428974,0.00011724963566747898
thickness_cm,100,0.356,10,15.12965473609072,316.6662898185996,2.687041877850757e-07,8.508955820462018e-05,8.766799547317932e-05
thickness_cm,100,0.4,1,13.674799966419531,191.94774961570576,1.151091464171458e-06,0.00022094941614955914,0.00022657225154177458
thickness_cm,100,0.4,2,13.052522128919719,176.52775308369823,2.1446758649383157e-06,0.0003785948115303979,0.00038790421077153836
thickness_cm,100,0.4,3,14.365895760796965,209.84776084027934,5.767276104779711e-07,0.00012102499767356705,0.0001236711659121846
thickness_cm,100,0.4,4,14.142865796344651,201.39484082202463,7.208276318985625e-07,0.00014517096618632796,0.00014320429378207117
thickness_cm,100,0.4,5,13.249921258043734,175.87728573494078,1.7604849307259704e-06,0.00030962931119334893,0.0003137985663459012
thickness_cm,100,0.4,6,13.530033257902721,186.38280867467583,1.330396875113549e-06,0.0002479631062356752,0.00024983715142623195
thickness_cm,100,0.4,7,13.82289661155325,197.7353951088231,9.92641156272455e-07,0.0001962802912368129,0.00019514510242597683
thickness_cm,100,0.4,8,13.974575961785607,203.76078249955418,8.529405715720459e-07,0.00017379583828913708,0.0001720812149873758
thickness_cm,100,0.4,9,14.129688250447261,210.0702601533653,7.303892319516889e-07,0.00015343305596930796,0.00015543621139098486
thickness_cm,100,0.4,10,14.451274185510915,228.10226917950715,5.295309694512786e-07,0.00012078721573266092,0.00012387077934271316
thickness_cm,100,0.5,1,12.481770942379125,109.17687436853488,3.795209507761882e-06,0.00041434911163118807,0.00043073807318724956
thickness_cm,100,0.5,2,11.913948034562491,100.93092996252913,6.696349474796524e-06,0.0006758687798453066,0.0006772260522698379
thickness_cm,100,0.5,3,13.112248802705814,118.69329607813866,2.0203317998148933e-06,0.0002397998404915079,0.00023746218141845914
thickness_cm,100,0.5,4,12.908709138381202,114.39135904124029,2.4763889228897907e-06,0.0002832774944040364,0.0002879420915076344
thickness_cm,100,0.5,5,12.093664434947044,100.9670443670661,5.594847713184983e-06,0.0005648952372841264,0.0005851625906926985
thickness_cm,100,0.5,6,12.349493262664076,106.33955816441117,4.331947869725082e-06,0.00046065742245782746,0.00045558655387223064
thickness_cm,100,0.5,7,12.617091284967398,112.12106456275002,3.3148728700630263e-06,0.00037166707508164506,0.00037489135997066403
thickness_cm,100,0.5,8,12.755560493272755,115.17706425577452,2.886226861040792e-06,0.0003324271366308377,0.00033771508881864313
thickness_cm,100,0.5,9,12.897289770942368,118.35007521130024,2.5048297972576116e-06,0.00029644679489694423,0.000309570057224457
thickness_cm,100,0.5,10,13.190858684965454,127.22145718092045,1.8675956837650739e-06,0.0002375982443133902,0.00024348501219343926
thickness_cm,100,0.511,1,12.36768529026476,103.69782035661822,4.2538534561440945e-06,0.0004411153315186099,0.00046160125878109374
thickness_cm,100,0.511,2,11.8051622246562,95.91233021101343,7.465917522177453e-06,0.0007160735467152751,0.0007334374171590845
thickness_cm,100,0.511,3,12.992418008441458,112.68158874119982,2.277532339296686e-06,0.00025663596240141194,0.00026261918515263163
thickness_cm,100,0.511,4,12.790641253263708,108.63595540382603,2.786731224092598e-06,0.000302739208982973,0.0003061729057892005
thickness_cm,100,0.511,5,11.983212940630475,95.98058981544969,6.2482262116629465e-06,0.0005997084370957624,0.0006260582840517147
thickness_cm,100,0.511,6,12.236558278765518,101.0299700633512,4.8498718368028295e-06,0.00048998240648328,0.0004899281888005419
thickness_cm,100,0.511,7,12.50169352872933,106.46321005648163,3.7203473189463477e-06,0.00039608011810005327,0.00040749154700574713
thickness_cm,100,0.511,8,12.63895663909377,109.33519723397592,3.2431786668029525e-06,0.00035459357919992386,0.0003560260336727571
thickness_cm,100,0.511,9,12.779313277107912,112.31399969130992,2.8184787269353784e-06,0.0003165546188669837,0.0003193390993892857
thickness_cm,100,0.511,10,13.070320576708102,120.61173808808817,2.106841657386771e-06,0.00025410983417380683,0.0002573000159479547
thickness_cm,100,0.6,1,11.540931254591529,70.62623692652538,9.723827370571433e-06,0.0006867573357066104,0.0007083366292609185
thickness_cm,100,0.6,2,11.01602133787676,65.57873070928838,1.6436249320665523e-05,0.0010778683680706485,0.0010890781740857558
thickness_cm,100,0.6,3,12.123750358832975,76.42755581336944,5.429028470879804e-06,0.00041492737647053795,0.0004325270467365037
thickness_cm,100,0.6,4,11.935551958224544,73.9012680378176,6.553233551000393e-06,0.00048429226916689926,0.000489381715326111
thickness_cm,100,0.6,5,11.182181542596298,65.79771569689726,1.3920032857665672e-05,0.0009159063644601542,0.0009226451682492792
thickness_cm,100,0.6,6,11.418571245855414,68.9602431286449,1.0989489457048757e-05,0.0007578378648177621,0.0007757360225240775
thickness_cm,100,0.6,7,11.665970830921001,72.34944906148058,8.580907928237095e-06,0.0006208239610552446,0.0006097053272967337
thickness_cm,100,0.6,8,11.79392004247347,74.13389800559185,7.550324296300099e-06,0.0005597349712910535,0.0005798093779217124
thickness_cm,100,0.6,9,11.924881644360713,75.98226338881486,6.623533001415175e-06,0.0005032710290780352,0.0005288047035361794
thickness_cm,100,0.6,10,12.196277815189429,80.8927965414381,5.04921478346463e-06,0.0004084451041728258,0.0004204262936712552
thickness_cm,100,0.662,1,11.049895933210397,57.03695006701663,1.5888802641535976e-05,0.0009062488428899694,0.0009281204064990443
thickness_cm,100,0.662,2,10.547532331345584,53.07728383254468,2.625819751622247e-05,0.0013937138024995596,0.0014304822773987768
thickness_cm,100,0.662,3,11.607956940042918,61.58101505705295,9.093443123394614e-06,0.0005599834579022183,0.0005650818180605884
thickness_cm,100,0.662,4,11.427721148825064,59.627123989629645,1.0889395318984831e-05,0.0006493033248572012,0.0006543506030113668
thickness_cm,100,0.662,5,10.706698182133035,53.30273041222801,2.2394432432163594e-05,0.0011936843946664716,0.0011903467290221884
thickness_cm,100,0.662,6,10.932924428413143,55.74974060771888,1.786040282081823e-05,0.0009957128244099868,0.0010312029434449434
thickness_cm,100,0.662,7,11.16955802689338,58.369110263052676,1.4096866393243984e-05,0.0008228215488707798,0.0008120588807001305
thickness_cm,100,0.662,8,11.29200462331428,59.748202789409426,1.2472246984145923e-05,0.0007451943420483507,0.0007785653496199058
thickness_cm,100,0.662,9,11.417472204250695,61.17763036514916,1.1001574002669484e-05,0.0006730502277701482,0.0006950572391244284
thickness_cm,100,0.662,10,11.677199975757247,64.85963371641894,8.485090650158533e-06,0.0005503398716198935,0.0005615971292495154
thickness_cm,100,0.8,1,10.134675479581816,37.64115780557695,3.967951574687733e-05,0.0014935829138770854,0.0014832441949567915
thickness_cm,100,0.8,2,9.67369573242465,35.184766534105854,6.29169010995487e-05,0.002213716476237049,0.002262348324371192
thickness_cm,100,0.8,3,10.646494351045234,40.446662391647266,2.378407423528947e-05,0.0009619864208926293,0.0009599231306371482
thickness_cm,100,0.8,4,10.481094516971279,39.296430408028385,2.8061991385561986e-05,0.0011027360915934286,0.0011087048157804908
thickness_cm,100,0.8,5,9.819473328253686,35.44195995196494,5.438221823297173e-05,0.0019274124007120014,0.0019378225708408846
thickness_cm,100,0.8,6,10.027201689553813,36.88422384238576,4.418162012879411e-05,0.0016296047665496983,0.0016557529261100239
thickness_cm,100,0.8,7,10.244486423085517,38.422232589170996,3.5552985565639084e-05,0.001366025080642424,0.0013820899637082633
thickness_cm,100,0.8,8,10.356852635876498,39.22931188188225,3.177430429438077e-05,0.0012464840929940937,0.0012165791717743727
thickness_cm,100,0.8,9,10.472002504247165,40.06438952395205,2.8318294759470977e-05,0.0011345551918975354,0.0011429220074126482
thickness_cm,100,0.8,10,10.710490006599414,42.16773488141853,2.2309677464886e-05,0.0009407485646292704,0.0009593078730252134
thickness_cm,100,1,1,9.11150731535613,24.176924036212167,0.00011038819983835062,0.0026688471219860114,0.002768309488010549
thickness_cm,100,1,2,8.697159243032736,22.728171729922124,0.0001670597135932126,0.0037969618596981414,0.0038905696381113532
thickness_cm,100,1,3,9.5716783080137,25.82357796854857,6.967435039391828e-05,0.0017992410198053215,0.0018888337527920127
thickness_cm,100,1,4,9.422928459530027,25.16845607434526,8.084890953579383e-05,0.002034842228310341,0.002102975405994207
thickness_cm,100,1,5,8.828119553914677,22.922142697839462,0.00014655356661502457,0.0033593217668269146,0.0035093529650638664
thickness_cm,100,1,6,9.014876769631357,23.745857703176068,0.00012158745381345983,0.0028871983767459093,0.0030584908301667124
thickness_cm,100,1,7,9.210360565429282,24.62131426694104,9.999798067507874e-05,0.002462081708260611,0.002532593742643197
thickness_cm,100,1,8,9.311514102393701,25.079570636696285,9.03776005863232e-05,0.0022666314178798165,0.0022749852111990576
thickness_cm,100,1,9,9.415049161943394,25.552262180091386,8.148845844288751e-05,0.0020822144547841433,0.002226409685871325
thickness_cm,100,1,10,9.62960837856402,26.705645323512968,6.57527949829161e-05,0.0017559708218434203,0.001808456405953359
thickness_cm,100,1.173,1,8.418186790927773,19.29326924058721,0.0002208146732290221,0.004260236942879809,0.004347925869843159
thickness_cm,100,1.173,2,8.035569084418483,18.32651597610653,0.0003237402424942927,0.005933030726180258,0.00608548710294402
thickness_cm,100,1.173,3,8.843259155570083,20.388781174866015,0.00014435151514672712,0.0029431514545869763,0.0029421046193585853
thickness_cm,100,1.173,4,8.7059091383812,19.915208414536476,0.00016560433507258583,0.0032980448473212795,0.0033648816925317265
thickness_cm,100,1.173,5,8.156765436006843,18.419192618443255,0.00028678853202421294,0.00528241321211456,0.005181530429178387
thickness_cm,100,1.173,6,8.32908699591092,18.993624611402304,0.00024139233648997325,0.004584915423359862,0.004707422824713093
thickness_cm,100,1.173,7,8.50933606730001,19.601640392996313,0.00020157761446348726,0.00395125190999133,0.0041588356770586865
thickness_cm,100,1.173,8,8.602606361296175,19.919089520340005,0.00018362657223594222,0.0036576741306809137,0.003733313552132937
thickness_cm,100,1.173,9,8.698072577633296,20.24598599961019,0.0001669072018341635,0.0033792008715685866,0.0034906593986546892
thickness_cm,100,1.173,10,8.896051933359372,20.93016134219257,0.00013692846341586745,0.0028659348316326183,0.0028954588170334037
thickness_cm,100,1.33,1,7.892325323111729,15.937226401790442,0.00037359982384684113,0.0059541449763161345,0.0059607719162567555
thickness_cm,100,1.33,2,7.533480731004827,15.17079422453244,0.0005348732628478124,0.008114452206868412,0.008095768629447763
thickness_cm,100,1.33,3,8.290854683303253,16.80458416624234,0.0002508000165282861,0.004214589986644554,0.0043406839314881415
thickness_cm,100,1.33,4,8.162102349869452,16.475213547489695,0.00028526204332456875,0.004699753080765527,0.00480380959035289
thickness_cm,100,1.33,5,7.646830499629417,15.366535611761016,0.00047755534469983877,0.00733837121091688,0.007586435259921124
thickness_cm,100,1.33,6,7.8087416962661695,15.742170205902932,0.00040616881013605974,0.006393978541490924,0.006436228030441571
thickness_cm,100,1.33,7,7.977966516061091,16.137954296047027,0.00034293606895360125,0.005534286607239249,0.00558442025498067
thickness_cm,100,1.33,8,8.065464016635605,16.34384947733777,0.00031420528347676796,0.005135323858128539,0.005292543418239581
thickness_cm,100,1.33,9,8.155159672751081,16.555853444058442,0.000287249416447716,0.004755659240599697,0.004853588997188402
thickness_cm,100,1.33,10,8.340897547441715,16.99766417318003,0.00023855812957911506,0.0040549309723677636,0.004127516847000514
thickness_cm,100,1.5,1,7.415433953922554,12.837931833214979,0.0006018911434003849,0.007727037469989963,0.007809346903685686
thickness_cm,100,1.5,2,7.078177883250173,12.24865728795386,0.0008433083555703792,0.01032939503544951,0.010382727327385153
thickness_cm,100,1.5,3,7.789987309392188,13.503438048490308,0.0004138581360567299,0.005588507701105725,0.005810314482611362
thickness_cm,100,1.5,4,7.6689953002610975,13.261348576956907,0.00046708687009467824,0.006194201800045317,0.006373963621578529
thickness_cm,100,1.5,5,7.184895511716667,12.419539725227617,0.0007579482005087613,0.009413367785883349,0.009595803063618819
thickness_cm,100,1.5,6,7.336815951634003,12.694741846552777,0.0006511204227798313,0.00826580567820826,0.008302282799107434
thickness_cm,100,1.5,7,7.495860334444271,12.984942800110524,0.0005553787000671559,0.007211560652771757,0.007095090289652551
thickness_cm,100,1.5,8,7.578158213866523,13.13592233886849,0.0005115024340839464,0.006719056250268918,0.0067545608131359715
thickness_cm,100,1.5,9,7.662393685037376,13.291025554512482,0.0004701805984534883,0.006249182349281285,0.006300191717640729
thickness_cm,100,1.5,10,7.836957709868146,13.614263873737649,0.00039486851974923414,0.0053758442232982595,0.005613167445736532
thickness_cm,100,2,1,6.363444151267979,8.42843284148599,0.0017234207565661043,0.014525736104340384,0.014913622814494685
thickness_cm,100,2,2,6.073113646505213,8.083663269428566,0.0023039882257682004,0.018624664993838292,0.019472578836143034
thickness_cm,100,2,3,6.685741611835095,8.817547839193194,0.001248588442389509,0.011009488322233212,0.01137765162202362
thickness_cm,100,2,4,6.58165953002611,8.6794640234318,0.0013855480272988692,0.012025814255677437,0.012220630549702018
thickness_cm,100,2,5,6.164896606842284,8.186948517748121,0.002101935679122192,0.01720843919259132,0.017133122086716412
thickness_cm,100,2,6,6.295729552167289,8.345871848720455,0.0018441633887368932,0.015391151310500152,0.015991938813824196
thickness_cm,100,2,7,6.432581359422629,8.512908284918325,0.001608293886927719,0.013691258354610474,0.013960804454175463
thickness_cm,100,2,8,6.503463909132579,8.599752266070979,0.0014982404254540805,0.012884496493917876,0.013250096438330042
thickness_cm,100,2,9,6.575877146386329,8.688665253424952,0.0013935830058201374,0.012108376240432931,0.012132238099748791
thickness_cm,100,2,10,6.7260830314212985,8.873811292597495,0.0011992210818270077,0.010641661578237486,0.01085399636824465
thickness_cm,100,2.51,1,5.622888163858934,6.322969331598184,0.0036141876544244864,0.022852397697566803,0.023321086945387585
thickness_cm,100,2.51,2,5.36587909212608,6.084921837015712,0.004673350128939007,0.028436970251601155,0.02939222799025427
thickness_cm,100,2.51,3,5.9083199724302595,6.59146697158666,0.0027167472658398708,0.017907349872931872,0.017943323671528115
thickness_cm,100,2.51,4,5.816440731070497,6.498168318353249,0.002978186469286874,0.019352756960868286,0.019373001029281117
thickness_cm,100,2.51,5,5.447348990143176,6.157108311342545,0.004307709347084431,0.02652303302378152,0.026913677633265697
thickness_cm,100,2.51,6,5.562971490750723,6.266235040803649,0.003837356769206242,0.024045779451265237,0.023856859460853332
thickness_cm,100,2.51,7,5.684048077438619,6.380981230186262,0.0033997680256466728,0.021693855958638826,0.022134809298238883
thickness_cm,100,2.51,8,5.746767703207598,6.440608398969374,0.0031930851330346727,0.020565410926447356,0.020074303882343197
thickness_cm,100,2.51,9,5.810825831567576,6.501616296003958,0.002994955721789518,0.019472052926597025,0.0195306184759961
thickness_cm,100,2.51,10,5.943717140971596,6.628587653688311,0.002622264186806745,0.017381908013376208,0.017477085550571283
thickness_cm,100,3,1,5.103164637560155,5.102497461371147,0.006077483069408197,0.031010341933181453,0.03171771989946516
thickness_cm,100,3,2,4.86873554825362,4.924542185386454,0.007683074024855522,0.03783562214884791,0.037732638900934895
thickness_cm,100,3,3,5.363660146091208,5.3025772706727095,0.004683731554328933,0.02483584848191716,0.026430327646300978
thickness_cm,100,3,4,5.280134725848564,5.234272052093839,0.005091744756853812,0.02665157727719525,0.027472666182095748
thickness_cm,100,3,5,4.942962434905484,4.979100190940562,0.007133434703834567,0.035518086095924724,0.03576964274987536
thickness_cm,100,3,6,5.048563193764193,5.060374881295134,0.006418549035441937,0.03248026431331149,0.033798985211618573
thickness_cm,100,3,7,5.159156996725346,5.145772328622883,0.005746541998047123,0.029570396798820137,0.029570396798820137
thickness_cm,100,3,8,5.216315743622872,5.190008321531967,0.005427287857222635,0.028167669142334876,0.028084207671632395
thickness_cm,100,3,9,5.274820215551547,5.235358427485477,0.005118876920014056,0.026799155422456488,0.027217644359198885
thickness_cm,100,3,10,5.396061017656803,5.329567962532155,0.004534406759938937,0.02416642899685979,0.024533903214634386
thickness_cm,100,4,1,4.3667450889997035,3.8053571739571503,0.01269248631930767,0.04829944387053043,0.0490512172536241
thickness_cm,100,4,2,4.164163583627438,3.68746390321214,0.015542709641658879,0.05731318076172441,0.057705084942415996
thickness_cm,100,4,3,4.5918709764520305,3.9373414606333643,0.010133880373663789,0.039900547352325164,0.0401796496771616
thickness_cm,100,4,4,4.519916449086162,3.893150161315849,0.010889933494440618,0.042396146340600356,0.04298678983162858
thickness_cm,100,4,5,4.228511589075066,3.72398839073975,0.014574066612936212,0.05427365487244225,0.0558808368495421
thickness_cm,100,4,6,4.3196312007273665,3.7776086801043762,0.013304789434409424,0.05026028805438604,0.05232942894763369
thickness_cm,100,4,7,4.415077663227718,3.833845939120004,0.012093614859440336,0.04636505621814667,0.047181167459082976
thickness_cm,100,4,8,4.464398384180637,3.8629275189317562,0.01151161924938824,0.04446855078592636,0.04453964466042466
thickness_cm,100,4,9,4.514880294493771,3.892710839437314,0.010944915215034082,0.04260539009428555,0.04267935587536621
thickness_cm,100,4,10,4.6196371466282375,3.9545747103238584,0.009856371830160028,0.03897775877509933,0.039070492749169246
thickness_cm,100,5,1,3.8819811426470814,3.105596871389837,0.020609953450980267,0.0640062069568545,0.06475864770557008
thickness_cm,100,5,2,3.6998586467080443,3.018035603161262,0.024727021469203705,0.07462703115418969,0.07505946398811286
thickness_cm,100,5,3,4.084103827078033,3.2038315841674825,0.01683822251544884,0.05394682911623503,0.05359052935736428
thickness_cm,100,5,4,4.019864229765013,3.1716355982440145,0.01795540258324739,0.05694799401382996,0.05702099299820525
thickness_cm,100,5,5,3.757802417034364,3.044969994765979,0.023334964590237643,0.07105426700620023,0.07182733187858326
thickness_cm,100,5,6,3.8396575191585036,3.084935913993415,0.02150096375243514,0.06632909526535778,0.06761671896976391
thickness_cm,100,5,7,3.9252782978616936,3.1267304742343685,0.01973664344145655,0.061711164507500076,0.060881307815647136
thickness_cm,100,5,8,3.9695829655100976,3.1483531132498648,0.01888130564915255,0.059445017422731686,0.05966960430207126
thickness_cm,100,5,9,4.014930726359234,3.170481955357008,0.018044204495195722,0.057208824750789845,0.0580360231321385
thickness_cm,100,5,10,4.1089064297162246,3.21633108096945,0.016425727395510487,0.05283057754971175,0.05276148207439621
thickness_cm,100,6,1,3.539857619815227,2.714469797140771,0.02901745829916263,0.07876701414286877,0.07881971266591649
thickness_cm,100,6,2,3.3721065271185755,2.6436541230417623,0.03431727088752193,0.09072299467333839,0.09277786678141539
thickness_cm,100,6,3,3.726160373470519,2.7930843342537797,0.024085136452254446,0.06727181731315655,0.06702522480232322
thickness_cm,100,6,4,3.667327415143603,2.7675257169202805,0.025544649041080628,0.07069547315089363,0.07030085024925146
thickness_cm,100,6,5,3.4254156771284294,2.6658348395261227,0.032535753809113874,0.08673494603458051,0.08801895969903385
thickness_cm,100,6,6,3.500852567462835,2.6979060009845415,0.030171649087436973,0.08140027313259597,0.08231890697297996
thickness_cm,100,6,7,3.5796249016912918,2.7313399992765746,0.027886156343799668,0.07616657424790023,0.07642502829566979
thickness_cm,100,6,8,3.6204540953278213,2.7486489289300975,0.026770517365286718,0.07358275388299991,0.07608947651740279
thickness_cm,100,6,9,3.66224455685178,2.766350073913503,0.0256748194107916,0.07102553857475918,0.07047585013645881
thickness_cm,100,6,10,3.7487068714730163,2.8029218717221656,0.023548176995512635,0.06600370033990711,0.06757800343177237
thickness_cm,100,7,1,3.2860670814274795,2.436134183150512,0.03740065424894042,0.09111301228803721,0.09168481416317391
thickness_cm,100,7,2,3.12879653969413,2.377218806192843,0.04377044155771656,0.10405191682636858,0.10502217907008629
thickness_cm,100,7,3,3.460871047508065,2.501384843647305,0.03140239712227501,0.07854948021585245,0.07920459739335335
thickness_cm,100,7,4,3.4060501305483033,2.480281883716791,0.03317196688921477,0.08227582852257263,0.08449562827186148
thickness_cm,100,7,5,3.1788352967090816,2.3958600212625183,0.04163411828767406,0.09974951952595298,0.10241210276270563
thickness_cm,100,7,6,3.2495194549315856,2.422416263420597,0.03879284506373354,0.09397241878674355,0.09469034645703531
thickness_cm,100,7,7,3.3234553796563744,2.4501601863783202,0.03602812557236374,0.08827467886724427,0.08975504973203985
thickness_cm,100,7,8,3.3617136929048983,2.4645047646537748,0.03467578435308316,0.08545863575628027,0.08704023354623215
thickness_cm,100,7,9,3.4008727461553048,2.4791788999774695,0.03334415627355531,0.08266612867094969,0.08227326732202589
thickness_cm,100,7,10,3.4820233807862726,2.509562399258626,0.030745138930525714,0.07715684462002989,0.07912302323615353
thickness_cm,100,8,1,3.0907204209649857,2.228308671669652,0.04546918564778763,0.10131938067272246,0.10145586380441404
thickness_cm,100,8,2,2.941274147093424,2.178276299143702,0.05279841291797208,0.11500953149162127,0.11692565867488142
thickness_cm,100,8,3,3.256834830247133,2.283275974374943,0.0385100963100947,0.08792917767570438,0.08776178367012852
thickness_cm,100,8,4,3.204918015665797,2.2654465143642737,0.04056222696872944,0.09189155570116064,0.0915366294905951
thickness_cm,100,8,5,2.9890290488823625,2.1944250985015348,0.05033628707829723,0.11045921172999393,0.11156253478940586
thickness_cm,100,8,6,3.056105101666068,2.21679437296893,0.04707067413680251,0.10434600555831795,0.10548467818939107
thickness_cm,100,8,7,3.1262669330320256,2.240133238729203,0.04388130371799742,0.09829996701745737,0.09863558573848448
thickness_cm,100,8,8,3.162504063809888,2.2521818344206985,0.04231963721852668,0.0953115181828399,0.09504858509021717
thickness_cm,100,8,9,3.19973249437197,2.264559924760816,0.040773109555927986,0.0923331499082368,0.092473217735947
thickness_cm,100,8,10,3.276740757451279,2.290151067309548,0.03775109649622663,0.08645571393293915,0.08625923858185162
thickness_cm,100,9,1,2.9371384495221373,2.074011000427983,0.05301722334103475,0.1099583044214533,0.11120224396010396
thickness_cm,100,9,2,2.7936906007869866,2.0299784328167783,0.06119495051534714,0.12422442974344468,0.12451530306435851
thickness_cm,100,9,3,3.096309441925903,2.1225071506646898,0.04521576625893911,0.09597078720738147,0.09673006454032587
thickness_cm,100,9,4,3.046845953002611,2.1069245691668463,0.04750853247585633,0.10009689431844274,0.10045061735400129
thickness_cm,100,9,5,2.8394808223485977,2.0440613299960018,0.0584560071400865,0.11948766370102099,0.11943586235126692
thickness_cm,100,9,6,2.9038539668308645,2.063814769841943,0.05481157049854061,0.11312092875312102,0.11600883955895734
thickness_cm,100,9,7,2.971053576688425,2.0843938654691576,0.05124928682406591,0.10682369906575231,0.10681152623212842
thickness_cm,100,9,8,3.0058944376467784,2.0950583062542028,0.04949446481165629,0.10369378961726687,0.10589423112770507
thickness_cm,100,9,9,3.041555579336312,2.1059691023947766,0.04776053637462809,0.1005822139187686,0.10208662668434364
thickness_cm,100,9,10,3.1154573731632746,2.128564297637256,0.04435821425036024,0.09441931116026096,0.09652743665227653
thickness_cm,100,10,1,2.812511550019426,1.9487099160029473,0.06005397426673284,0.11702777514896812,0.11865160373902775
thickness_cm,100,10,2,2.6738740619041823,1.9095743090864636,0.06898445691206558,0.13173094664556254,0.13177315414907853
thickness_cm,100,10,3,2.9664810138275044,1.9920927971036066,0.05148416399572163,0.1025612322607779,0.10472207056022953
thickness_cm,100,10,4,2.9189159268929505,1.978290851408533,0.05399218706360325,0.10681224971546445,0.10744453823962762
thickness_cm,100,10,5,2.718319662111147,1.9220152201048055,0.06598553932414804,0.1268252108878367,0.12587586015009355
thickness_cm,100,10,6,2.78036431153992,1.9396023880589628,0.062015910149666655,0.12028620742394351,0.12071644916583643
thickness_cm,100,10,7,2.8453982421180837,1.958021642315197,0.058111119835643765,0.11378283029736243,0.11510507265909894
thickness_cm,100,10,8,2.8790501981476253,1.967544436373297,0.056188105064120517,0.1105525935092686,0.11199650675043309
thickness_cm,100,10,9,2.9134944437572257,1.9772854849255923,0.05428569971324788,0.10733832608203442,0.10804622400117218
thickness_cm,100,10,10,2.984732945898261,1.997410934174391,0.050553002133203226,0.10097511921620143,0.1006106651833928
thickness_cm,100,11,1,2.7105683474283433,1.8600502696920809,0.0664990014363143,0.12369148555587049,0.12349539452502145
thickness_cm,100,11,2,2.575865400997931,1.8243807719016858,0.07608794771265796,0.13881338878043403,0.14036811922788117
thickness_cm,100,11,3,2.8601681470007247,1.8995485652522044,0.057259131504739796,0.10876650109741577,0.11109134614297254
thickness_cm,100,11,4,2.814182767624021,1.8870399065638317,0.059953694825436006,0.11313501468154724,0.11139321535089637
thickness_cm,100,11,5,2.618964930074047,1.8356962466286497,0.07287825789412325,0.13378234447707682,0.13602076463334598
thickness_cm,100,11,6,2.6793033329578013,1.8517430411866511,0.06861093648634178,0.1270498241878827,0.1271493976905746
thickness_cm,100,11,7,2.742417554387503,1.8685039653520485,0.06441443310869857,0.12035862368950756,0.12074596115679066
thickness_cm,100,11,8,2.7751444217656496,1.8771854600342244,0.06234047271836294,0.11702462895857114,0.11955313655986587
thickness_cm,100,11,9,2.8085036529911993,1.8860253097926103,0.06029514738741149,0.11371817403033385,0.11590706780828132
thickness_cm,100,11,10,2.8777765963177955,1.904359869952111,0.05625971192718153,0.10713873768919065,0.10904534031360408
thickness_cm,100,12,1,2.6253043337428705,1.7848186749680233,0.07241771452617023,0.12925248928481173,0.1307304135763044
thickness_cm,100,12,2,2.4937054886211514,1.752054300058639,0.08260331313873708,0.14472548998381457,0.1444145867596664
thickness_cm,100,12,3,2.7713159364474826,1.8210586873606194,0.06257959975799332,0.11396112379084425,0.11342622486572482
thickness_cm,100,12,4,2.7266736292428204,1.8096478661381727,0.06543659442380756,0.1184171934663924,0.11910849859479349
thickness_cm,100,12,5,2.5358682450975634,1.7624523435795096,0.0791929305326166,0.13957376601213942,0.14230676365985345
thickness_cm,100,12,6,2.594865961818694,1.777212569995815,0.0746558821424892,0.13267937216775788,0.13333663241911972
thickness_cm,100,12,7,2.6564428517867436,1.7925918140038246,0.07019748099988266,0.12583542980407866,0.13000107107952316
thickness_cm,100,12,8,2.6883059542506214,1.8005375614980905,0.06799603024564695,0.12242940649004756,0.12373542974865333
thickness_cm,100,12,9,2.720919230167962,1.808661748094604,0.06581422818786131,0.11903567700375439,0.11951472660662875
thickness_cm,100,12,10,2.7885048283478557,1.825470133608456,0.06151311786185292,0.11229035948194935,0.11370132222963056
thickness_cm,100,13,1,2.553116804159394,1.7199653445662673,0.07783867960699728,0.13387983139083234,0.13463081635770827
thickness_cm,100,13,2,2.4242245750679485,1.6897349122602563,0.08854675378864131,0.14962054124398033,0.1501383280162387
thickness_cm,100,13,3,2.6962632768201003,1.7534599201290213,0.06745711092064123,0.1182833403270421,0.12052331590852342
thickness_cm,100,13,4,2.652638120104439,1.7429598564049846,0.07046507231363168,0.12281779232133433,0.12481059902319862
thickness_cm,100,13,5,2.4656747720739505,1.6993476259191562,0.08495150012747654,0.14436213005989815,0.14509471959139583
thickness_cm,100,13,6,2.5233580631352623,1.7129526093354568,0.08018987145777333,0.13736144955586768,0.1375939842888231
thickness_cm,100,13,7,2.583695026509177,1.7271640180463577,0.07549453371234989,0.13039144218715845,0.13096547852864085
thickness_cm,100,13,8,2.6148482568872797,1.7344871384446945,0.07317889224641216,0.12692784740703209,0.12884377778146727
thickness_cm,100,13,9,2.6468730935224483,1.7420072075116169,0.07087247855416187,0.12346036845556248,0.12332866671935694
thickness_cm,100,13,10,2.712956295707686,1.7574909649809451,0.06634039470795704,0.1165926443125042,0.11650752709237144
thickness_cm,100,14,1,2.492271123031732,1.663511839841565,0.08272188150353796,0.13760882929510634,0.1381938114348698
thickness_cm,100,14,2,2.3655208105147865,1.635470203618162,0.09390038332435163,0.15357127903530085,0.15664829401026034
thickness_cm,100,14,3,2.6330388037005985,1.6946316735178097,0.07185976240221327,0.12177582941825486,0.12344487111738611
thickness_cm,100,14,4,2.590409399477807,1.6849567283442553,0.07498933320621,0.12635378153985283,0.12746308877537368
thickness_cm,100,14,5,2.4063199970907476,1.64436615496456,0.09014642402254797,0.14823372865376205,0.15164619039886168
thickness_cm,100,14,6,2.463064502806244,1.6570075499542471,0.08517353607824392,0.14113319233795063,0.14340427199789896
thickness_cm,100,14,7,2.522284524651491,1.6701877294740892,0.08027600459613904,0.13407599784767701,0.1337494937955011
thickness_cm,100,14,8,2.552996329553462,1.6770089246521314,0.07784805775615225,0.1305518876239019,0.13232857398977488
thickness_cm,100,14,9,2.5844312021721274,1.6839802962033779,0.07543897692623111,0.12703775070951445,0.13064105494146722
thickness_cm,100,14,10,2.649433278562674,1.698361472267178,0.07069126396522525,0.12005931914440766,0.12168379717001832
thickness_cm,100,15,1,2.4400986201349872,1.6136775830214551,0.08715225607089079,0.14063564193134198,0.14108988980080522
thickness_cm,100,15,2,2.315185185185185,1.587573121297036,0.09874789566147422,0.1567695049368007,0.15888419875311333
thickness_cm,100,15,3,2.578826282206148,1.642716861471638,0.07586299353374862,0.1246214186396027,0.12460620355048163
thickness_cm,100,15,4,2.536931592689295,1.6337358264404442,0.07910876567683141,0.1292428246717216,0.13127910857307407
thickness_cm,100,15,5,2.3553523098769107,1.5958007489921429,0.09486008050352247,0.15137778751697614,0.1517143599827701
thickness_cm,100,15,6,2.411214679591135,1.6075827314014037,0.08970626399897076,0.14421024090328083,0.14529700541189147
thickness_cm,100,15,7,2.469646951630618,1.6199023061303712,0.08461472682019172,0.13706759110861994,0.1391932436075563
thickness_cm,100,15,8,2.4998828643595217,1.6262611853652924,0.08209461426594247,0.13350728470823806,0.13387038078794705
thickness_cm,100,15,9,2.5308306405705245,1.6327587006737814,0.07959287974515146,0.12995596691557804,0.13324389048698812
thickness_cm,100,15,10,2.5949647672022516,1.6461886050947026,0.07464850610382144,0.1228855201354532,0.12425019187411109
areal_mass_g_cm2,1,0.015,1,1.278328,1.2965545240181586,0.27850256767455783,0.36109376406912136,0.36164523954529654
areal_mass_g_cm2,1,0.015,2,1.233549,1.3059223612421058,0.29125706991808115,0.3803591204758776,0.38039578108904465
areal_mass_g_cm2,1,0.015,3,1.323108,1.2869284410670179,0.26630633433034173,0.34271719568601877,0.344132473435038
areal_mass_g_cm2,1,0.015,4,1.324906,1.2856472495218418,0.26582794574143526,0.3417609672885176,0.34270907013482
areal_mass_g_cm2,1,0.015,5,1.296051,1.2946391337838725,0.27361014889697827,0.3542264061624603,0.3547662511740767
areal_mass_g_cm2,1,0.015,6,1.284236,1.2959162604521643,0.2768620254383535,0.35879000066728306,0.3594057229608104
areal_mass_g_cm2,1,0.015,7,1.272421,1.2971927588995524,0.28015255076919415,0.3634118602450379,0.3636462067191486
areal_mass_g_cm2,1,0.015,8,1.266513,1.2978306455226667,0.28181259096932476,0.36574501685413396,0.366532173127029
areal_mass_g_cm2,1,0.015,9,1.260606,1.2984684643859923,0.2834821842331772,0.3680926764420406,0.36878770258355514
areal_mass_g_cm2,1,0.015,10,1.248791,1.2997432073915829,0.28685139063331244,0.37283314650647736,0.3732216588657971
areal_mass_g_cm2,1,0.02,1,0.645581,1.4053003267992583,0.5243578017052879,0.7368801900961818,0.7354759572174255
areal_mass_g_cm2,1,0.02,2,0.627673,1.4157383688202347,0.5338325852203761,0.7557672734229842,0.7536734625137097
areal_mass_g_cm2,1,0.02,3,0.66349,1.3943879276747702,0.5150506673262187,0.7181804326605136,0.7165030632341105
areal_mass_g_cm2,1,0.02,4,0.664506,1.3932663130606295,0.5145276415902805,0.7168740301662712,0.7150869803290945
areal_mass_g_cm2,1,0.02,5,0.65431,1.4023390328286718,0.5198006012918613,0.7289366724793909,0.7263828883598288
areal_mass_g_cm2,1,0.02,6,0.648491,1.4043173653481875,0.5228341385074892,0.7342250599029265,0.7327688776732253
areal_mass_g_cm2,1,0.02,7,0.642672,1.406279737254687,0.5258853793348783,0.7395419530771341,0.7371705974496948
areal_mass_g_cm2,1,0.02,8,0.639762,1.4072545067716815,0.5274179345751316,0.7422112653830659,0.7402856289168886
areal_mass_g_cm2,1,0.02,9,0.636853,1.4082255938363557,0.5289544270916569,0.7448871622035178,0.7431622601728872
areal_mass_g_cm2,1,0.02,10,0.631033,1.4101538366847057,0.5320419177400623,0.7502609515782374,0.7482463787751644
areal_mass_g_cm2,1,0.03,1,0.324216,,,,
areal_mass_g_cm2,1,0.03,2,0.319675,,,,
areal_mass_g_cm2,1,0.03,3,0.328756,,,,
areal_mass_g_cm2,1,0.03,4,0.328914,,,,
areal_mass_g_cm2,1,0.03,5,0.327296,,,,
areal_mass_g_cm2,1,0.03,6,0.325242,,,,
areal_mass_g_cm2,1,0.03,7,0.323189,,,,
areal_mass_g_cm2,1,0.03,8,0.322162,,,,
areal_mass_g_cm2,1,0.03,9,0.321135,,,,
areal_mass_g_cm2,1,0.03,10,0.319082,,,,
areal_mass_g_cm2,1,0.04,1,0.243214,,,,
areal_mass_g_cm2,1,0.04,2,0.241798,,,,
areal_mass_g_cm2,1,0.04,3,0.244631,,,,
areal_mass_g_cm2,1,0.04,4,0.244501,,,,
areal_mass_g_cm2,1,0.04,5,0.244737,,,,
areal_mass_g_cm2,1,0.04,6,0.243722,,,,
areal_mass_g_cm2,1,0.04,7,0.242707,,,,
areal_mass_g_cm2,1,0.04,8,0.242199,,,,
areal_mass_g_cm2,1,0.04,9,0.241692,,,,
areal_mass_g_cm2,1,0.04,10,0.240677,,,,
areal_mass_g_cm2,1,0.05,1,0.211071,,,,
areal_mass_g_cm2,1,0.05,2,0.210729,,,,
areal_mass_g_cm2,1,0.05,3,0.211412,,,,
areal_mass_g_cm2,1,0.05,4,0.211172,,,,
areal_mass_g_cm2,1,0.05,5,0.212007,,,,
areal_mass_g_cm2,1,0.05,6,0.211383,,,,
areal_mass_g_cm2,1,0.05,7,0.210758,,,,
areal_mass_g_cm2,1,0.05,8,0.210446,,,,
areal_mass_g_cm2,1,0.05,9,0.210134,,,,
areal_mass_g_cm2,1,0.05,10,0.20951,,,,
areal_mass_g_cm2,1,0.06,1,0.194087,,,,
areal_mass_g_cm2,1,0.06,2,0.194203,,,,
areal_mass_g_cm2,1,0.06,3,0.19397,,,,
areal_mass_g_cm2,1,0.06,4,0.193684,,,,
areal_mass_g_cm2,1,0.06,5,0.194754,,,,
areal_mass_g_cm2,1,0.06,6,0.194309,,,,
areal_mass_g_cm2,1,0.06,7,0.193864,,,,
areal_mass_g_cm2,1,0.06,8,0.193641,,,,
areal_mass_g_cm2,1,0.06,9,0.193419,,,,
areal_mass_g_cm2,1,0.06,10,0.192974,,,,
areal_mass_g_cm2,1,0.08,1,0.175298,,,,
areal_mass_g_cm2,1,0.08,2,0.175756,,,,
areal_mass_g_cm2,1,0.08,3,0.17484,,,,
areal_mass_g_cm2,1,0.08,4,0.174529,,,,
areal_mass_g_cm2,1,0.08,5,0.17575,,,,
areal_mass_g_cm2,1,0.08,6,0.175448,,,,
areal_mass_g_cm2,1,0.08,7,0.175147,,,,
areal_mass_g_cm2,1,0.08,8,0.174996,,,,
areal_mass_g_cm2,1,0.08,9,0.174846,,,,
areal_mass_g_cm2,1,0.08,10,0.174545,,,,
areal_mass_g_cm2,1,0.1,1,0.16375,,,,
areal_mass_g_cm2,1,0.1,2,0.16431,,,,
areal_mass_g_cm2,1,0.1,3,0.163191,,,,
areal_mass_g_cm2,1,0.1,4,0.16288,,,,
areal_mass_g_cm2,1,0.1,5,0.164117,,,,
areal_mass_g_cm2,1,0.1,6,0.163873,,,,
areal_mass_g_cm2,1,0.1,7,0.163628,,,,
areal_mass_g_cm2,1,0.1,8,0.163506,,,,
areal_mass_g_cm2,1,0.1,9,0.163384,,,,
areal_mass_g_cm2,1,0.1,10,0.16314,,,,
areal_mass_g_cm2,1,0.15,1,0.144968,,,,
areal_mass_g_cm2,1,0.15,2,0.145563,,,,
areal_mass_g_cm2,1,0.15,3,0.144374,,,,
areal_mass_g_cm2,1,0.15,4,0.144087,,,,
areal_mass_g_cm2,1,0.15,5,0.14526,,,,
areal_mass_g_cm2,1,0.15,6,0.145066,,,,
areal_mass_g_cm2,1,0.15,7,0.144871,,,,
areal_mass_g_cm2,1,0.15,8,0.144774,,,,
areal_mass_g_cm2,1,0.15,9,0.144676,,,,
areal_mass_g_cm2,1,0.15,10,0.144482,,,,
areal_mass_g_cm2,1,0.2,1,0.132143,,,,
areal_mass_g_cm2,1,0.2,2,0.132713,,,,
areal_mass_g_cm2,1,0.2,3,0.131573,,,,
areal_mass_g_cm2,1,0.2,4,0.131309,,,,
areal_mass_g_cm2,1,0.2,5,0.132404,,,,
areal_mass_g_cm2,1,0.2,6,0.13223,,,,
areal_mass_g_cm2,1,0.2,7,0.132056,,,,
areal_mass_g_cm2,1,0.2,8,0.131969,,,,
areal_mass_g_cm2,1,0.2,9,0.131882,,,,
areal_mass_g_cm2,1,0.2,10,0.131708,,,,
areal_mass_g_cm2,1,0.3,1,0.114519,,,,
areal_mass_g_cm2,1,0.3,2,0.11503,,,,
areal_mass_g_cm2,1,0.3,3,0.114009,,,,
areal_mass_g_cm2,1,0.3,4,0.113781,,,,
areal_mass_g_cm2,1,0.3,5,0.114745,,,,
areal_mass_g_cm2,1,0.3,6,0.114595,,,,
areal_mass_g_cm2,1,0.3,7,0.114444,,,,
areal_mass_g_cm2,1,0.3,8,0.114368,,,,
areal_mass_g_cm2,1,0.3,9,0.114293,,,,
areal_mass_g_cm2,1,0.3,10,0.114142,,,,
areal_mass_g_cm2,1,0.356,1,0.107296,,,,
areal_mass_g_cm2,1,0.356,2,0.107778,,,,
areal_mass_g_cm2,1,0.356,3,0.106814,,,,
areal_mass_g_cm2,1,0.356,4,0.106601,,,,
areal_mass_g_cm2,1,0.356,5,0.107509,,,,
areal_mass_g_cm2,1,0.356,6,0.107367,,,,
areal_mass_g_cm2,1,0.356,7,0.107225,,,,
areal_mass_g_cm2,1,0.356,8,0.107154,,,,
areal_mass_g_cm2,1,0.356,9,0.107083,,,,
areal_mass_g_cm2,1,0.356,10,0.106941,,,,
areal_mass_g_cm2,1,0.4,1,0.102484,,,,
areal_mass_g_cm2,1,0.4,2,0.102946,,,,
areal_mass_g_cm2,1,0.4,3,0.102022,,,,
areal_mass_g_cm2,1,0.4,4,0.101818,,,,
areal_mass_g_cm2,1,0.4,5,0.102687,,,,
areal_mass_g_cm2,1,0.4,6,0.102552,,,,
areal_mass_g_cm2,1,0.4,7,0.102416,,,,
areal_mass_g_cm2,1,0.4,8,0.102349,,,,
areal_mass_g_cm2,1,0.4,9,0.102281,,,,
areal_mass_g_cm2,1,0.4,10,0.102146,,,,
areal_mass_g_cm2,1,0.5,1,0.093543,,,,
areal_mass_g_cm2,1,0.5,2,0.093966,,,,
areal_mass_g_cm2,1,0.5,3,0.093119,,,,
areal_mass_g_cm2,1,0.5,4,0.092933,,,,
areal_mass_g_cm2,1,0.5,5,0.093726,,,,
areal_mass_g_cm2,1,0.5,6,0.093604,,,,
areal_mass_g_cm2,1,0.5,7,0.093482,,,,
areal_mass_g_cm2,1,0.5,8,0.093421,,,,
areal_mass_g_cm2,1,0.5,9,0.09336,,,,
areal_mass_g_cm2,1,0.5,10,0.093237,,,,
areal_mass_g_cm2,1,0.511,1,0.092688,,,,
areal_mass_g_cm2,1,0.511,2,0.093108,,,,
areal_mass_g_cm2,1,0.511,3,0.092268,,,,
areal_mass_g_cm2,1,0.511,4,0.092083,,,,
areal_mass_g_cm2,1,0.511,5,0.09287,,,,
areal_mass_g_cm2,1,0.511,6,0.092748,,,,
areal_mass_g_cm2,1,0.511,7,0.092627,,,,
areal_mass_g_cm2,1,0.511,8,0.092567,,,,
areal_mass_g_cm2,1,0.511,9,0.092506,,,,
areal_mass_g_cm2,1,0.511,10,0.092385,,,,
areal_mass_g_cm2,1,0.6,1,0.086492,,,,
areal_mass_g_cm2,1,0.6,2,0.086884,,,,
areal_mass_g_cm2,1,0.6,3,0.086099,,,,
areal_mass_g_cm2,1,0.6,4,0.085927,,,,
areal_mass_g_cm2,1,0.6,5,0.086662,,,,
areal_mass_g_cm2,1,0.6,6,0.086548,,,,
areal_mass_g_cm2,1,0.6,7,0.086435,,,,
areal_mass_g_cm2,1,0.6,8,0.086378,,,,
areal_mass_g_cm2,1,0.6,9,0.086321,,,,
areal_mass_g_cm2,1,0.6,10,0.086207,,,,
areal_mass_g_cm2,1,0.662,1,0.082812,,,,
areal_mass_g_cm2,1,0.662,2,0.083189,,,,
areal_mass_g_cm2,1,0.662,3,0.082436,,,,
areal_mass_g_cm2,1,0.662,4,0.082271,,,,
areal_mass_g_cm2,1,0.662,5,0.082977,,,,
areal_mass_g_cm2,1,0.662,6,0.082867,,,,
areal_mass_g_cm2,1,0.662,7,0.082757,,,,
areal_mass_g_cm2,1,0.662,8,0.082702,,,,
areal_mass_g_cm2,1,0.662,9,0.082648,,,,
areal_mass_g_cm2,1,0.662,10,0.082538,,,,
areal_mass_g_cm2,1,0.8,1,0.075953,,,,
areal_mass_g_cm2,1,0.8,2,0.076297,,,,
areal_mass_g_cm2,1,0.8,3,0.075608,,,,
areal_mass_g_cm2,1,0.8,4,0.075456,,,,
areal_mass_g_cm2,1,0.8,5,0.076101,,,,
areal_mass_g_cm2,1,0.8,6,0.076002,,,,
areal_mass_g_cm2,1,0.8,7,0.075903,,,,
areal_mass_g_cm2,1,0.8,8,0.075853,,,,
areal_mass_g_cm2,1,0.8,9,0.075804,,,,
areal_mass_g_cm2,1,0.8,10,0.075705,,,,
areal_mass_g_cm2,1,1,1,0.068285,,,,
areal_mass_g_cm2,1,1,2,0.068595,,,,
areal_mass_g_cm2,1,1,3,0.067975,,,,
areal_mass_g_cm2,1,1,4,0.067838,,,,
areal_mass_g_cm2,1,1,5,0.068418,,,,
areal_mass_g_cm2,1,1,6,0.068329,,,,
areal_mass_g_cm2,1,1,7,0.068241,,,,
areal_mass_g_cm2,1,1,8,0.068197,,,,
areal_mass_g_cm2,1,1,9,0.068153,,,,
areal_mass_g_cm2,1,1,10,0.068065,,,,
areal_mass_g_cm2,1,1.173,1,0.063089,,,,
areal_mass_g_cm2,1,1.173,2,0.063377,,,,
areal_mass_g_cm2,1,1.173,3,0.062802,,,,
areal_mass_g_cm2,1,1.173,4,0.062676,,,,
areal_mass_g_cm2,1,1.173,5,0.063215,,,,
areal_mass_g_cm2,1,1.173,6,0.063131,,,,
areal_mass_g_cm2,1,1.173,7,0.063047,,,,
areal_mass_g_cm2,1,1.173,8,0.063005,,,,
areal_mass_g_cm2,1,1.173,9,0.062963,,,,
areal_mass_g_cm2,1,1.173,10,0.06288,,,,
areal_mass_g_cm2,1,1.33,1,0.059148,,,,
areal_mass_g_cm2,1,1.33,2,0.059417,,,,
areal_mass_g_cm2,1,1.33,3,0.058879,,,,
areal_mass_g_cm2,1,1.33,4,0.058761,,,,
areal_mass_g_cm2,1,1.33,5,0.059263,,,,
areal_mass_g_cm2,1,1.33,6,0.059187,,,,
areal_mass_g_cm2,1,1.33,7,0.05911,,,,
areal_mass_g_cm2,1,1.33,8,0.059071,,,,
areal_mass_g_cm2,1,1.33,9,0.059033,,,,
areal_mass_g_cm2,1,1.33,10,0.058956,,,,
areal_mass_g_cm2,1,1.5,1,0.055574,,,,
areal_mass_g_cm2,1,1.5,2,0.055826,,,,
areal_mass_g_cm2,1,1.5,3,0.055322,,,,
areal_mass_g_cm2,1,1.5,4,0.055211,,,,
areal_mass_g_cm2,1,1.5,5,0.055683,,,,
areal_mass_g_cm2,1,1.5,6,0.05561,,,,
areal_mass_g_cm2,1,1.5,7,0.055538,,,,
areal_mass_g_cm2,1,1.5,8,0.055502,,,,
areal_mass_g_cm2,1,1.5,9,0.055466,,,,
areal_mass_g_cm2,1,1.5,10,0.055394,,,,
areal_mass_g_cm2,1,2,1,0.04769,,,,
areal_mass_g_cm2,1,2,2,0.047899,,,,
areal_mass_g_cm2,1,2,3,0.04748,,,,
areal_mass_g_cm2,1,2,4,0.047383,,,,
areal_mass_g_cm2,1,2,5,0.047778,,,,
areal_mass_g_cm2,1,2,6,0.047719,,,,
areal_mass_g_cm2,1,2,7,0.04766,,,,
areal_mass_g_cm2,1,2,8,0.047631,,,,
areal_mass_g_cm2,1,2,9,0.047601,,,,
areal_mass_g_cm2,1,2,10,0.047542,,,,
areal_mass_g_cm2,1,2.51,1,0.04214,,,,
areal_mass_g_cm2,1,2.51,2,0.042321,,,,
areal_mass_g_cm2,1,2.51,3,0.041959,,,,
areal_mass_g_cm2,1,2.51,4,0.041874,,,,
areal_mass_g_cm2,1,2.51,5,0.042217,,,,
areal_mass_g_cm2,1,2.51,6,0.042165,,,,
areal_mass_g_cm2,1,2.51,7,0.042114,,,,
areal_mass_g_cm2,1,2.51,8,0.042089,,,,
areal_mass_g_cm2,1,2.51,9,0.042063,,,,
areal_mass_g_cm2,1,2.51,10,0.042012,,,,
areal_mass_g_cm2,1,3,1,0.038245,,,,
areal_mass_g_cm2,1,3,2,0.0384,,,,
areal_mass_g_cm2,1,3,3,0.038091,,,,
areal_mass_g_cm2,1,3,4,0.038013,,,,
areal_mass_g_cm2,1,3,5,0.038308,,,,
areal_mass_g_cm2,1,3,6,0.038266,,,,
areal_mass_g_cm2,1,3,7,0.038225,,,,
areal_mass_g_cm2,1,3,8,0.038204,,,,
areal_mass_g_cm2,1,3,9,0.038183,,,,
areal_mass_g_cm2,1,3,10,0.038141,,,,
areal_mass_g_cm2,1,4,1,0.032726,,,,
areal_mass_g_cm2,1,4,2,0.032843,,,,
areal_mass_g_cm2,1,4,3,0.03261,,,,
areal_mass_g_cm2,1,4,4,0.03254,,,,
areal_mass_g_cm2,1,4,5,0.032771,,,,
areal_mass_g_cm2,1,4,6,0.032741,,,,
areal_mass_g_cm2,1,4,7,0.032712,,,,
areal_mass_g_cm2,1,4,8,0.032697,,,,
areal_mass_g_cm2,1,4,9,0.032682,,,,
areal_mass_g_cm2,1,4,10,0.032653,,,,
areal_mass_g_cm2,1,5,1,0.029093,,,,
areal_mass_g_cm2,1,5,2,0.029181,,,,
areal_mass_g_cm2,1,5,3,0.029004,,,,
areal_mass_g_cm2,1,5,4,0.02894,,,,
areal_mass_g_cm2,1,5,5,0.029123,,,,
areal_mass_g_cm2,1,5,6,0.029103,,,,
areal_mass_g_cm2,1,5,7,0.029083,,,,
areal_mass_g_cm2,1,5,8,0.029073,,,,
areal_mass_g_cm2,1,5,9,0.029063,,,,
areal_mass_g_cm2,1,5,10,0.029043,,,,
areal_mass_g_cm2,1,6,1,0.026529,,,,
areal_mass_g_cm2,1,6,2,0.026596,,,,
areal_mass_g_cm2,1,6,3,0.026462,,,,
areal_mass_g_cm2,1,6,4,0.026402,,,,
areal_mass_g_cm2,1,6,5,0.026547,,,,
areal_mass_g_cm2,1,6,6,0.026535,,,,
areal_mass_g_cm2,1,6,7,0.026522,,,,
areal_mass_g_cm2,1,6,8,0.026516,,,,
areal_mass_g_cm2,1,6,9,0.02651,,,,
areal_mass_g_cm2,1,6,10,0.026497,,,,
areal_mass_g_cm2,1,7,1,0.024627,,,,
areal_mass_g_cm2,1,7,2,0.024677,,,,
areal_mass_g_cm2,1,7,3,0.024578,,,,
areal_mass_g_cm2,1,7,4,0.024521,,,,
areal_mass_g_cm2,1,7,5,0.024636,,,,
areal_mass_g_cm2,1,7,6,0.02463,,,,
areal_mass_g_cm2,1,7,7,0.024624,,,,
areal_mass_g_cm2,1,7,8,0.024621,,,,
areal_mass_g_cm2,1,7,9,0.024618,,,,
areal_mass_g_cm2,1,7,10,0.024612,,,,
areal_mass_g_cm2,1,8,1,0.023163,,,,
areal_mass_g_cm2,1,8,2,0.023198,,,,
areal_mass_g_cm2,1,8,3,0.023129,,,,
areal_mass_g_cm2,1,8,4,0.023073,,,,
areal_mass_g_cm2,1,8,5,0.023165,,,,
areal_mass_g_cm2,1,8,6,0.023164,,,,
areal_mass_g_cm2,1,8,7,0.023163,,,,
areal_mass_g_cm2,1,8,8,0.023162,,,,
areal_mass_g_cm2,1,8,9,0.023162,,,,
areal_mass_g_cm2,1,8,10,0.023161,,,,
areal_mass_g_cm2,1,9,1,0.022012,,,,
areal_mass_g_cm2,1,9,2,0.022034,,,,
areal_mass_g_cm2,1,9,3,0.021989,,,,
areal_mass_g_cm2,1,9,4,0.021935,,,,
areal_mass_g_cm2,1,9,5,0.022006,,,,
areal_mass_g_cm2,1,9,6,0.02201,,,,
areal_mass_g_cm2,1,9,7,0.022013,,,,
areal_mass_g_cm2,1,9,8,0.022015,,,,
areal_mass_g_cm2,1,9,9,0.022017,,,,
areal_mass_g_cm2,1,9,10,0.022021,,,,
areal_mass_g_cm2,1,10,1,0.021078,,,,
areal_mass_g_cm2,1,10,2,0.021089,,,,
areal_mass_g_cm2,1,10,3,0.021067,,,,
areal_mass_g_cm2,1,10,4,0.021014,,,,
areal_mass_g_cm2,1,10,5,0.021067,,,,
areal_mass_g_cm2,1,10,6,0.021074,,,,
areal_mass_g_cm2,1,10,7,0.021082,,,,
areal_mass_g_cm2,1,10,8,0.021086,,,,
areal_mass_g_cm2,1,10,9,0.02109,,,,
areal_mass_g_cm2,1,10,10,0.021097,,,,
areal_mass_g_cm2,1,11,1,0.020314,,,,
areal_mass_g_cm2,1,11,2,0.020316,,,,
areal_mass_g_cm2,1,11,3,0.020312,,,,
areal_mass_g_cm2,1,11,4,0.02026,,,,
areal_mass_g_cm2,1,11,5,0.020297,,,,
areal_mass_g_cm2,1,11,6,0.020308,,,,
areal_mass_g_cm2,1,11,7,0.020319,,,,
areal_mass_g_cm2,1,11,8,0.020325,,,,
areal_mass_g_cm2,1,11,9,0.02033,,,,
areal_mass_g_cm2,1,11,10,0.020341,,,,
areal_mass_g_cm2,1,12,1,0.019675,,,,
areal_mass_g_cm2,1,12,2,0.019668,,,,
areal_mass_g_cm2,1,12,3,0.019681,,,,
areal_mass_g_cm2,1,12,4,0.01963,,,,
areal_mass_g_cm2,1,12,5,0.019653,,,,
areal_mass_g_cm2,1,12,6,0.019668,,,,
areal_mass_g_cm2,1,12,7,0.019682,,,,
areal_mass_g_cm2,1,12,8,0.019689,,,,
areal_mass_g_cm2,1,12,9,0.019696,,,,
areal_mass_g_cm2,1,12,10,0.01971,,,,
areal_mass_g_cm2,1,13,1,0.019134,,,,
areal_mass_g_cm2,1,13,2,0.01912,,,,
areal_mass_g_cm2,1,13,3,0.019148,,,,
areal_mass_g_cm2,1,13,4,0.019097,,,,
areal_mass_g_cm2,1,13,5,0.019109,,,,
areal_mass_g_cm2,1,13,6,0.019126,,,,
areal_mass_g_cm2,1,13,7,0.019143,,,,
areal_mass_g_cm2,1,13,8,0.019151,,,,
areal_mass_g_cm2,1,13,9,0.01916,,,,
areal_mass_g_cm2,1,13,10,0.019176,,,,
areal_mass_g_cm2,1,14,1,0.018678,,,,
areal_mass_g_cm2,1,14,2,0.018657,,,,
areal_mass_g_cm2,1,14,3,0.018699,,,,
areal_mass_g_cm2,1,14,4,0.018649,,,,
areal_mass_g_cm2,1,14,5,0.018649,,,,
areal_mass_g_cm2,1,14,6,0.018669,,,,
areal_mass_g_cm2,1,14,7,0.018688,,,,
areal_mass_g_cm2,1,14,8,0.018698,,,,
areal_mass_g_cm2,1,14,9,0.018708,,,,
areal_mass_g_cm2,1,14,10,0.018727,,,,
areal_mass_g_cm2,1,15,1,0.018287,,,,
areal_mass_g_cm2,1,15,2,0.01826,,,,
areal_mass_g_cm2,1,15,3,0.018314,,,,
areal_mass_g_cm2,1,15,4,0.018264,,,,
areal_mass_g_cm2,1,15,5,0.018254,,,,
areal_mass_g_cm2,1,15,6,0.018276,,,,
areal_mass_g_cm2,1,15,7,0.018298,,,,
areal_mass_g_cm2,1,15,8,0.018309,,,,
areal_mass_g_cm2,1,15,9,0.01832,,,,
areal_mass_g_cm2,1,15,10,0.018342,,,,
areal_mass_g_cm2,2,0.015,1,2.556656,1.4447652965481605,0.07756368020132166,0.11206131342742918,0.11242367734387143
areal_mass_g_cm2,2,0.015,2,2.467098,1.4624857944456737,0.08483068077726601,0.12406366556990722,0.12408907117841447
areal_mass_g_cm2,2,0.015,3,2.646216,1.4269950360258408,0.07091906370446374,0.10120115186587013,0.1020837877058077
areal_mass_g_cm2,2,0.015,4,2.649812,1.424866126790892,0.07066449673711145,0.10068744776743561,0.10127674060747188
areal_mass_g_cm2,2,0.015,5,2.592102,1.4407236475274834,0.07486251357942661,0.10785619362722726,0.10820377672818927
areal_mass_g_cm2,2,0.015,6,2.568472,1.4434145110347407,0.07665258112982748,0.11064144791106073,0.11104333576380086
areal_mass_g_cm2,2,0.015,7,2.544842,1.4461198946294376,0.07848545170248589,0.1134993731459427,0.11365432808090344
areal_mass_g_cm2,2,0.015,8,2.533026,1.4474779340044586,0.07941833642884394,0.11495628953609405,0.11548077646248932
areal_mass_g_cm2,2,0.015,9,2.521212,1.448839786436758,0.08036214877761302,0.11643187847255582,0.11689806826968331
areal_mass_g_cm2,2,0.015,10,2.497582,1.4515741707324163,0.08228372030826522,0.11944092307124818,0.11970496405980079
areal_mass_g_cm2,2,0.02,1,1.291162,1.6931706933374482,0.27495110420920205,0.4655391517477916,0.46341246415715476
areal_mass_g_cm2,2,0.02,2,1.255346,1.7167942902744864,0.28497722904307016,0.48924727967938736,0.4859563021136443
areal_mass_g_cm2,2,0.02,3,1.32698,1.6690990678376447,0.2652771899131833,0.44277391040268405,0.4403262217880038
areal_mass_g_cm2,2,0.02,4,1.329012,1.666797161551707,0.2647386939604562,0.4412657036461944,0.4386648448262323
areal_mass_g_cm2,2,0.02,5,1.30862,1.6858889212559545,0.27019266510338064,0.45551482070240973,0.4517129660860291
areal_mass_g_cm2,2,0.02,6,1.296982,1.6907440601820898,0.27335553638886834,0.46217424946736824,0.45998073324869676
areal_mass_g_cm2,2,0.02,7,1.285344,1.6955976300247704,0.2765554321981889,0.46892673540572516,0.4653198726212964
areal_mass_g_cm2,2,0.02,8,1.279524,1.698023184646409,0.27816967771149786,0.4723385620197428,0.4693924136701548
areal_mass_g_cm2,2,0.02,9,1.273706,1.7004488658339563,0.27979278593986295,0.4757733255199629,0.47311940699328775
areal_mass_g_cm2,2,0.02,10,1.262066,1.7052961479791073,0.28306860223252317,0.4827157970009519,0.4795832307319669
areal_mass_g_cm2,2,0.03,1,0.648432,2.1102814983510667,0.5228649866316718,1.1033923074243948,1.102987908641622
areal_mass_g_cm2,2,0.03,2,0.63935,2.144918368889174,0.5276352755333397,1.1317345945653607,1.1310225797466384
areal_mass_g_cm2,2,0.03,3,0.657512,2.0837862040782307,0.5181388616315117,1.0796906116645433,1.0792783842435298
areal_mass_g_cm2,2,0.03,4,0.657828,2.0787097101384875,0.5179751556181486,1.0767199855939396,1.075983584573295
areal_mass_g_cm2,2,0.03,5,0.654592,2.0954262331789835,0.519654038188666,1.088896703797924,1.0880889152361553
areal_mass_g_cm2,2,0.03,6,0.650484,2.1051745765762258,0.5217931677413777,1.0984657109603224,1.0982061777547052
areal_mass_g_cm2,2,0.03,7,0.646378,2.115369175090067,0.5239400550314913,1.1083266420086102,1.107630161966143
areal_mass_g_cm2,2,0.03,8,0.644324,2.1204405155641086,0.5250173338911691,1.1132680261562844,1.1130121153640002
areal_mass_g_cm2,2,0.03,9,0.64227,2.1254952552462227,0.526096827755656,1.118216311194736,1.117604417617994
areal_mass_g_cm2,2,0.03,10,0.638164,2.13555723024556,0.5282614222017019,1.128132499642647,1.1276419423198867
areal_mass_g_cm2,2,0.04,1,0.486428,,,,
areal_mass_g_cm2,2,0.04,2,0.483596,,,,
areal_mass_g_cm2,2,0.04,3,0.489262,,,,
areal_mass_g_cm2,2,0.04,4,0.489002,,,,
areal_mass_g_cm2,2,0.04,5,0.489474,,,,
areal_mass_g_cm2,2,0.04,6,0.487444,,,,
areal_mass_g_cm2,2,0.04,7,0.485414,,,,
areal_mass_g_cm2,2,0.04,8,0.484398,,,,
areal_mass_g_cm2,2,0.04,9,0.483384,,,,
areal_mass_g_cm2,2,0.04,10,0.481354,,,,
areal_mass_g_cm2,2,0.05,1,0.422142,,,,
areal_mass_g_cm2,2,0.05,2,0.421458,,,,
areal_mass_g_cm2,2,0.05,3,0.422824,,,,
areal_mass_g_cm2,2,0.05,4,0.422344,,,,
areal_mass_g_cm2,2,0.05,5,0.424014,,,,
areal_mass_g_cm2,2,0.05,6,0.422766,,,,
areal_mass_g_cm2,2,0.05,7,0.421516,,,,
areal_mass_g_cm2,2,0.05,8,0.420892,,,,
areal_mass_g_cm2,2,0.05,9,0.420268,,,,
areal_mass_g_cm2,2,0.05,10,0.41902,,,,
areal_mass_g_cm2,2,0.06,1,0.388174,,,,
areal_mass_g_cm2,2,0.06,2,0.388406,,,,
areal_mass_g_cm2,2,0.06,3,0.38794,,,,
areal_mass_g_cm2,2,0.06,4,0.387368,,,,
areal_mass_g_cm2,2,0.06,5,0.389508,,,,
areal_mass_g_cm2,2,0.06,6,0.388618,,,,
areal_mass_g_cm2,2,0.06,7,0.387728,,,,
areal_mass_g_cm2,2,0.06,8,0.387282,,,,
areal_mass_g_cm2,2,0.06,9,0.386838,,,,
areal_mass_g_cm2,2,0.06,10,0.385948,,,,
areal_mass_g_cm2,2,0.08,1,0.350596,,,,
areal_mass_g_cm2,2,0.08,2,0.351512,,,,
areal_mass_g_cm2,2,0.08,3,0.34968,,,,
areal_mass_g_cm2,2,0.08,4,0.349058,,,,
areal_mass_g_cm2,2,0.08,5,0.3515,,,,
areal_mass_g_cm2,2,0.08,6,0.350896,,,,
areal_mass_g_cm2,2,0.08,7,0.350294,,,,
areal_mass_g_cm2,2,0.08,8,0.349992,,,,
areal_mass_g_cm2,2,0.08,9,0.349692,,,,
areal_mass_g_cm2,2,0.08,10,0.34909,,,,
areal_mass_g_cm2,2,0.1,1,0.3275,,,,
areal_mass_g_cm2,2,0.1,2,0.32862,,,,
areal_mass_g_cm2,2,0.1,3,0.326382,,,,
areal_mass_g_cm2,2,0.1,4,0.32576,,,,
areal_mass_g_cm2,2,0.1,5,0.328234,,,,
areal_mass_g_cm2,2,0.1,6,0.327746,,,,
areal_mass_g_cm2,2,0.1,7,0.327256,,,,
areal_mass_g_cm2,2,0.1,8,0.327012,,,,
areal_mass_g_cm2,2,0.1,9,0.326768,,,,
areal_mass_g_cm2,2,0.1,10,0.32628,,,,
areal_mass_g_cm2,2,0.15,1,0.289936,,,,
areal_mass_g_cm2,2,0.15,2,0.291126,,,,
areal_mass_g_cm2,2,0.15,3,0.288748,,,,
areal_mass_g_cm2,2,0.15,4,0.288174,,,,
areal_mass_g_cm2,2,0.15,5,0.29052,,,,
areal_mass_g_cm2,2,0.15,6,0.290132,,,,
areal_mass_g_cm2,2,0.15,7,0.289742,,,,
areal_mass_g_cm2,2,0.15,8,0.289548,,,,
areal_mass_g_cm2,2,0.15,9,0.289352,,,,
areal_mass_g_cm2,2,0.15,10,0.288964,,,,
areal_mass_g_cm2,2,0.2,1,0.264286,,,,
areal_mass_g_cm2,2,0.2,2,0.265426,,,,
areal_mass_g_cm2,2,0.2,3,0.263146,,,,
areal_mass_g_cm2,2,0.2,4,0.262618,,,,
areal_mass_g_cm2,2,0.2,5,0.264808,,,,
areal_mass_g_cm2,2,0.2,6,0.26446,,,,
areal_mass_g_cm2,2,0.2,7,0.264112,,,,
areal_mass_g_cm2,2,0.2,8,0.263938,,,,
areal_mass_g_cm2,2,0.2,9,0.263764,,,,
areal_mass_g_cm2,2,0.2,10,0.263416,,,,
areal_mass_g_cm2,2,0.3,1,0.229038,,,,
areal_mass_g_cm2,2,0.3,2,0.23006,,,,
areal_mass_g_cm2,2,0.3,3,0.228018,,,,
areal_mass_g_cm2,2,0.3,4,0.227562,,,,
areal_mass_g_cm2,2,0.3,5,0.22949,,,,
areal_mass_g_cm2,2,0.3,6,0.22919,,,,
areal_mass_g_cm2,2,0.3,7,0.228888,,,,
areal_mass_g_cm2,2,0.3,8,0.228736,,,,
areal_mass_g_cm2,2,0.3,9,0.228586,,,,
areal_mass_g_cm2,2,0.3,10,0.228284,,,,
areal_mass_g_cm2,2,0.356,1,0.214592,,,,
areal_mass_g_cm2,2,0.356,2,0.215556,,,,
areal_mass_g_cm2,2,0.356,3,0.213628,,,,
areal_mass_g_cm2,2,0.356,4,0.213202,,,,
areal_mass_g_cm2,2,0.356,5,0.215018,,,,
areal_mass_g_cm2,2,0.356,6,0.214734,,,,
areal_mass_g_cm2,2,0.356,7,0.21445,,,,
areal_mass_g_cm2,2,0.356,8,0.214308,,,,
areal_mass_g_cm2,2,0.356,9,0.214166,,,,
areal_mass_g_cm2,2,0.356,10,0.213882,,,,
areal_mass_g_cm2,2,0.4,1,0.204968,,,,
areal_mass_g_cm2,2,0.4,2,0.205892,,,,
areal_mass_g_cm2,2,0.4,3,0.204044,,,,
areal_mass_g_cm2,2,0.4,4,0.203636,,,,
areal_mass_g_cm2,2,0.4,5,0.205374,,,,
areal_mass_g_cm2,2,0.4,6,0.205104,,,,
areal_mass_g_cm2,2,0.4,7,0.204832,,,,
areal_mass_g_cm2,2,0.4,8,0.204698,,,,
areal_mass_g_cm2,2,0.4,9,0.204562,,,,
areal_mass_g_cm2,2,0.4,10,0.204292,,,,
areal_mass_g_cm2,2,0.5,1,0.187086,,,,
areal_mass_g_cm2,2,0.5,2,0.187932,,,,
areal_mass_g_cm2,2,0.5,3,0.186238,,,,
areal_mass_g_cm2,2,0.5,4,0.185866,,,,
areal_mass_g_cm2,2,0.5,5,0.187452,,,,
areal_mass_g_cm2,2,0.5,6,0.187208,,,,
areal_mass_g_cm2,2,0.5,7,0.186964,,,,
areal_mass_g_cm2,2,0.5,8,0.186842,,,,
areal_mass_g_cm2,2,0.5,9,0.18672,,,,
areal_mass_g_cm2,2,0.5,10,0.186474,,,,
areal_mass_g_cm2,2,0.511,1,0.185376,,,,
areal_mass_g_cm2,2,0.511,2,0.186216,,,,
areal_mass_g_cm2,2,0.511,3,0.184536,,,,
areal_mass_g_cm2,2,0.511,4,0.184166,,,,
areal_mass_g_cm2,2,0.511,5,0.18574,,,,
areal_mass_g_cm2,2,0.511,6,0.185496,,,,
areal_mass_g_cm2,2,0.511,7,0.185254,,,,
areal_mass_g_cm2,2,0.511,8,0.185134,,,,
areal_mass_g_cm2,2,0.511,9,0.185012,,,,
areal_mass_g_cm2,2,0.511,10,0.18477,,,,
areal_mass_g_cm2,2,0.6,1,0.172984,,,,
areal_mass_g_cm2,2,0.6,2,0.173768,,,,
areal_mass_g_cm2,2,0.6,3,0.172198,,,,
areal_mass_g_cm2,2,0.6,4,0.171854,,,,
areal_mass_g_cm2,2,0.6,5,0.173324,,,,
areal_mass_g_cm2,2,0.6,6,0.173096,,,,
areal_mass_g_cm2,2,0.6,7,0.17287,,,,
areal_mass_g_cm2,2,0.6,8,0.172756,,,,
areal_mass_g_cm2,2,0.6,9,0.172642,,,,
areal_mass_g_cm2,2,0.6,10,0.172414,,,,
areal_mass_g_cm2,2,0.662,1,0.165624,,,,
areal_mass_g_cm2,2,0.662,2,0.166378,,,,
areal_mass_g_cm2,2,0.662,3,0.164872,,,,
areal_mass_g_cm2,2,0.662,4,0.164542,,,,
areal_mass_g_cm2,2,0.662,5,0.165954,,,,
areal_mass_g_cm2,2,0.662,6,0.165734,,,,
areal_mass_g_cm2,2,0.662,7,0.165514,,,,
areal_mass_g_cm2,2,0.662,8,0.165404,,,,
areal_mass_g_cm2,2,0.662,9,0.165296,,,,
areal_mass_g_cm2,2,0.662,10,0.165076,,,,
areal_mass_g_cm2,2,0.8,1,0.151906,,,,
areal_mass_g_cm2,2,0.8,2,0.152594,,,,
areal_mass_g_cm2,2,0.8,3,0.151216,,,,
areal_mass_g_cm2,2,0.8,4,0.150912,,,,
areal_mass_g_cm2,2,0.8,5,0.152202,,,,
areal_mass_g_cm2,2,0.8,6,0.152004,,,,
areal_mass_g_cm2,2,0.8,7,0.151806,,,,
areal_mass_g_cm2,2,0.8,8,0.151706,,,,
areal_mass_g_cm2,2,0.8,9,0.151608,,,,
areal_mass_g_cm2,2,0.8,10,0.15141,,,,
areal_mass_g_cm2,2,1,1,0.13657,,,,
areal_mass_g_cm2,2,1,2,0.13719,,,,
areal_mass_g_cm2,2,1,3,0.13595,,,,
areal_mass_g_cm2,2,1,4,0.135676,,,,
areal_mass_g_cm2,2,1,5,0.136836,,,,
areal_mass_g_cm2,2,1,6,0.136658,,,,
areal_mass_g_cm2,2,1,7,0.136482,,,,
areal_mass_g_cm2,2,1,8,0.136394,,,,
areal_mass_g_cm2,2,1,9,0.136306,,,,
areal_mass_g_cm2,2,1,10,0.13613,,,,
areal_mass_g_cm2,2,1.173,1,0.126178,,,,
areal_mass_g_cm2,2,1.173,2,0.126754,,,,
areal_mass_g_cm2,2,1.173,3,0.125604,,,,
areal_mass_g_cm2,2,1.173,4,0.125352,,,,
areal_mass_g_cm2,2,1.173,5,0.12643,,,,
areal_mass_g_cm2,2,1.173,6,0.126262,,,,
areal_mass_g_cm2,2,1.173,7,0.126094,,,,
areal_mass_g_cm2,2,1.173,8,0.12601,,,,
areal_mass_g_cm2,2,1.173,9,0.125926,,,,
areal_mass_g_cm2,2,1.173,10,0.12576,,,,
areal_mass_g_cm2,2,1.33,1,0.118296,,,,
areal_mass_g_cm2,2,1.33,2,0.118834,,,,
areal_mass_g_cm2,2,1.33,3,0.117758,,,,
areal_mass_g_cm2,2,1.33,4,0.117522,,,,
areal_mass_g_cm2,2,1.33,5,0.118526,,,,
areal_mass_g_cm2,2,1.33,6,0.118374,,,,
areal_mass_g_cm2,2,1.33,7,0.11822,,,,
areal_mass_g_cm2,2,1.33,8,0.118142,,,,
areal_mass_g_cm2,2,1.33,9,0.118066,,,,
areal_mass_g_cm2,2,1.33,10,0.117912,,,,
areal_mass_g_cm2,2,1.5,1,0.111148,,,,
areal_mass_g_cm2,2,1.5,2,0.111652,,,,
areal_mass_g_cm2,2,1.5,3,0.110644,,,,
areal_mass_g_cm2,2,1.5,4,0.110422,,,,
areal_mass_g_cm2,2,1.5,5,0.111366,,,,
areal_mass_g_cm2,2,1.5,6,0.11122,,,,
areal_mass_g_cm2,2,1.5,7,0.111076,,,,
areal_mass_g_cm2,2,1.5,8,0.111004,,,,
areal_mass_g_cm2,2,1.5,9,0.110932,,,,
areal_mass_g_cm2,2,1.5,10,0.110788,,,,
areal_mass_g_cm2,2,2,1,0.09538,,,,
areal_mass_g_cm2,2,2,2,0.095798,,,,
areal_mass_g_cm2,2,2,3,0.09496,,,,
areal_mass_g_cm2,2,2,4,0.094766,,,,
areal_mass_g_cm2,2,2,5,0.095556,,,,
areal_mass_g_cm2,2,2,6,0.095438,,,,
areal_mass_g_cm2,2,2,7,0.09532,,,,
areal_mass_g_cm2,2,2,8,0.095262,,,,
areal_mass_g_cm2,2,2,9,0.095202,,,,
areal_mass_g_cm2,2,2,10,0.095084,,,,
areal_mass_g_cm2,2,2.51,1,0.08428,,,,
areal_mass_g_cm2,2,2.51,2,0.084642,,,,
areal_mass_g_cm2,2,2.51,3,0.083918,,,,
areal_mass_g_cm2,2,2.51,4,0.083748,,,,
areal_mass_g_cm2,2,2.51,5,0.084434,,,,
areal_mass_g_cm2,2,2.51,6,0.08433,,,,
areal_mass_g_cm2,2,2.51,7,0.084228,,,,
areal_mass_g_cm2,2,2.51,8,0.084178,,,,
areal_mass_g_cm2,2,2.51,9,0.084126,,,,
areal_mass_g_cm2,2,2.51,10,0.084024,,,,
areal_mass_g_cm2,2,3,1,0.07649,,,,
areal_mass_g_cm2,2,3,2,0.0768,,,,
areal_mass_g_cm2,2,3,3,0.076182,,,,
areal_mass_g_cm2,2,3,4,0.076026,,,,
areal_mass_g_cm2,2,3,5,0.076616,,,,
areal_mass_g_cm2,2,3,6,0.076532,,,,
areal_mass_g_cm2,2,3,7,0.07645,,,,
areal_mass_g_cm2,2,3,8,0.076408,,,,
areal_mass_g_cm2,2,3,9,0.076366,,,,
areal_mass_g_cm2,2,3,10,0.076282,,,,
areal_mass_g_cm2,2,4,1,0.065452,,,,
areal_mass_g_cm2,2,4,2,0.065686,,,,
areal_mass_g_cm2,2,4,3,0.06522,,,,
areal_mass_g_cm2,2,4,4,0.06508,,,,
areal_mass_g_cm2,2,4,5,0.065542,,,,
areal_mass_g_cm2,2,4,6,0.065482,,,,
areal_mass_g_cm2,2,4,7,0.065424,,,,
areal_mass_g_cm2,2,4,8,0.065394,,,,
areal_mass_g_cm2,2,4,9,0.065364,,,,
areal_mass_g_cm2,2,4,10,0.065306,,,,
areal_mass_g_cm2,2,5,1,0.058186,,,,
areal_mass_g_cm2,2,5,2,0.058362,,,,
areal_mass_g_cm2,2,5,3,0.058008,,,,
areal_mass_g_cm2,2,5,4,0.05788,,,,
areal_mass_g_cm2,2,5,5,0.058246,,,,
areal_mass_g_cm2,2,5,6,0.058206,,,,
areal_mass_g_cm2,2,5,7,0.058166,,,,
areal_mass_g_cm2,2,5,8,0.058146,,,,
areal_mass_g_cm2,2,5,9,0.058126,,,,
areal_mass_g_cm2,2,5,10,0.058086,,,,
areal_mass_g_cm2,2,6,1,0.053058,,,,
areal_mass_g_cm2,2,6,2,0.053192,,,,
areal_mass_g_cm2,2,6,3,0.052924,,,,
areal_mass_g_cm2,2,6,4,0.052804,,,,
areal_mass_g_cm2,2,6,5,0.053094,,,,
areal_mass_g_cm2,2,6,6,0.05307,,,,
areal_mass_g_cm2,2,6,7,0.053044,,,,
areal_mass_g_cm2,2,6,8,0.053032,,,,
areal_mass_g_cm2,2,6,9,0.05302,,,,
areal_mass_g_cm2,2,6,10,0.052994,,,,
areal_mass_g_cm2,2,7,1,0.049254,,,,
areal_mass_g_cm2,2,7,2,0.049354,,,,
areal_mass_g_cm2,2,7,3,0.049156,,,,
areal_mass_g_cm2,2,7,4,0.049042,,,,
areal_mass_g_cm2,2,7,5,0.049272,,,,
areal_mass_g_cm2,2,7,6,0.04926,,,,
areal_mass_g_cm2,2,7,7,0.049248,,,,
areal_mass_g_cm2,2,7,8,0.049242,,,,
areal_mass_g_cm2,2,7,9,0.049236,,,,
areal_mass_g_cm2,2,7,10,0.049224,,,,
areal_mass_g_cm2,2,8,1,0.046326,,,,
areal_mass_g_cm2,2,8,2,0.046396,,,,
areal_mass_g_cm2,2,8,3,0.046258,,,,
areal_mass_g_cm2,2,8,4,0.046146,,,,
areal_mass_g_cm2,2,8,5,0.04633,,,,
areal_mass_g_cm2,2,8,6,0.046328,,,,
areal_mass_g_cm2,2,8,7,0.046326,,,,
areal_mass_g_cm2,2,8,8,0.046324,,,,
areal_mass_g_cm2,2,8,9,0.046324,,,,
areal_mass_g_cm2,2,8,10,0.046322,,,,
areal_mass_g_cm2,2,9,1,0.044024,,,,
areal_mass_g_cm2,2,9,2,0.044068,,,,
areal_mass_g_cm2,2,9,3,0.043978,,,,
areal_mass_g_cm2,2,9,4,0.04387,,,,
areal_mass_g_cm2,2,9,5,0.044012,,,,
areal_mass_g_cm2,2,9,6,0.04402,,,,
areal_mass_g_cm2,2,9,7,0.044026,,,,
areal_mass_g_cm2,2,9,8,0.04403,,,,
areal_mass_g_cm2,2,9,9,0.044034,,,,
areal_mass_g_cm2,2,9,10,0.044042,,,,
areal_mass_g_cm2,2,10,1,0.042156,,,,
areal_mass_g_cm2,2,10,2,0.042178,,,,
areal_mass_g_cm2,2,10,3,0.042134,,,,
areal_mass_g_cm2,2,10,4,0.042028,,,,
areal_mass_g_cm2,2,10,5,0.042134,,,,
areal_mass_g_cm2,2,10,6,0.042148,,,,
areal_mass_g_cm2,2,10,7,0.042164,,,,
areal_mass_g_cm2,2,10,8,0.042172,,,,
areal_mass_g_cm2,2,10,9,0.04218,,,,
areal_mass_g_cm2,2,10,10,0.042194,,,,
areal_mass_g_cm2,2,11,1,0.040628,,,,
areal_mass_g_cm2,2,11,2,0.040632,,,,
areal_mass_g_cm2,2,11,3,0.040624,,,,
areal_mass_g_cm2,2,11,4,0.04052,,,,
areal_mass_g_cm2,2,11,5,0.040594,,,,
areal_mass_g_cm2,2,11,6,0.040616,,,,
areal_mass_g_cm2,2,11,7,0.040638,,,,
areal_mass_g_cm2,2,11,8,0.04065,,,,
areal_mass_g_cm2,2,11,9,0.04066,,,,
areal_mass_g_cm2,2,11,10,0.040682,,,,
areal_mass_g_cm2,2,12,1,0.03935,,,,
areal_mass_g_cm2,2,12,2,0.039336,,,,
areal_mass_g_cm2,2,12,3,0.039362,,,,
areal_mass_g_cm2,2,12,4,0.03926,,,,
areal_mass_g_cm2,2,12,5,0.039306,,,,
areal_mass_g_cm2,2,12,6,0.039336,,,,
areal_mass_g_cm2,2,12,7,0.039364,,,,
areal_mass_g_cm2,2,12,8,0.039378,,,,
areal_mass_g_cm2,2,12,9,0.039392,,,,
areal_mass_g_cm2,2,12,10,0.03942,,,,
areal_mass_g_cm2,2,13,1,0.038268,,,,
areal_mass_g_cm2,2,13,2,0.03824,,,,
areal_mass_g_cm2,2,13,3,0.038296,,,,
areal_mass_g_cm2,2,13,4,0.038194,,,,
areal_mass_g_cm2,2,13,5,0.038218,,,,
areal_mass_g_cm2,2,13,6,0.038252,,,,
areal_mass_g_cm2,2,13,7,0.038286,,,,
areal_mass_g_cm2,2,13,8,0.038302,,,,
areal_mass_g_cm2,2,13,9,0.03832,,,,
areal_mass_g_cm2,2,13,10,0.038352,,,,
areal_mass_g_cm2,2,14,1,0.037356,,,,
areal_mass_g_cm2,2,14,2,0.037314,,,,
areal_mass_g_cm2,2,14,3,0.037398,,,,
areal_mass_g_cm2,2,14,4,0.037298,,,,
areal_mass_g_cm2,2,14,5,0.037298,,,,
areal_mass_g_cm2,2,14,6,0.037338,,,,
areal_mass_g_cm2,2,14,7,0.037376,,,,
areal_mass_g_cm2,2,14,8,0.037396,,,,
areal_mass_g_cm2,2,14,9,0.037416,,,,
areal_mass_g_cm2,2,14,10,0.037454,,,,
areal_mass_g_cm2,2,15,1,0.036574,,,,
areal_mass_g_cm2,2,15,2,0.03652,,,,
areal_mass_g_cm2,2,15,3,0.036628,,,,
areal_mass_g_cm2,2,15,4,0.036528,,,,
areal_mass_g_cm2,2,15,5,0.036508,,,,
areal_mass_g_cm2,2,15,6,0.036552,,,,
areal_mass_g_cm2,2,15,7,0.036596,,,,
areal_mass_g_cm2,2,15,8,0.036618,,,,
areal_mass_g_cm2,2,15,9,0.03664,,,,
areal_mass_g_cm2,2,15,10,0.036684,,,,
areal_mass_g_cm2,5,0.015,1,6.39164,1.6849884010002067,0.0016755061169046322,0.0028232083727892016,0.0028469723051177437
areal_mass_g_cm2,5,0.015,2,6.167745,1.7191753125368336,0.0020959570586888045,0.003603317631435108,0.003605240603384541
areal_mass_g_cm2,5,0.015,3,6.615539999999999,1.6516209517361922,0.0013393913294065271,0.002212166782221612,0.0022624436870615117
areal_mass_g_cm2,5,0.015,4,6.62453,1.6479268289274436,0.0013274041643954338,0.0021874649353372504,0.0022207426995738025
areal_mass_g_cm2,5,0.015,5,6.4802550000000005,1.6767397564880437,0.0015334196074650163,0.002571145619214883,0.0025926902399077078
areal_mass_g_cm2,5,0.015,6,6.42118,1.6822226613145004,0.001626735553855844,0.0027365314126622958,0.0027624045924406824
areal_mass_g_cm2,5,0.015,7,6.362105,1.6877708353694578,0.0017257302236752896,0.002912637141234765,0.0029229765392754454
areal_mass_g_cm2,5,0.015,8,6.332565,1.6905696445855383,0.0017774687096753401,0.003004934644777755,0.0030406883368254037
areal_mass_g_cm2,5,0.015,9,6.30303,1.6933854500421557,0.0018307491945124589,0.0031001640486637942,0.0031325333453499503
areal_mass_g_cm2,5,0.015,10,6.243955,1.6990677052485657,0.001942159074012171,0.0032998597611095383,0.003318869961198897
areal_mass_g_cm2,5,0.02,1,3.227905,2.29321988049737,0.039640458618439664,0.09090428777583914,0.08970366098334608
areal_mass_g_cm2,5,0.02,2,3.1383650000000003,2.356771867449857,0.043353623160406723,0.10217459941646913,0.10016980507961688
areal_mass_g_cm2,5,0.02,3,3.31745,2.230572870114021,0.036245139116887815,0.08084742398763842,0.07956974121183509
areal_mass_g_cm2,5,0.02,4,3.3225300000000004,2.225080016086551,0.03606148069752258,0.08023968005054839,0.0788891506292321
areal_mass_g_cm2,5,0.02,5,3.2715499999999995,2.2723822507431315,0.037947562744848944,0.08623136804035604,0.08416720011639708
areal_mass_g_cm2,5,0.02,6,3.242455,2.2862439795139804,0.039067865660885305,0.08931867265966,0.08809503705177632
areal_mass_g_cm2,5,0.02,7,3.21336,2.300227583829936,0.040221242601520275,0.09251801168793267,0.09046408061209615
areal_mass_g_cm2,5,0.02,8,3.1988100000000004,2.307264642260838,0.04081073987423085,0.09416117713631736,0.09246103582770958
areal_mass_g_cm2,5,0.02,9,3.184265,2.3143336948339592,0.041408669991154334,0.0958334802187883,0.09428268652724778
areal_mass_g_cm2,5,0.02,10,3.1551649999999998,2.328561593032549,0.04263136623687253,0.09926976207768592,0.09739697403044133
areal_mass_g_cm2,5,0.03,1,1.62108,3.5877905913958457,0.19768508386158765,0.7092526839379029,0.7076533518016694
areal_mass_g_cm2,5,0.03,2,1.5983749999999999,3.7106506318232255,0.20222486654734204,0.7503858288242622,0.7471471747873868
areal_mass_g_cm2,5,0.03,3,1.64378,3.4987507564131914,0.19324818181875072,0.676127222313828,0.6746565088579133
areal_mass_g_cm2,5,0.03,4,1.6445699999999999,3.484462655213639,0.1930955760423324,0.6728343236064728,0.6702368081050557
areal_mass_g_cm2,5,0.03,5,1.63648,3.5334421742425492,0.19466405519620322,0.6878341824393439,0.6848560012755773
areal_mass_g_cm2,5,0.03,6,1.62621,3.5689989028270497,0.19667355616826623,0.7019277061796363,0.7009244559732365
areal_mass_g_cm2,5,0.03,7,1.615945,3.606623789357475,0.1987028075364559,0.7166462726731015,0.7138291956246017
areal_mass_g_cm2,5,0.03,8,1.61081,3.625505319231261,0.19972577066317426,0.7241068439269012,0.7230424920488363
areal_mass_g_cm2,5,0.03,9,1.605675,3.6444348323717275,0.20075400021552398,0.7316348711234169,0.7290298999989653
areal_mass_g_cm2,5,0.03,10,1.5954099999999998,3.6824442167933356,0.20282535305798935,0.7468930483874594,0.7446871587165323
areal_mass_g_cm2,5,0.04,1,1.21607,4.70727925562078,0.2963927043698341,1.3952032287974627,1.3957704062887428
areal_mass_g_cm2,5,0.04,2,1.20899,4.8607354823039834,0.2984986108288524,1.4509227890742509,1.4510977814141692
areal_mass_g_cm2,5,0.04,3,1.223155,4.622638070061413,0.2943001835675368,1.3604432325853577,1.3604358057688475
areal_mass_g_cm2,5,0.04,4,1.222505,4.600899694192034,0.294491540871242,1.354926040336638,1.3554381056443714
areal_mass_g_cm2,5,0.04,5,1.2236850000000001,4.663210624544464,0.2941442457974053,1.3716565721510785,1.3731862378403745
areal_mass_g_cm2,5,0.04,6,1.21861,4.683454906188596,0.2956408221953332,1.384620459180364,1.3855956989191431
areal_mass_g_cm2,5,0.04,7,1.213535,4.733875047531361,0.2971450130237551,1.4066473626515357,1.407228284392155
areal_mass_g_cm2,5,0.04,8,1.210995,4.760498424418314,0.2979007206992898,1.4181559115220492,1.418636696652744
areal_mass_g_cm2,5,0.04,9,1.2084599999999999,4.787184741560809,0.29865685702412914,1.429725548908419,1.430439540203869
areal_mass_g_cm2,5,0.04,10,1.203385,4.840673159354116,0.30017639313502587,1.4530558093204489,1.4535072289291837
areal_mass_g_cm2,5,0.05,1,1.055355,5.322852125767967,0.3480688409323831,1.8527189698705278,1.8528783456256268
areal_mass_g_cm2,5,0.05,2,1.053645,5.495999392308323,0.34866454783462003,1.916260143018528,1.9162342362937124
areal_mass_g_cm2,5,0.05,3,1.0570599999999999,5.241768070529745,0.34747588919359457,1.8213880212539157,1.8216424981016008
areal_mass_g_cm2,5,0.05,4,1.05586,5.214938869036796,0.34789311054337013,1.814241304442736,1.8146361533793203
areal_mass_g_cm2,5,0.05,5,1.060035,5.287692967059406,0.34644368458889757,1.8318878344828606,1.8321983011408671
areal_mass_g_cm2,5,0.05,6,1.056915,5.3111233942069385,0.34752627685054444,1.8457549390825638,1.845894376930485
areal_mass_g_cm2,5,0.05,7,1.05379,5.352654652856201,0.3486139951403429,1.8660103231387457,1.8660511913121987
areal_mass_g_cm2,5,0.05,8,1.05223,5.385325319769586,0.34915825738693784,1.8803308041125024,1.88038400983883
areal_mass_g_cm2,5,0.05,9,1.05067,5.418064882356697,0.3497033693452402,1.8947155446912596,1.8947180605117462
areal_mass_g_cm2,5,0.05,10,1.04755,5.483751499084476,0.35079614770537754,1.9236789008524233,1.923541488752303
areal_mass_g_cm2,5,0.06,1,0.970435,5.316821529883211,0.37891817284261775,2.014640299433638,2.013162188384478
areal_mass_g_cm2,5,0.06,2,0.971015,5.468862338423187,0.37869846402408563,2.07104976752003,2.0697999929690183
areal_mass_g_cm2,5,0.06,3,0.96985,5.243442717136963,0.3791399048240118,1.987998372725466,1.9861731691295856
areal_mass_g_cm2,5,0.06,4,0.96842,5.217533320376482,0.37968246272435247,1.9810059004269107,1.9804151760853235
areal_mass_g_cm2,5,0.06,5,0.97377,5.287095204639403,0.37765658560221554,1.996706322737964,1.9950776834231227
areal_mass_g_cm2,5,0.06,6,0.9715450000000001,5.3068931366501575,0.37849780701695673,2.0086474142954236,2.007138000938335
areal_mass_g_cm2,5,0.06,7,0.9693200000000001,5.332572960615627,0.37934090223317685,2.022863038104175,2.0213780769587597
areal_mass_g_cm2,5,0.06,8,0.968205,5.365040498997661,0.379764103229878,2.037449793893824,2.0353430873994833
areal_mass_g_cm2,5,0.06,9,0.967095,5.397618103842259,0.38018587542472587,2.052098164017618,2.0500483972241392
areal_mass_g_cm2,5,0.06,10,0.96487,5.462982678359502,0.3810327307747509,2.081575208110484,2.0803696279987163
areal_mass_g_cm2,5,0.08,1,0.87649,4.645389261518114,0.41624135777713156,1.933603133617606,1.9313497370556607
areal_mass_g_cm2,5,0.08,2,0.87878,4.74158821954931,0.4152892556408445,1.9691306422520303,1.965862235477288
areal_mass_g_cm2,5,0.08,3,0.8742,4.592587207761077,0.41719564272567683,1.9160073719156039,1.9144334273102421
areal_mass_g_cm2,5,0.08,4,0.8726449999999999,4.572566386989802,0.4178448866064086,1.9106234834720295,1.9077029787597382
areal_mass_g_cm2,5,0.08,5,0.8787499999999999,4.627870985180088,0.4153017145053958,1.921962754655066,1.9201671000670983
areal_mass_g_cm2,5,0.08,6,0.87724,4.639522447816303,0.4159292937974191,1.929713295277508,1.9279154137289192
areal_mass_g_cm2,5,0.08,7,0.8757349999999999,4.651234083847807,0.4165557386661052,1.937498249506188,1.9357502247597458
areal_mass_g_cm2,5,0.08,8,0.8749800000000001,4.667274166647813,0.41687035700227487,1.9456482480779687,1.944696630455976
areal_mass_g_cm2,5,0.08,9,0.8742300000000001,4.691235181222165,0.4171831270441312,1.9571041626017043,1.9540994003344527
areal_mass_g_cm2,5,0.08,10,0.872725,4.739332881746177,0.417811460352548,1.9801475924192198,1.9780956531016831
areal_mass_g_cm2,5,0.1,1,0.8187500000000001,4.128780382622164,0.4409825383047763,1.8207200532316874,1.818662581056856
areal_mass_g_cm2,5,0.1,2,0.82155,4.186166963349136,0.43974951423679376,1.8408648886468963,1.8392944998616216
areal_mass_g_cm2,5,0.1,3,0.815955,4.074106542351049,0.44221680858854734,1.8016383930082023,1.7997776181320781
areal_mass_g_cm2,5,0.1,4,0.8144,4.053986059056255,0.44290499064878425,1.7955306575766123,1.7942963976364343
areal_mass_g_cm2,5,0.1,5,0.8205850000000001,4.105526930278588,0.440174077336781,1.8071465285166841,1.8046351688493016
areal_mass_g_cm2,5,0.1,6,0.8193649999999999,4.121030639346744,0.4407114174219358,1.8161852543057297,1.8147273390023435
areal_mass_g_cm2,5,0.1,7,0.81814,4.136574004286395,0.4412516197146285,1.8252699794607983,1.8225363159962158
areal_mass_g_cm2,5,0.1,8,0.8175300000000001,4.144567938834163,0.4415208653142134,1.8299132227076056,1.825456215751492
areal_mass_g_cm2,5,0.1,9,0.81692,4.153604495264606,0.44179027520371744,1.8350220730503481,1.8336919623345829
areal_mass_g_cm2,5,0.1,10,0.8157000000000001,4.171750501645933,0.4423295882535335,1.8452886816895175,1.8422426766420243
areal_mass_g_cm2,5,0.15,1,0.72484,2.8510975633302706,0.4844020670860804,1.3810775531412702,1.380238138756937
areal_mass_g_cm2,5,0.15,2,0.727815,2.8674254837381676,0.482963112442835,1.3848607363240872,1.3838540016497207
areal_mass_g_cm2,5,0.15,3,0.72187,2.8402158906823383,0.48584287977306106,1.3798986675063167,1.3782021727031282
areal_mass_g_cm2,5,0.15,4,0.7204349999999999,2.835024713701076,0.48654056477479996,1.3793545253546369,1.3785447840879503
areal_mass_g_cm2,5,0.15,5,0.7263,2.856222883670026,0.48369535609269537,1.3815417447968783,1.3805204355813554
areal_mass_g_cm2,5,0.15,6,0.72533,2.852819962725452,0.4841647682161793,1.3812349160154578,1.3802253736896444
areal_mass_g_cm2,5,0.15,7,0.724355,2.8493914365619526,0.4846370590695669,1.3809206859533931,1.3800536351831858
areal_mass_g_cm2,5,0.15,8,0.72387,2.847683453775767,0.48487216505180775,1.3807624416144657,1.379896282506252
areal_mass_g_cm2,5,0.15,9,0.72338,2.8496980624785992,0.48510981063109515,1.382416487444792,1.3814232667162822
areal_mass_g_cm2,5,0.15,10,0.72241,2.8589041247963953,0.48558059544112675,1.388228367227727,1.3870422031299812
areal_mass_g_cm2,5,0.2,1,0.660715,2.3147413167940174,0.516481917869718,1.1955220346700506,1.1950052052579445
areal_mass_g_cm2,5,0.2,2,0.663565,2.3254561532916425,0.5150120399747131,1.197637917378478,1.197448203295016
areal_mass_g_cm2,5,0.2,3,0.6578649999999999,2.3069478678228776,0.5179559908919403,1.1948974688142475,1.1942040311809101
areal_mass_g_cm2,5,0.2,4,0.656545,2.3033576732544874,0.5186401442417894,1.1946137558971397,1.194344530504265
areal_mass_g_cm2,5,0.2,5,0.6620199999999999,2.318405468536128,0.5158083485664605,1.1958528960330712,1.1955198414128616
areal_mass_g_cm2,5,0.2,6,0.6611499999999999,2.3159638160038796,0.5162572970940054,1.1956332198176813,1.1956250497940886
areal_mass_g_cm2,5,0.2,7,0.66028,2.3135177005854253,0.516706636376723,1.1954099492675057,1.1951126765517792
areal_mass_g_cm2,5,0.2,8,0.659845,2.312292966053422,0.5169314526575429,1.195296961911814,1.1949514821818157
areal_mass_g_cm2,5,0.2,9,0.65941,2.3135460843200573,0.5171563667547184,1.1964650872865663,1.1965015551360725
areal_mass_g_cm2,5,0.2,10,0.6585399999999999,2.321875341517872,0.5176064885683926,1.2018177424166032,1.2015698911494184
areal_mass_g_cm2,5,0.3,1,0.572595,1.9139082505386469,0.5640598026713275,1.0795587101298547,1.0793231013990414
areal_mass_g_cm2,5,0.3,2,0.5751499999999999,1.9207741006081944,0.5626204694067479,1.0806668261085064,1.0802668953684191
areal_mass_g_cm2,5,0.3,3,0.570045,1.9071835437438307,0.5654999906273815,1.0785122761118326,1.0783956856847576
areal_mass_g_cm2,5,0.3,4,0.568905,1.9042921224599967,0.566145028218266,1.0781055174059364,1.0780428845059082
areal_mass_g_cm2,5,0.3,5,0.573725,1.9148196889463027,0.5634227750826815,1.0788530229290827,1.0787800734430342
areal_mass_g_cm2,5,0.3,6,0.572975,1.9142188108108373,0.563845500666272,1.0793236637664325,1.0791773530645954
areal_mass_g_cm2,5,0.3,7,0.5722200000000001,1.913608370532691,0.5642713647627421,1.0797944068618885,1.079509871818676
areal_mass_g_cm2,5,0.3,8,0.57184,1.9132982435230872,0.5644858286269054,1.0800297444055327,1.0798197701883059
areal_mass_g_cm2,5,0.3,9,0.571465,1.9132010354544264,0.5646975505080121,1.080379938350507,1.0802452570675531
areal_mass_g_cm2,5,0.3,10,0.5707099999999999,1.9153396432382128,0.5651240581450186,1.082404511912811,1.0824028294063583
areal_mass_g_cm2,5,0.356,1,0.5364800000000001,1.7843511270171892,0.5848031407040667,1.0434941431984932,1.0432435727915743
areal_mass_g_cm2,5,0.356,2,0.53889,1.7899521293016347,0.5833954620690533,1.0442499495554132,1.0441478033097888
areal_mass_g_cm2,5,0.356,3,0.53407,1.7787912188179662,0.5862142159358458,1.0427526996529415,1.0425845329949297
areal_mass_g_cm2,5,0.356,4,0.533005,1.776406753429801,0.586838866643278,1.0424645258802094,1.042342862031588
areal_mass_g_cm2,5,0.356,5,0.5375449999999999,1.7852296834714494,0.584180656890684,1.0428966491910991,1.0427692031601097
areal_mass_g_cm2,5,0.356,6,0.5368350000000001,1.784643818704498,0.5845955724346645,1.0432948747875417,1.043144719167685
areal_mass_g_cm2,5,0.356,7,0.536125,1.7840586002380925,0.5850107826732857,1.0436935180602929,1.0435000828332093
areal_mass_g_cm2,5,0.356,8,0.53577,1.7837662417611901,0.585218498368489,1.043893001443887,1.0437301319556551
areal_mass_g_cm2,5,0.356,9,0.535415,1.7835446436410018,0.5854262878158546,1.044133919880603,1.0439588965166566
areal_mass_g_cm2,5,0.356,10,0.534705,1.7851047486219929,0.5858420880718276,1.0457894933596432,1.0457128404242817
areal_mass_g_cm2,5,0.4,1,0.51242,1.7040030044907986,0.5990441364651324,1.0207730083591817,1.0207539167762731
areal_mass_g_cm2,5,0.4,2,0.51473,1.708897022940733,0.5976619415596413,1.0213427126562493,1.0213205397437148
areal_mass_g_cm2,5,0.4,3,0.5101100000000001,1.699142119872175,0.6004295279314616,1.0202151009233131,1.0202017102630447
areal_mass_g_cm2,5,0.4,4,0.50909,1.6970503531447558,0.601042278499616,1.019999010982702,1.0200069789037804
areal_mass_g_cm2,5,0.4,5,0.513435,1.704835243420074,0.5984364151373683,1.0202354914721519,1.020227091130888
areal_mass_g_cm2,5,0.4,6,0.51276,1.7042831631225972,0.5988404960795616,1.0205937748643805,1.020588410000262
areal_mass_g_cm2,5,0.4,7,0.51208,1.703722982590077,0.5992478461002062,1.0209523276685228,1.0209569123701496
areal_mass_g_cm2,5,0.4,8,0.511745,1.7034517772651203,0.5994486277576997,1.021131830332991,1.021140045027641
areal_mass_g_cm2,5,0.4,9,0.511405,1.7031897482910252,0.5996524749431951,1.0213219478605906,1.021310601154092
areal_mass_g_cm2,5,0.4,10,0.51073,1.7044094794987883,0.6000573770028532,1.0227434816068413,1.0227163976289926
areal_mass_g_cm2,5,0.5,1,0.467715,,,,
areal_mass_g_cm2,5,0.5,2,0.46982999999999997,,,,
areal_mass_g_cm2,5,0.5,3,0.465595,,,,
areal_mass_g_cm2,5,0.5,4,0.464665,,,,
areal_mass_g_cm2,5,0.5,5,0.46863,,,,
areal_mass_g_cm2,5,0.5,6,0.46802000000000005,,,,
areal_mass_g_cm2,5,0.5,7,0.46741,,,,
areal_mass_g_cm2,5,0.5,8,0.467105,,,,
areal_mass_g_cm2,5,0.5,9,0.4668,,,,
areal_mass_g_cm2,5,0.5,10,0.466185,,,,
areal_mass_g_cm2,5,0.511,1,0.46344,,,,
areal_mass_g_cm2,5,0.511,2,0.46553999999999995,,,,
areal_mass_g_cm2,5,0.511,3,0.46134000000000003,,,,
areal_mass_g_cm2,5,0.511,4,0.460415,,,,
areal_mass_g_cm2,5,0.511,5,0.46435,,,,
areal_mass_g_cm2,5,0.511,6,0.46374,,,,
areal_mass_g_cm2,5,0.511,7,0.463135,,,,
areal_mass_g_cm2,5,0.511,8,0.462835,,,,
areal_mass_g_cm2,5,0.511,9,0.46253,,,,
areal_mass_g_cm2,5,0.511,10,0.461925,,,,
areal_mass_g_cm2,5,0.6,1,0.43246,,,,
areal_mass_g_cm2,5,0.6,2,0.43442000000000003,,,,
areal_mass_g_cm2,5,0.6,3,0.43049499999999996,,,,
areal_mass_g_cm2,5,0.6,4,0.429635,,,,
areal_mass_g_cm2,5,0.6,5,0.43331000000000003,,,,
areal_mass_g_cm2,5,0.6,6,0.43274,,,,
areal_mass_g_cm2,5,0.6,7,0.432175,,,,
areal_mass_g_cm2,5,0.6,8,0.43189,,,,
areal_mass_g_cm2,5,0.6,9,0.43160499999999996,,,,
areal_mass_g_cm2,5,0.6,10,0.43103500000000006,,,,
areal_mass_g_cm2,5,0.662,1,0.41406,,,,
areal_mass_g_cm2,5,0.662,2,0.415945,,,,
areal_mass_g_cm2,5,0.662,3,0.41218,,,,
areal_mass_g_cm2,5,0.662,4,0.41135499999999997,,,,
areal_mass_g_cm2,5,0.662,5,0.41488499999999995,,,,
areal_mass_g_cm2,5,0.662,6,0.414335,,,,
areal_mass_g_cm2,5,0.662,7,0.41378499999999996,,,,
areal_mass_g_cm2,5,0.662,8,0.41351,,,,
areal_mass_g_cm2,5,0.662,9,0.41324,,,,
areal_mass_g_cm2,5,0.662,10,0.41269,,,,
areal_mass_g_cm2,5,0.8,1,0.379765,,,,
areal_mass_g_cm2,5,0.8,2,0.381485,,,,
areal_mass_g_cm2,5,0.8,3,0.37804,,,,
areal_mass_g_cm2,5,0.8,4,0.37727999999999995,,,,
areal_mass_g_cm2,5,0.8,5,0.380505,,,,
areal_mass_g_cm2,5,0.8,6,0.38001,,,,
areal_mass_g_cm2,5,0.8,7,0.379515,,,,
areal_mass_g_cm2,5,0.8,8,0.379265,,,,
areal_mass_g_cm2,5,0.8,9,0.37901999999999997,,,,
areal_mass_g_cm2,5,0.8,10,0.378525,,,,
areal_mass_g_cm2,5,1,1,0.341425,,,,
areal_mass_g_cm2,5,1,2,0.34297500000000003,,,,
areal_mass_g_cm2,5,1,3,0.339875,,,,
areal_mass_g_cm2,5,1,4,0.33919,,,,
areal_mass_g_cm2,5,1,5,0.34209,,,,
areal_mass_g_cm2,5,1,6,0.341645,,,,
areal_mass_g_cm2,5,1,7,0.341205,,,,
areal_mass_g_cm2,5,1,8,0.340985,,,,
areal_mass_g_cm2,5,1,9,0.34076500000000004,,,,
areal_mass_g_cm2,5,1,10,0.340325,,,,
areal_mass_g_cm2,5,1.173,1,0.31544500000000003,,,,
areal_mass_g_cm2,5,1.173,2,0.31688500000000003,,,,
areal_mass_g_cm2,5,1.173,3,0.31401,,,,
areal_mass_g_cm2,5,1.173,4,0.31338,,,,
areal_mass_g_cm2,5,1.173,5,0.316075,,,,
areal_mass_g_cm2,5,1.173,6,0.315655,,,,
areal_mass_g_cm2,5,1.173,7,0.31523500000000004,,,,
areal_mass_g_cm2,5,1.173,8,0.315025,,,,
areal_mass_g_cm2,5,1.173,9,0.314815,,,,
areal_mass_g_cm2,5,1.173,10,0.3144,,,,
areal_mass_g_cm2,5,1.33,1,0.29574,,,,
areal_mass_g_cm2,5,1.33,2,0.297085,,,,
areal_mass_g_cm2,5,1.33,3,0.294395,,,,
areal_mass_g_cm2,5,1.33,4,0.293805,,,,
areal_mass_g_cm2,5,1.33,5,0.296315,,,,
areal_mass_g_cm2,5,1.33,6,0.295935,,,,
areal_mass_g_cm2,5,1.33,7,0.29555000000000003,,,,
areal_mass_g_cm2,5,1.33,8,0.295355,,,,
areal_mass_g_cm2,5,1.33,9,0.295165,,,,
areal_mass_g_cm2,5,1.33,10,0.29478,,,,
areal_mass_g_cm2,5,1.5,1,0.27787,,,,
areal_mass_g_cm2,5,1.5,2,0.27913,,,,
areal_mass_g_cm2,5,1.5,3,0.27661,,,,
areal_mass_g_cm2,5,1.5,4,0.276055,,,,
areal_mass_g_cm2,5,1.5,5,0.278415,,,,
areal_mass_g_cm2,5,1.5,6,0.27805,,,,
areal_mass_g_cm2,5,1.5,7,0.27769,,,,
areal_mass_g_cm2,5,1.5,8,0.27751000000000003,,,,
areal_mass_g_cm2,5,1.5,9,0.27733,,,,
areal_mass_g_cm2,5,1.5,10,0.27697,,,,
areal_mass_g_cm2,5,2,1,0.23845000000000002,,,,
areal_mass_g_cm2,5,2,2,0.23949499999999999,,,,
areal_mass_g_cm2,5,2,3,0.2374,,,,
areal_mass_g_cm2,5,2,4,0.23691500000000001,,,,
areal_mass_g_cm2,5,2,5,0.23889,,,,
areal_mass_g_cm2,5,2,6,0.238595,,,,
areal_mass_g_cm2,5,2,7,0.2383,,,,
areal_mass_g_cm2,5,2,8,0.238155,,,,
areal_mass_g_cm2,5,2,9,0.238005,,,,
areal_mass_g_cm2,5,2,10,0.23771,,,,
areal_mass_g_cm2,5,2.51,1,0.2107,,,,
areal_mass_g_cm2,5,2.51,2,0.211605,,,,
areal_mass_g_cm2,5,2.51,3,0.209795,,,,
areal_mass_g_cm2,5,2.51,4,0.20937,,,,
areal_mass_g_cm2,5,2.51,5,0.211085,,,,
areal_mass_g_cm2,5,2.51,6,0.210825,,,,
areal_mass_g_cm2,5,2.51,7,0.21056999999999998,,,,
areal_mass_g_cm2,5,2.51,8,0.210445,,,,
areal_mass_g_cm2,5,2.51,9,0.21031500000000003,,,,
areal_mass_g_cm2,5,2.51,10,0.21006,,,,
areal_mass_g_cm2,5,3,1,0.191225,,,,
areal_mass_g_cm2,5,3,2,0.19199999999999998,,,,
areal_mass_g_cm2,5,3,3,0.19045499999999999,,,,
areal_mass_g_cm2,5,3,4,0.19006499999999998,,,,
areal_mass_g_cm2,5,3,5,0.19154000000000002,,,,
areal_mass_g_cm2,5,3,6,0.19133,,,,
areal_mass_g_cm2,5,3,7,0.19112500000000002,,,,
areal_mass_g_cm2,5,3,8,0.19102000000000002,,,,
areal_mass_g_cm2,5,3,9,0.190915,,,,
areal_mass_g_cm2,5,3,10,0.190705,,,,
areal_mass_g_cm2,5,4,1,0.16363,,,,
areal_mass_g_cm2,5,4,2,0.164215,,,,
areal_mass_g_cm2,5,4,3,0.16305,,,,
areal_mass_g_cm2,5,4,4,0.1627,,,,
areal_mass_g_cm2,5,4,5,0.163855,,,,
areal_mass_g_cm2,5,4,6,0.163705,,,,
areal_mass_g_cm2,5,4,7,0.16355999999999998,,,,
areal_mass_g_cm2,5,4,8,0.163485,,,,
areal_mass_g_cm2,5,4,9,0.16341,,,,
areal_mass_g_cm2,5,4,10,0.163265,,,,
areal_mass_g_cm2,5,5,1,0.145465,,,,
areal_mass_g_cm2,5,5,2,0.145905,,,,
areal_mass_g_cm2,5,5,3,0.14501999999999998,,,,
areal_mass_g_cm2,5,5,4,0.1447,,,,
areal_mass_g_cm2,5,5,5,0.145615,,,,
areal_mass_g_cm2,5,5,6,0.145515,,,,
areal_mass_g_cm2,5,5,7,0.14541500000000002,,,,
areal_mass_g_cm2,5,5,8,0.14536500000000002,,,,
areal_mass_g_cm2,5,5,9,0.145315,,,,
areal_mass_g_cm2,5,5,10,0.14521499999999998,,,,
areal_mass_g_cm2,5,6,1,0.132645,,,,
areal_mass_g_cm2,5,6,2,0.13298000000000001,,,,
areal_mass_g_cm2,5,6,3,0.13230999999999998,,,,
areal_mass_g_cm2,5,6,4,0.13201,,,,
areal_mass_g_cm2,5,6,5,0.132735,,,,
areal_mass_g_cm2,5,6,6,0.132675,,,,
areal_mass_g_cm2,5,6,7,0.13261,,,,
areal_mass_g_cm2,5,6,8,0.13258,,,,
areal_mass_g_cm2,5,6,9,0.13255,,,,
areal_mass_g_cm2,5,6,10,0.132485,,,,
areal_mass_g_cm2,5,7,1,0.123135,,,,
areal_mass_g_cm2,5,7,2,0.12338500000000001,,,,
areal_mass_g_cm2,5,7,3,0.12289,,,,
areal_mass_g_cm2,5,7,4,0.122605,,,,
areal_mass_g_cm2,5,7,5,0.12318000000000001,,,,
areal_mass_g_cm2,5,7,6,0.12315,,,,
areal_mass_g_cm2,5,7,7,0.12312000000000001,,,,
areal_mass_g_cm2,5,7,8,0.123105,,,,
areal_mass_g_cm2,5,7,9,0.12309,,,,
areal_mass_g_cm2,5,7,10,0.12305999999999999,,,,
areal_mass_g_cm2,5,8,1,0.115815,,,,
areal_mass_g_cm2,5,8,2,0.11599,,,,
areal_mass_g_cm2,5,8,3,0.115645,,,,
areal_mass_g_cm2,5,8,4,0.115365,,,,
areal_mass_g_cm2,5,8,5,0.11582500000000001,,,,
areal_mass_g_cm2,5,8,6,0.11582,,,,
areal_mass_g_cm2,5,8,7,0.115815,,,,
areal_mass_g_cm2,5,8,8,0.11581,,,,
areal_mass_g_cm2,5,8,9,0.11581,,,,
areal_mass_g_cm2,5,8,10,0.115805,,,,
areal_mass_g_cm2,5,9,1,0.11006,,,,
areal_mass_g_cm2,5,9,2,0.11017,,,,
areal_mass_g_cm2,5,9,3,0.10994500000000001,,,,
areal_mass_g_cm2,5,9,4,0.109675,,,,
areal_mass_g_cm2,5,9,5,0.11003,,,,
areal_mass_g_cm2,5,9,6,0.11005,,,,
areal_mass_g_cm2,5,9,7,0.11006500000000001,,,,
areal_mass_g_cm2,5,9,8,0.110075,,,,
areal_mass_g_cm2,5,9,9,0.11008499999999999,,,,
areal_mass_g_cm2,5,9,10,0.110105,,,,
areal_mass_g_cm2,5,10,1,0.10539,,,,
areal_mass_g_cm2,5,10,2,0.105445,,,,
areal_mass_g_cm2,5,10,3,0.105335,,,,
areal_mass_g_cm2,5,10,4,0.10507000000000001,,,,
areal_mass_g_cm2,5,10,5,0.105335,,,,
areal_mass_g_cm2,5,10,6,0.10536999999999999,,,,
areal_mass_g_cm2,5,10,7,0.10541,,,,
areal_mass_g_cm2,5,10,8,0.10543,,,,
areal_mass_g_cm2,5,10,9,0.10545,,,,
areal_mass_g_cm2,5,10,10,0.10548500000000001,,,,
areal_mass_g_cm2,5,11,1,0.10157,,,,
areal_mass_g_cm2,5,11,2,0.10158,,,,
areal_mass_g_cm2,5,11,3,0.10156,,,,
areal_mass_g_cm2,5,11,4,0.1013,,,,
areal_mass_g_cm2,5,11,5,0.10148499999999999,,,,
areal_mass_g_cm2,5,11,6,0.10153999999999999,,,,
areal_mass_g_cm2,5,11,7,0.101595,,,,
areal_mass_g_cm2,5,11,8,0.101625,,,,
areal_mass_g_cm2,5,11,9,0.10165,,,,
areal_mass_g_cm2,5,11,10,0.101705,,,,
areal_mass_g_cm2,5,12,1,0.098375,,,,
areal_mass_g_cm2,5,12,2,0.09834000000000001,,,,
areal_mass_g_cm2,5,12,3,0.098405,,,,
areal_mass_g_cm2,5,12,4,0.09815000000000002,,,,
areal_mass_g_cm2,5,12,5,0.098265,,,,
areal_mass_g_cm2,5,12,6,0.09834000000000001,,,,
areal_mass_g_cm2,5,12,7,0.09841000000000001,,,,
areal_mass_g_cm2,5,12,8,0.098445,,,,
areal_mass_g_cm2,5,12,9,0.09848000000000001,,,,
areal_mass_g_cm2,5,12,10,0.09855,,,,
areal_mass_g_cm2,5,13,1,0.09567,,,,
areal_mass_g_cm2,5,13,2,0.0956,,,,
areal_mass_g_cm2,5,13,3,0.09573999999999999,,,,
areal_mass_g_cm2,5,13,4,0.095485,,,,
areal_mass_g_cm2,5,13,5,0.095545,,,,
areal_mass_g_cm2,5,13,6,0.09563,,,,
areal_mass_g_cm2,5,13,7,0.095715,,,,
areal_mass_g_cm2,5,13,8,0.095755,,,,
areal_mass_g_cm2,5,13,9,0.0958,,,,
areal_mass_g_cm2,5,13,10,0.09587999999999999,,,,
areal_mass_g_cm2,5,14,1,0.09339,,,,
areal_mass_g_cm2,5,14,2,0.093285,,,,
areal_mass_g_cm2,5,14,3,0.093495,,,,
areal_mass_g_cm2,5,14,4,0.093245,,,,
areal_mass_g_cm2,5,14,5,0.093245,,,,
areal_mass_g_cm2,5,14,6,0.09334500000000001,,,,
areal_mass_g_cm2,5,14,7,0.09344,,,,
areal_mass_g_cm2,5,14,8,0.09348999999999999,,,,
areal_mass_g_cm2,5,14,9,0.09354,,,,
areal_mass_g_cm2,5,14,10,0.093635,,,,
areal_mass_g_cm2,5,15,1,0.091435,,,,
areal_mass_g_cm2,5,15,2,0.09129999999999999,,,,
areal_mass_g_cm2,5,15,3,0.09157,,,,
areal_mass_g_cm2,5,15,4,0.09132,,,,
areal_mass_g_cm2,5,15,5,0.09126999999999999,,,,
areal_mass_g_cm2,5,15,6,0.09138,,,,
areal_mass_g_cm2,5,15,7,0.09148999999999999,,,,
areal_mass_g_cm2,5,15,8,0.09154499999999999,,,,
areal_mass_g_cm2,5,15,9,0.0916,,,,
areal_mass_g_cm2,5,15,10,0.09171,,,,
areal_mass_g_cm2,10,0.015,1,12.78328,1.9285305950765532,2.807320747784839e-06,5.41400395229625e-06,5.506522072856152e-06
areal_mass_g_cm2,10,0.015,2,12.33549,1.9787869755681955,4.393035991867424e-06,8.692882403909569e-06,8.702273243503779e-06
areal_mass_g_cm2,10,0.015,3,13.231079999999999,1.8799881713029305,1.793969133289384e-06,3.372640750266612e-06,3.529232767223715e-06
areal_mass_g_cm2,10,0.015,4,13.24906,1.87465304996525,1.7620018156543399e-06,3.3031420777607167e-06,3.4054025294711513e-06
areal_mass_g_cm2,10,0.015,5,12.960510000000001,1.916446616124535,2.351375692558165e-06,4.5062859892405805e-06,4.582917806571217e-06
areal_mass_g_cm2,10,0.015,6,12.84236,1.9244739536369666,2.64626856217868e-06,5.092674922241215e-06,5.190467979465292e-06
areal_mass_g_cm2,10,0.015,7,12.72421,1.932616819092928,2.9781448049063653e-06,5.755612739656269e-06,5.7969941248253235e-06
areal_mass_g_cm2,10,0.015,8,12.66513,1.9367323392002842,3.1593950138749183e-06,6.118902495679685e-06,6.267005623921317e-06
areal_mass_g_cm2,10,0.015,9,12.60606,1.940878211325694,3.351642613208017e-06,6.505130120126151e-06,6.6432129290201695e-06
areal_mass_g_cm2,10,0.015,10,12.48791,1.9492612327587815,3.771981868767813e-06,7.352578027458119e-06,7.438506318256643e-06
areal_mass_g_cm2,10,0.02,1,6.45581,2.9559562878935104,0.0015713659594802276,0.004644889088507398,0.004516256488652499
areal_mass_g_cm2,10,0.02,2,6.276730000000001,3.077329246476887,0.0018795366411345543,0.0057839530755882974,0.00554576896675507
areal_mass_g_cm2,10,0.02,3,6.6349,2.839077333902841,0.001313710109602551,0.00372972459549162,0.00360684506886526
areal_mass_g_cm2,10,0.02,4,6.645060000000001,2.8293870843293014,0.0013004303900977935,0.003679420949812012,0.0035504312052006166
areal_mass_g_cm2,10,0.02,5,6.543099999999999,2.9155627331257454,0.0014400175182742476,0.004198461411328618,0.003989394756769517
areal_mass_g_cm2,10,0.02,6,6.48491,2.9423909931692878,0.0015262981272969815,0.00449096586264979,0.004362077313916789
areal_mass_g_cm2,10,0.02,7,6.42672,2.9696258986229025,0.0016177483564103496,0.004804107416650808,0.0045814892093534515
areal_mass_g_cm2,10,0.02,8,6.397620000000001,2.98339720947576,0.0016655164890821363,0.00496889724586351,0.004781068209000385
areal_mass_g_cm2,10,0.02,9,6.36853,2.9972747313461867,0.0017146779504363253,0.005139360893239267,0.004964948889684846
areal_mass_g_cm2,10,0.02,10,6.3103299999999996,3.025343042026511,0.0018174333872223553,0.005498359452379827,0.005280875808137945
areal_mass_g_cm2,10,0.03,1,3.24216,5.844720981797399,0.039079392381362946,0.22840814460724543,0.22707735989116343
areal_mass_g_cm2,10,0.03,2,3.1967499999999998,6.165725231608899,0.040894896650090294,0.25214669611949997,0.24929045651177012
areal_mass_g_cm2,10,0.03,3,3.28756,5.621116961782378,0.03734485977625294,0.20991982472367984,0.2087555364082646
areal_mass_g_cm2,10,0.03,4,3.2891399999999997,5.58929552729842,0.037285901487120174,0.20840192241325028,0.20635613367150726
areal_mass_g_cm2,10,0.03,5,3.27296,5.701494233815075,0.037894094385430455,0.21605296063417595,0.21366186891776087
areal_mass_g_cm2,10,0.03,6,3.25242,5.794970172473267,0.03868048769587217,0.22415227245429845,0.22332639199495294
areal_mass_g_cm2,10,0.03,7,3.23189,5.894805104777392,0.039482805722869836,0.23274344472610714,0.23037589487414653
areal_mass_g_cm2,10,0.03,8,3.22162,5.945236709635586,0.03989038346699888,0.2371577721494422,0.2362507077718627
areal_mass_g_cm2,10,0.03,9,3.21135,5.996016754705058,0.040302168602534605,0.2416524781917456,0.23941091928830513
areal_mass_g_cm2,10,0.03,10,3.1908199999999995,6.098640779033491,0.04113812384309803,0.25088663964244756,0.24894229473470897
areal_mass_g_cm2,10,0.04,1,2.43214,9.42110902346241,0.08784863520366389,0.8276315698160954,0.8290744602505361
areal_mass_g_cm2,10,0.04,2,2.41798,9.934780167882787,0.08910142066675465,0.8852030269702555,0.885692701952829
areal_mass_g_cm2,10,0.04,3,2.44631,9.141318027596434,0.08661259804788585,0.7917533039521025,0.7917355500195504
areal_mass_g_cm2,10,0.04,4,2.44501,9.076236833642918,0.08672526764471841,0.7871390686045336,0.7883560663097077
areal_mass_g_cm2,10,0.04,5,2.4473700000000003,9.264715236715865,0.08652083733572438,0.8015909199577006,0.8053194975236501
areal_mass_g_cm2,10,0.04,6,2.43722,9.338916475124323,0.08740349574833264,0.8162539464275624,0.8186903242846308
areal_mass_g_cm2,10,0.04,7,2.42707,9.512793788619968,0.08829515876488761,0.8399336378638368,0.8414426353077187
areal_mass_g_cm2,10,0.04,8,2.42199,9.605033818538036,0.08874483939315628,0.8523971835919926,0.8536725634155532
areal_mass_g_cm2,10,0.04,9,2.4169199999999997,9.697917624509772,0.08919591824753113,0.865014667607065,0.8669516821423321
areal_mass_g_cm2,10,0.04,10,2.40677,9.885445831179021,0.09010586699555362,0.8907366672559669,0.8920167835955626
areal_mass_g_cm2,10,0.05,1,2.11071,11.959411534231467,0.12115191802801262,1.4489056458584793,1.454687406958557
areal_mass_g_cm2,10,0.05,2,2.10729,12.570705393686557,0.12156696691672006,1.5281825267141282,1.5314727549890093
areal_mass_g_cm2,10,0.05,3,2.1141199999999998,11.663912395044,0.1207394935708792,1.4082948756327132,1.4135340876695837
areal_mass_g_cm2,10,0.05,4,2.11172,11.573504603284428,0.12102961636354154,1.4007368221171963,1.4085180884312927
areal_mass_g_cm2,10,0.05,5,2.12007,11.815531385868825,0.12002322659153154,1.4181382008254866,1.4251714173714152
areal_mass_g_cm2,10,0.05,6,2.11383,11.911297013937755,0.12077451310160124,1.438581097266889,1.4426755198372314
areal_mass_g_cm2,10,0.05,7,2.10758,12.068343486060646,0.12153171760771103,1.4666865125407813,1.4686876948873877
areal_mass_g_cm2,10,0.05,8,2.10446,12.187410722426621,0.12191148870148312,1.4857853845874474,1.4914357445526019
areal_mass_g_cm2,10,0.05,9,2.10134,12.307261036985496,0.1222924465314135,1.5050850623136973,1.5091925667958639
areal_mass_g_cm2,10,0.05,10,2.0951,12.54932780858715,0.12305793724493305,1.5442943939352107,1.5511477693534121
areal_mass_g_cm2,10,0.06,1,1.94087,12.750201908029139,0.14357898171038794,1.830661006556669,1.8358077215425235
areal_mass_g_cm2,10,0.06,2,1.94203,13.309919973118973,0.14341252665420168,1.9088092529102159,1.9125482123965518
areal_mass_g_cm2,10,0.06,3,1.9397,12.455768831979965,0.14374706742996068,1.7904802421826267,1.7974895283119867
areal_mass_g_cm2,10,0.06,4,1.93684,12.359416212403762,0.1441587725004293,1.7817182700020315,1.7840668073377612
areal_mass_g_cm2,10,0.06,5,1.94754,12.609724273642062,0.14262449664872356,1.7984555774073905,1.8046845260899402
areal_mass_g_cm2,10,0.06,6,1.9430900000000002,12.70319165402503,0.14326058991664542,1.8198667301798326,1.825288352133905
areal_mass_g_cm2,10,0.06,7,1.9386400000000001,12.816564705600296,0.14389952010708065,1.8442975105572301,1.8492867395014718
areal_mass_g_cm2,10,0.06,8,1.93641,12.938492992796471,0.14422077410199347,1.8659994751343252,1.8727057089099015
areal_mass_g_cm2,10,0.06,9,1.93419,13.061313717787893,0.14454129987246517,1.8878992628111229,1.894131428007093
areal_mass_g_cm2,10,0.06,10,1.92974,13.30927287876669,0.14518594192166379,1.9323193191961956,1.9356918442553361
areal_mass_g_cm2,10,0.08,1,1.75298,11.558571165036703,0.17325686792415004,2.0026018377326533,2.004848738720218
areal_mass_g_cm2,10,0.08,2,1.75756,11.938001181520557,0.17246516585072671,2.0588893536971145,2.061806424743626
areal_mass_g_cm2,10,0.08,3,1.7484,11.325854276416683,0.1740522043092906,1.9712899024961292,1.9729815992869815
areal_mass_g_cm2,10,0.08,4,1.7452899999999998,11.243728763634753,0.17459434926312245,1.963091506777862,1.9662487929169332
areal_mass_g_cm2,10,0.08,5,1.7574999999999998,11.45556469155918,0.1724755140711213,1.9758044091516558,1.9777518074862241
areal_mass_g_cm2,10,0.08,6,1.75448,11.524055575989934,0.1729971774388198,1.9936290872943512,1.9954764408221024
areal_mass_g_cm2,10,0.08,7,1.7514699999999999,11.593102308607591,0.1735186834156645,2.01161984929269,2.0133205370465443
areal_mass_g_cm2,10,0.08,8,1.7499600000000002,11.661454902734445,0.17378089454720413,2.026538064719071,2.0274354258739877
areal_mass_g_cm2,10,0.08,9,1.7484600000000001,11.75633068139653,0.17404176149031972,2.046092500452943,2.0487747032495722
areal_mass_g_cm2,10,0.08,10,1.74545,11.94780477460962,0.17456641640192883,2.0856854633734563,2.0873736044473485
areal_mass_g_cm2,10,0.1,1,1.6375000000000002,9.992265431681144,0.1944655990897235,1.9431518834354082,1.9444700196988407
areal_mass_g_cm2,10,0.1,2,1.6431,10.236440806591741,0.19337963527149607,1.97951918965697,1.9804227939722865
areal_mass_g_cm2,10,0.1,3,1.63191,9.78767846187339,0.19555570579823991,1.9140363697378822,1.9153065896927224
areal_mass_g_cm2,10,0.1,4,1.6288,9.714342304639045,0.19616483074159966,1.9056123139554793,1.9064695582138007
areal_mass_g_cm2,10,0.1,5,1.6411700000000002,9.89559163557484,0.19375321835928644,1.9173027269618605,1.9190512550348235
areal_mass_g_cm2,10,0.1,6,1.6387299999999998,9.959976051330617,0.19422655344605175,1.9344918208551616,1.9354580368544962
areal_mass_g_cm2,10,0.1,7,1.63628,10.024770945202203,0.19470299190078313,1.9518528961509105,1.9535440645526123
areal_mass_g_cm2,10,0.1,8,1.6350600000000002,10.060533008709776,0.19494067450781177,1.9612070906259886,1.9638352328360373
areal_mass_g_cm2,10,0.1,9,1.63384,10.11396048405305,0.1951786472645764,1.9740291257648548,1.974786162250018
areal_mass_g_cm2,10,0.1,10,1.6314000000000002,10.221729112407967,0.1956554646445405,1.9999371589588075,2.0014435283745393
areal_mass_g_cm2,10,0.15,1,1.44968,6.313400981517173,0.23464536259726756,1.481410262530042,1.4817213129044378
areal_mass_g_cm2,10,0.15,2,1.45563,6.399249314007404,0.23325336798047053,1.4926464550389427,1.4929659977775003
areal_mass_g_cm2,10,0.15,3,1.44374,6.2470465850987535,0.23604330382618105,1.474573515102772,1.475262618982878
areal_mass_g_cm2,10,0.15,4,1.4408699999999999,6.219858414169381,0.23672172117138132,1.472375589244474,1.472719886256479
areal_mass_g_cm2,10,0.15,5,1.4526,6.3022629618980535,0.2339611975056394,1.4744849895611065,1.474926892574021
areal_mass_g_cm2,10,0.15,6,1.45066,6.30972725374138,0.23441552278182667,1.4790980127965252,1.4794919457829612
areal_mass_g_cm2,10,0.15,7,1.44871,6.317135930582942,0.23487307902359886,1.483725166626623,1.4840283260710987
areal_mass_g_cm2,10,0.15,8,1.44774,6.320872319455798,0.23510101644202747,1.4860435071043339,1.4863286305210563
areal_mass_g_cm2,10,0.15,9,1.44676,6.3376230453690665,0.23533152837053697,1.4914425175030395,1.4917406100882362
areal_mass_g_cm2,10,0.15,10,1.44482,6.389464007442965,0.23578851466895917,1.5065622278457522,1.5068397784852956
areal_mass_g_cm2,10,0.2,1,1.32143,4.672610142407713,0.26675357148638207,1.2464354436507497,1.2467332409575027
areal_mass_g_cm2,10,0.2,2,1.32713,4.723269157767362,0.2652374013189155,1.2527876371359978,1.2528869061232124
areal_mass_g_cm2,10,0.2,3,1.3157299999999998,4.630967047017434,0.2682784085008518,1.2423884691937264,1.2428208203040974
areal_mass_g_cm2,10,0.2,4,1.31309,4.613627958718823,0.26898759921914417,1.241008708306097,1.241182829249418
areal_mass_g_cm2,10,0.2,5,1.3240399999999999,4.667814150492713,0.2660582524508592,1.241910475645483,1.242130390723027
areal_mass_g_cm2,10,0.2,6,1.3222999999999998,4.671008482928896,0.2665215968028081,1.2449246395496716,1.2449296337140567
areal_mass_g_cm2,10,0.2,7,1.32056,4.674214919340363,0.2669857480757471,1.2479487669069047,1.248113285108339
areal_mass_g_cm2,10,0.2,8,1.31969,4.675822906889949,0.26721812674663753,1.2494646381781496,1.2496465936366128
areal_mass_g_cm2,10,0.2,9,1.31882,4.684821693349676,0.26745070767494084,1.2529588772172855,1.2529406979712545
areal_mass_g_cm2,10,0.2,10,1.3170799999999998,4.720330311323224,0.26791647700810156,1.2646542673242733,1.2647559957436467
areal_mass_g_cm2,10,0.3,1,1.14519,3.376816738885892,0.3181634609896169,1.0743797007716067,1.074891935583253
areal_mass_g_cm2,10,0.3,2,1.1502999999999999,3.403161787521986,0.3165417925954694,1.0772429327146114,1.0780594608873524
areal_mass_g_cm2,10,0.3,3,1.14009,3.3511020218676375,0.3197902393995686,1.07164971782543,1.0719188080078472
areal_mass_g_cm2,10,0.3,4,1.13781,3.340419434678566,0.3205201929762612,1.0706718818248273,1.0708195739735225
areal_mass_g_cm2,10,0.3,5,1.14745,3.3730192198520426,0.3174452234818699,1.070748840054574,1.0709237287555033
areal_mass_g_cm2,10,0.3,6,1.14595,3.375564054914527,0.317921748621599,1.0731652269226417,1.0734944254899197
areal_mass_g_cm2,10,0.3,7,1.1444400000000001,3.378106803272211,0.3184021730912075,1.075596547096064,1.076195402627063
areal_mass_g_cm2,10,0.3,8,1.14368,3.3793736656204,0.31864425072060404,1.0768179895865535,1.077248153390317
areal_mass_g_cm2,10,0.3,9,1.14293,3.3814773478932327,0.31888332354974885,1.0782967352043844,1.078564057227868
areal_mass_g_cm2,10,0.3,10,1.1414199999999999,3.3949704518574606,0.3193652010942944,1.0842354210666454,1.0842383903646144
areal_mass_g_cm2,10,0.356,1,1.0729600000000001,2.986594734283271,0.3419947133773405,1.0213996101254816,1.0226078826341747
areal_mass_g_cm2,10,0.356,2,1.07778,3.0068502088236415,0.34035026516276423,1.0233822658778393,1.02385119225279
areal_mass_g_cm2,10,0.356,3,1.06814,2.966554361147553,0.3436471069652784,1.0194478238635862,1.020321555318058
areal_mass_g_cm2,10,0.356,4,1.06601,2.9581883352913483,0.344379855403167,1.01874047116297,1.0193917114054796
areal_mass_g_cm2,10,0.356,5,1.0750899999999999,2.98430087301574,0.34126703988523105,1.0184435250609924,1.0191379644321992
areal_mass_g_cm2,10,0.356,6,1.0736700000000001,2.985824780739607,0.3417519833102131,1.0204115406345429,1.0211700603692724
areal_mass_g_cm2,10,0.356,7,1.07225,2.9873701012104723,0.3422376158440102,1.0223904210819514,1.023296041672202
areal_mass_g_cm2,10,0.356,8,1.07154,2.9881509428383346,0.34248069083266924,1.0233839992155649,1.024122347221253
areal_mass_g_cm2,10,0.356,9,1.07083,2.9892129461812296,0.3427239384658518,1.0244748338283434,1.0252381108937343
areal_mass_g_cm2,10,0.356,10,1.06941,2.999199098129908,0.34321095215635905,1.0293579781756592,1.0296496738782557
areal_mass_g_cm2,10,0.4,1,1.02484,2.752278296614927,0.35885387743325625,0.9876657385156643,0.9879801987651878
areal_mass_g_cm2,10,0.4,2,1.02946,2.7692571317553876,0.3571997963888401,0.9891780836113677,0.989496777297065
areal_mass_g_cm2,10,0.4,3,1.0202200000000001,2.7354677892284527,0.36051561801199783,0.986178860585609,0.9864363396607261
areal_mass_g_cm2,10,0.4,4,1.01818,2.728400846810005,0.36125182054400995,0.9856397730839327,0.9854735618707351
areal_mass_g_cm2,10,0.4,5,1.02687,2.750754805066199,0.3581261429624647,0.9851172085738243,0.9852960230211595
areal_mass_g_cm2,10,0.4,6,1.02552,2.7517739083539823,0.3586099397448154,0.9868134754661768,0.9869099166932204
areal_mass_g_cm2,10,0.4,7,1.02416,2.752787133537571,0.35909798105573637,0.9885203019295494,0.988449157755506
areal_mass_g_cm2,10,0.4,8,1.02349,2.753324156809417,0.35933865732058917,0.9893758056762393,0.9892568715174569
areal_mass_g_cm2,10,0.4,9,1.02281,2.7539111221516466,0.3595830907054992,0.9902598728315386,0.9904116697203602
areal_mass_g_cm2,10,0.4,10,1.02146,2.7619072422243978,0.3600688556955443,0.9944767802449754,0.9947532021479525
areal_mass_g_cm2,10,0.5,1,0.93543,2.402818936873513,0.39241708989870144,0.9429072147613955,0.9434832647673306
areal_mass_g_cm2,10,0.5,2,0.9396599999999999,2.4155459177098004,0.390760671403391,0.9439003446100018,0.9439317889014062
areal_mass_g_cm2,10,0.5,3,0.93119,2.3901820285946767,0.39408447070923225,0.9419336196374521,0.9417955686267551
areal_mass_g_cm2,10,0.5,4,0.92933,2.3848487328712618,0.3948181499349116,0.9415815645868497,0.9418159214893201
areal_mass_g_cm2,10,0.5,5,0.93726,2.401824145327766,0.3916996233063458,0.9407936129729717,0.9413476924617352
areal_mass_g_cm2,10,0.5,6,0.9360400000000001,2.402483734709368,0.3921777884682198,0.9422007579091893,0.9420327699069668
areal_mass_g_cm2,10,0.5,7,0.93482,2.403157794554118,0.3926565373475867,0.943615618309483,0.9437416371496348
areal_mass_g_cm2,10,0.5,8,0.93421,2.4035003463563878,0.392896130903974,0.9443259867097862,0.9445516934726876
areal_mass_g_cm2,10,0.5,9,0.9336,2.403846631442909,0.39313587065701616,0.9450383383782436,0.9456448329149648
areal_mass_g_cm2,10,0.5,10,0.93237,2.409127514550497,0.3936197252875201,0.9482801104599727,0.9486057819627394
areal_mass_g_cm2,10,0.511,1,0.92688,2.3722597963364818,0.3957866403185251,0.9389087347547248,0.9395925584390058
areal_mass_g_cm2,10,0.511,2,0.9310799999999999,2.384542001321308,0.39412782238530875,0.9398143463670732,0.9401950324663447
areal_mass_g_cm2,10,0.511,3,0.9226800000000001,2.3600822152337653,0.3974524399383398,0.938020434899742,0.9383493738577393
areal_mass_g_cm2,10,0.511,4,0.92083,2.3549221535253375,0.3981884075123276,0.9377027021277552,0.9378669003740806
areal_mass_g_cm2,10,0.511,5,0.9287,2.3714415892732186,0.3950669637374889,0.9368782283549757,0.9375634378089307
areal_mass_g_cm2,10,0.511,6,0.92748,2.3719707612074803,0.3955492395616831,0.9382312308581654,0.9382295281262595
areal_mass_g_cm2,10,0.511,7,0.92627,2.372532800015491,0.3960281438201988,0.9395897609426738,0.9400098915926902
areal_mass_g_cm2,10,0.511,8,0.92567,2.372828728009649,0.39626583200581594,0.9402709501120455,0.9403295141655056
areal_mass_g_cm2,10,0.511,9,0.92506,2.373108637700304,0.3965076279035907,0.940955676692069,0.9410804004514192
areal_mass_g_cm2,10,0.511,10,0.92385,2.3784991081443865,0.39698769251387134,0.9442348725885409,0.9444036844400225
areal_mass_g_cm2,10,0.6,1,0.86492,2.16329425845443,0.4210852380989322,0.9109312778993366,0.9114512666487397
areal_mass_g_cm2,10,0.6,2,0.8688400000000001,2.172497234165001,0.41943781502439015,0.911227493044699,0.9114111788181901
areal_mass_g_cm2,10,0.6,3,0.8609899999999999,2.1541445825408383,0.4227433591584174,0.9106503169362207,0.9113096853690212
areal_mass_g_cm2,10,0.6,4,0.85927,2.150249607603267,0.4234711034168188,0.9105685739533371,0.9107378247814001
areal_mass_g_cm2,10,0.6,5,0.8666200000000001,2.163566398627367,0.42037000131768093,0.9094984098418765,0.9096283317492778
areal_mass_g_cm2,10,0.6,6,0.86548,2.16337174955925,0.420849496379439,0.9104539112835163,0.9108533071175006
areal_mass_g_cm2,10,0.6,7,0.86435,2.1632014514030766,0.42132532510294446,0.9114115547755626,0.9111125983206768
areal_mass_g_cm2,10,0.6,8,0.86378,2.163110480103578,0.4215655489955584,0.9118928570829108,0.912464208351942
areal_mass_g_cm2,10,0.6,9,0.8632099999999999,2.163021365666287,0.4218059098548231,0.9123751951802902,0.9131628187378097
areal_mass_g_cm2,10,0.6,10,0.8620700000000001,2.169014579118645,0.4222870427857214,0.9159467523751286,0.9163866749573902
areal_mass_g_cm2,10,0.662,1,0.82812,2.0594066737959107,0.4368698300492467,0.8996926435835039,0.9001174053740414
areal_mass_g_cm2,10,0.662,2,0.83189,2.0680346176565036,0.4352259314857998,0.9000622928144316,0.9005522530258857
areal_mass_g_cm2,10,0.662,3,0.82436,2.0508565684284212,0.43851555262980313,0.8993325014688508,0.899484938022293
areal_mass_g_cm2,10,0.662,4,0.8227099999999999,2.0472050538764464,0.4392397005493849,0.8992137348278776,0.8993463791126495
areal_mass_g_cm2,10,0.662,5,0.8297699999999999,2.059252780964515,0.4361495891917775,0.8981422544596986,0.898089766035101
areal_mass_g_cm2,10,0.662,6,0.82867,2.059353120513978,0.436629617707169,0.8991745657340838,0.8998087719633069
areal_mass_g_cm2,10,0.662,7,0.8275699999999999,2.0594625141697485,0.4371101745444513,0.9002120190364932,0.8999811933781438
areal_mass_g_cm2,10,0.662,8,0.82702,2.059520665640642,0.43735065126548694,0.9007327044126641,0.901486120620968
areal_mass_g_cm2,10,0.662,9,0.82648,2.0595972382623327,0.43758688439437465,0.9012527385984727,0.90179671152814
areal_mass_g_cm2,10,0.662,10,0.82538,2.063825501039024,0.4380684948043716,0.9040969307790433,0.9044249764244496
areal_mass_g_cm2,10,0.8,1,0.75953,1.8818731452311095,0.4678862818924541,0.8805026289154422,0.8803645208168426
areal_mass_g_cm2,10,0.8,2,0.76297,1.8895881319848618,0.4662795183006049,0.8810762439684411,0.8815328661063303
areal_mass_g_cm2,10,0.8,3,0.75608,1.8741943740762557,0.4695032772781665,0.879940400885104,0.8799001563565569
areal_mass_g_cm2,10,0.8,4,0.7545599999999999,1.8709254027311066,0.4702174649047206,0.8797417998980644,0.8798447740566899
areal_mass_g_cm2,10,0.8,5,0.76101,1.8808411120497996,0.4671943223716044,0.878718288832761,0.8788305358298523
areal_mass_g_cm2,10,0.8,6,0.76002,1.8815213267977686,0.4676570737749017,0.8799067579353149,0.880228155299114
areal_mass_g_cm2,10,0.8,7,0.75903,1.8822140657292605,0.4681202835289344,0.8811025821113299,0.8813312335687946
areal_mass_g_cm2,10,0.8,8,0.75853,1.8825581587133882,0.4683544021954881,0.8817044010224476,0.8812367402107196
areal_mass_g_cm2,10,0.8,9,0.7580399999999999,1.8829195714704843,0.4685839520876946,0.8823058942629078,0.8824449825313581
areal_mass_g_cm2,10,0.8,10,0.75705,1.8846587059065802,0.4690480799056236,0.8839955472828988,0.8843511576546811
areal_mass_g_cm2,10,1,1,0.68285,1.7130812673449127,0.5051751894823765,0.865406153829676,0.8662215112302382
areal_mass_g_cm2,10,1,2,0.6859500000000001,1.717704867280236,0.5036115712554302,0.8650560471640999,0.8656308083135553
areal_mass_g_cm2,10,1,3,0.67975,1.7084807726751934,0.5067436624467815,0.8657618039653346,0.8667813284571263
areal_mass_g_cm2,10,1,4,0.67838,1.7064839521465807,0.5074383770351674,0.8659354471138191,0.8666385238640208
areal_mass_g_cm2,10,1,5,0.68418,1.7137911092793234,0.5045037530845448,0.8646140466343438,0.8656316524392647
areal_mass_g_cm2,10,1,6,0.68329,1.7133131844267935,0.5049529612927912,0.8651425660982915,0.8664457536196731
areal_mass_g_cm2,10,1,7,0.68241,1.7128500019013693,0.50539751547388,0.8656701353403827,0.8662900139905939
areal_mass_g_cm2,10,1,8,0.68197,1.7126193952411475,0.5056199393103441,0.8659345146835472,0.8660140831705481
areal_mass_g_cm2,10,1,9,0.6815300000000001,1.7123894546140748,0.50584246103483,0.8661992959720739,0.8676240541384882
areal_mass_g_cm2,10,1,10,0.68065,1.714050421652611,0.5062877983202071,0.867802814188323,0.8684079737289853
areal_mass_g_cm2,10,1.173,1,0.6308900000000001,1.63450223664921,0.532118005174421,0.8697480696189069,0.8702183846599246
areal_mass_g_cm2,10,1.173,2,0.6337700000000001,1.641136930285146,0.5305877100023063,0.8707670856402102,0.8713836715469099
areal_mass_g_cm2,10,1.173,3,0.62802,1.627951770675594,0.5336473774487114,0.8687521930340167,0.8687444140938652
areal_mass_g_cm2,10,1.173,4,0.62676,1.6261147929169208,0.534320196931557,0.8688659763846871,0.8693119618910208
areal_mass_g_cm2,10,1.173,5,0.63215,1.6353279434879204,0.5314479587058236,0.8690916973812478,0.8686273612160074
areal_mass_g_cm2,10,1.173,6,0.63131,1.634777351010257,0.5318945625384859,0.8695291839634254,0.8701464361809788
areal_mass_g_cm2,10,1.173,7,0.6304700000000001,1.6342272441789762,0.5323415416759735,0.8699670506151138,0.8711318536635714
areal_mass_g_cm2,10,1.173,8,0.63005,1.6339523740957023,0.5325651720825755,0.8701861272850104,0.8706453435758992
areal_mass_g_cm2,10,1.173,9,0.62963,1.6336776269191997,0.5327888964336751,0.8704052999746656,0.8711227619413986
areal_mass_g_cm2,10,1.173,10,0.6288,1.633140033893445,0.5332312947876346,0.8708413748425232,0.8710614690191262
areal_mass_g_cm2,10,1.33,1,0.59148,1.5772820086809018,0.5535074871529507,0.8730374011565246,0.8730638648210295
areal_mass_g_cm2,10,1.33,2,0.59417,1.5830978849621147,0.5520205528357995,0.8739025696499715,0.8738448094324474
areal_mass_g_cm2,10,1.33,3,0.58879,1.571531897809398,0.5549984267080449,0.8721977308057238,0.872861431465971
areal_mass_g_cm2,10,1.33,4,0.58761,1.5704349788800913,0.55565371139349,0.8726180245168798,0.8731185526206511
areal_mass_g_cm2,10,1.33,5,0.59263,1.5797483626959616,0.5528713194092884,0.8733975616183793,0.8742170697729132
areal_mass_g_cm2,10,1.33,6,0.59187,1.5781101454394784,0.5532916613217337,0.8731551841188917,0.8733137651085311
areal_mass_g_cm2,10,1.33,7,0.5911000000000001,1.5764661780596527,0.5537178599663718,0.8729174784245561,0.8731293813277947
areal_mass_g_cm2,10,1.33,8,0.59071,1.575640677460845,0.5539338520474769,0.8728007099085819,0.8735003874634094
areal_mass_g_cm2,10,1.33,9,0.59033,1.5748274503933688,0.5541443869103454,0.8726817919878157,0.873148886656027
areal_mass_g_cm2,10,1.33,10,0.58956,1.5731939258043035,0.5545712424065422,0.8724481099797182,0.8728444583694469
areal_mass_g_cm2,10,1.5,1,0.55574,1.520351122640824,0.5736476048653716,0.8721457800572875,0.8724111307720891
areal_mass_g_cm2,10,1.5,2,0.55826,1.525250457928772,0.5722038328179347,0.8727541580341535,0.8728901246511992
areal_mass_g_cm2,10,1.5,3,0.55322,1.5155045509439806,0.5750950198064863,0.8715591197419486,0.872480762713661
areal_mass_g_cm2,10,1.5,4,0.55211,1.514603715721055,0.5757337296968811,0.8720084462648376,0.8726960215131755
areal_mass_g_cm2,10,1.5,5,0.55683,1.5227298338433053,0.5730226696276467,0.8725587145105537,0.8730566592443412
areal_mass_g_cm2,10,1.5,6,0.5561,1.5211388950976583,0.5734411288955246,0.8722836052116921,0.8723952063861514
areal_mass_g_cm2,10,1.5,7,0.55538,1.5195650132594278,0.5738541551799491,0.872008696924997,0.8716057039771031
areal_mass_g_cm2,10,1.5,8,0.5550200000000001,1.5187805584486225,0.5740607798660258,0.8718723518283743,0.8720011814012703
areal_mass_g_cm2,10,1.5,9,0.55466,1.5179977497928818,0.5742674789503803,0.8717367408259085,0.8719330204958554
areal_mass_g_cm2,10,1.5,10,0.55394,1.5164370375048621,0.5746811004210857,0.8714677054325853,0.8724844927465165
areal_mass_g_cm2,10,2,1,0.47690000000000005,,,,
areal_mass_g_cm2,10,2,2,0.47898999999999997,,,,
areal_mass_g_cm2,10,2,3,0.4748,,,,
areal_mass_g_cm2,10,2,4,0.47383000000000003,,,,
areal_mass_g_cm2,10,2,5,0.47778,,,,
areal_mass_g_cm2,10,2,6,0.47719,,,,
areal_mass_g_cm2,10,2,7,0.4766,,,,
areal_mass_g_cm2,10,2,8,0.47631,,,,
areal_mass_g_cm2,10,2,9,0.47601,,,,
areal_mass_g_cm2,10,2,10,0.47542,,,,
areal_mass_g_cm2,10,2.51,1,0.4214,,,,
areal_mass_g_cm2,10,2.51,2,0.42321,,,,
areal_mass_g_cm2,10,2.51,3,0.41959,,,,
areal_mass_g_cm2,10,2.51,4,0.41874,,,,
areal_mass_g_cm2,10,2.51,5,0.42217,,,,
areal_mass_g_cm2,10,2.51,6,0.42165,,,,
areal_mass_g_cm2,10,2.51,7,0.42113999999999996,,,,
areal_mass_g_cm2,10,2.51,8,0.42089,,,,
areal_mass_g_cm2,10,2.51,9,0.42063000000000006,,,,
areal_mass_g_cm2,10,2.51,10,0.42012,,,,
areal_mass_g_cm2,10,3,1,0.38245,,,,
areal_mass_g_cm2,10,3,2,0.38399999999999995,,,,
areal_mass_g_cm2,10,3,3,0.38090999999999997,,,,
areal_mass_g_cm2,10,3,4,0.38012999999999997,,,,
areal_mass_g_cm2,10,3,5,0.38308000000000003,,,,
areal_mass_g_cm2,10,3,6,0.38266,,,,
areal_mass_g_cm2,10,3,7,0.38225000000000003,,,,
areal_mass_g_cm2,10,3,8,0.38204000000000005,,,,
areal_mass_g_cm2,10,3,9,0.38183,,,,
areal_mass_g_cm2,10,3,10,0.38141,,,,
areal_mass_g_cm2,10,4,1,0.32726,,,,
areal_mass_g_cm2,10,4,2,0.32843,,,,
areal_mass_g_cm2,10,4,3,0.3261,,,,
areal_mass_g_cm2,10,4,4,0.3254,,,,
areal_mass_g_cm2,10,4,5,0.32771,,,,
areal_mass_g_cm2,10,4,6,0.32741,,,,
areal_mass_g_cm2,10,4,7,0.32711999999999997,,,,
areal_mass_g_cm2,10,4,8,0.32697,,,,
areal_mass_g_cm2,10,4,9,0.32682,,,,
areal_mass_g_cm2,10,4,10,0.32653,,,,
areal_mass_g_cm2,10,5,1,0.29093,,,,
areal_mass_g_cm2,10,5,2,0.29181,,,,
areal_mass_g_cm2,10,5,3,0.29003999999999996,,,,
areal_mass_g_cm2,10,5,4,0.2894,,,,
areal_mass_g_cm2,10,5,5,0.29123,,,,
areal_mass_g_cm2,10,5,6,0.29103,,,,
areal_mass_g_cm2,10,5,7,0.29083000000000003,,,,
areal_mass_g_cm2,10,5,8,0.29073000000000004,,,,
areal_mass_g_cm2,10,5,9,0.29063,,,,
areal_mass_g_cm2,10,5,10,0.29042999999999997,,,,
areal_mass_g_cm2,10,6,1,0.26529,,,,
areal_mass_g_cm2,10,6,2,0.26596000000000003,,,,
areal_mass_g_cm2,10,6,3,0.26461999999999997,,,,
areal_mass_g_cm2,10,6,4,0.26402,,,,
areal_mass_g_cm2,10,6,5,0.26547,,,,
areal_mass_g_cm2,10,6,6,0.26535,,,,
areal_mass_g_cm2,10,6,7,0.26522,,,,
areal_mass_g_cm2,10,6,8,0.26516,,,,
areal_mass_g_cm2,10,6,9,0.2651,,,,
areal_mass_g_cm2,10,6,10,0.26497,,,,
areal_mass_g_cm2,10,7,1,0.24627,,,,
areal_mass_g_cm2,10,7,2,0.24677000000000002,,,,
areal_mass_g_cm2,10,7,3,0.24578,,,,
areal_mass_g_cm2,10,7,4,0.24521,,,,
areal_mass_g_cm2,10,7,5,0.24636000000000002,,,,
areal_mass_g_cm2,10,7,6,0.2463,,,,
areal_mass_g_cm2,10,7,7,0.24624000000000001,,,,
areal_mass_g_cm2,10,7,8,0.24621,,,,
areal_mass_g_cm2,10,7,9,0.24618,,,,
areal_mass_g_cm2,10,7,10,0.24611999999999998,,,,
areal_mass_g_cm2,10,8,1,0.23163,,,,
areal_mass_g_cm2,10,8,2,0.23198,,,,
areal_mass_g_cm2,10,8,3,0.23129,,,,
areal_mass_g_cm2,10,8,4,0.23073,,,,
areal_mass_g_cm2,10,8,5,0.23165000000000002,,,,
areal_mass_g_cm2,10,8,6,0.23164,,,,
areal_mass_g_cm2,10,8,7,0.23163,,,,
areal_mass_g_cm2,10,8,8,0.23162,,,,
areal_mass_g_cm2,10,8,9,0.23162,,,,
areal_mass_g_cm2,10,8,10,0.23161,,,,
areal_mass_g_cm2,10,9,1,0.22012,,,,
areal_mass_g_cm2,10,9,2,0.22034,,,,
areal_mass_g_cm2,10,9,3,0.21989000000000003,,,,
areal_mass_g_cm2,10,9,4,0.21935,,,,
areal_mass_g_cm2,10,9,5,0.22006,,,,
areal_mass_g_cm2,10,9,6,0.2201,,,,
areal_mass_g_cm2,10,9,7,0.22013000000000002,,,,
areal_mass_g_cm2,10,9,8,0.22015,,,,
areal_mass_g_cm2,10,9,9,0.22016999999999998,,,,
areal_mass_g_cm2,10,9,10,0.22021,,,,
areal_mass_g_cm2,10,10,1,0.21078,,,,
areal_mass_g_cm2,10,10,2,0.21089,,,,
areal_mass_g_cm2,10,10,3,0.21067,,,,
areal_mass_g_cm2,10,10,4,0.21014000000000002,,,,
areal_mass_g_cm2,10,10,5,0.21067,,,,
areal_mass_g_cm2,10,10,6,0.21073999999999998,,,,
areal_mass_g_cm2,10,10,7,0.21082,,,,
areal_mass_g_cm2,10,10,8,0.21086,,,,
areal_mass_g_cm2,10,10,9,0.2109,,,,
areal_mass_g_cm2,10,10,10,0.21097000000000002,,,,
areal_mass_g_cm2,10,11,1,0.20314,,,,
areal_mass_g_cm2,10,11,2,0.20316,,,,
areal_mass_g_cm2,10,11,3,0.20312,,,,
areal_mass_g_cm2,10,11,4,0.2026,,,,
areal_mass_g_cm2,10,11,5,0.20296999999999998,,,,
areal_mass_g_cm2,10,11,6,0.20307999999999998,,,,
areal_mass_g_cm2,10,11,7,0.20319,,,,
areal_mass_g_cm2,10,11,8,0.20325,,,,
areal_mass_g_cm2,10,11,9,0.2033,,,,
areal_mass_g_cm2,10,11,10,0.20341,,,,
areal_mass_g_cm2,10,12,1,0.19675,,,,
areal_mass_g_cm2,10,12,2,0.19668000000000002,,,,
areal_mass_g_cm2,10,12,3,0.19681,,,,
areal_mass_g_cm2,10,12,4,0.19630000000000003,,,,
areal_mass_g_cm2,10,12,5,0.19653,,,,
areal_mass_g_cm2,10,12,6,0.19668000000000002,,,,
areal_mass_g_cm2,10,12,7,0.19682000000000002,,,,
areal_mass_g_cm2,10,12,8,0.19689,,,,
areal_mass_g_cm2,10,12,9,0.19696000000000002,,,,
areal_mass_g_cm2,10,12,10,0.1971,,,,
areal_mass_g_cm2,10,13,1,0.19134,,,,
areal_mass_g_cm2,10,13,2,0.1912,,,,
areal_mass_g_cm2,10,13,3,0.19147999999999998,,,,
areal_mass_g_cm2,10,13,4,0.19097,,,,
areal_mass_g_cm2,10,13,5,0.19109,,,,
areal_mass_g_cm2,10,13,6,0.19126,,,,
areal_mass_g_cm2,10,13,7,0.19143,,,,
areal_mass_g_cm2,10,13,8,0.19151,,,,
areal_mass_g_cm2,10,13,9,0.1916,,,,
areal_mass_g_cm2,10,13,10,0.19175999999999999,,,,
areal_mass_g_cm2,10,14,1,0.18678,,,,
areal_mass_g_cm2,10,14,2,0.18657,,,,
areal_mass_g_cm2,10,14,3,0.18699,,,,
areal_mass_g_cm2,10,14,4,0.18649,,,,
areal_mass_g_cm2,10,14,5,0.18649,,,,
areal_mass_g_cm2,10,14,6,0.18669000000000002,,,,
areal_mass_g_cm2,10,14,7,0.18688,,,,
areal_mass_g_cm2,10,14,8,0.18697999999999998,,,,
areal_mass_g_cm2,10,14,9,0.18708,,,,
areal_mass_g_cm2,10,14,10,0.18727,,,,
areal_mass_g_cm2,10,15,1,0.18287,,,,
areal_mass_g_cm2,10,15,2,0.18259999999999998,,,,
areal_mass_g_cm2,10,15,3,0.18314,,,,
areal_mass_g_cm2,10,15,4,0.18264,,,,
areal_mass_g_cm2,10,15,5,0.18253999999999998,,,,
areal_mass_g_cm2,10,15,6,0.18276,,,,
areal_mass_g_cm2,10,15,7,0.18297999999999998,,,,
areal_mass_g_cm2,10,15,8,0.18308999999999997,,,,
areal_mass_g_cm2,10,15,9,0.1832,,,,
areal_mass_g_cm2,10,15,10,0.18342,,,,
areal_mass_g_cm2,20,0.015,1,25.56656,2.2538031787363835,7.881049780943227e-12,1.7762335048069523e-11,1.8380727323083834e-11
areal_mass_g_cm2,20,0.015,2,24.67098,2.333542407959973,1.9298765225842604e-11,4.5034487075766943e-11,4.513282883973842e-11
areal_mass_g_cm2,20,0.015,3,26.462159999999997,2.1772877487166404,3.2183252511950637e-12,7.007220140812417e-12,7.679656301156153e-12
areal_mass_g_cm2,20,0.015,4,26.49812,2.169379752458251,3.1046503983691903e-12,6.7351657126835644e-12,7.162786481492747e-12
areal_mass_g_cm2,20,0.015,5,25.921020000000002,2.2337279135672574,5.52896764755339e-12,1.2350209367550302e-11,1.2778040618289892e-11
areal_mass_g_cm2,20,0.015,6,25.68472,2.247066570691001,7.002737303175218e-12,1.5735616897295884e-11,1.6351865098091143e-11
areal_mass_g_cm2,20,0.015,7,25.44842,2.2605855045333048,8.869346478990772e-12,2.0049916085090045e-11,2.0342138310363013e-11
areal_mass_g_cm2,20,0.015,8,25.33026,2.267413196759982,9.981776853697697e-12,2.263281256518749e-11,2.375292796818119e-11
areal_mass_g_cm2,20,0.015,9,25.21212,2.274287286038854,1.1233508206671865e-11,2.554822489204695e-11,2.6655448347150708e-11
areal_mass_g_cm2,20,0.015,10,24.97582,2.2881746811542065,1.4227847218313121e-11,3.255579977227439e-11,3.332890521220901e-11
areal_mass_g_cm2,20,0.02,1,12.91162,3.9449163409377848,2.4691909786132164e-06,9.740751840427438e-06,9.19584816947874e-06
areal_mass_g_cm2,20,0.02,2,12.553460000000001,4.162493664577637,3.5326579853673625e-06,1.4704666483211245e-05,1.348756814625283e-05
areal_mass_g_cm2,20,0.02,3,13.2698,3.7389696286204437,1.7258342520719468e-06,6.452841852529888e-06,6.025479161158471e-06
areal_mass_g_cm2,20,0.02,4,13.290120000000002,3.7227756741877736,1.6911191994898994e-06,6.295657418012898e-06,5.852552009670963e-06
areal_mass_g_cm2,20,0.02,5,13.086199999999998,3.8727730152478195,2.073650452936723e-06,8.030777517189759e-06,7.233191246830833e-06
areal_mass_g_cm2,20,0.02,6,12.96982,3.9206352995589717,2.3295859733902725e-06,9.13345700063135e-06,8.6044033957416e-06
areal_mass_g_cm2,20,0.02,7,12.85344,3.969438335690158,2.6171097446683874e-06,1.0388455749194978e-05,9.425446909266388e-06
areal_mass_g_cm2,20,0.02,8,12.795240000000002,3.9941985885425377,2.7739451754044857e-06,1.107968790429498e-05,1.0237731253959699e-05
areal_mass_g_cm2,20,0.02,9,12.73706,4.019205928825505,2.9401204737125174e-06,1.1816949639406603e-05,1.1008844632782801e-05
areal_mass_g_cm2,20,0.02,10,12.620659999999999,4.069959562548704,3.303064116990524e-06,1.3443337388657077e-05,1.2374390648138353e-05
areal_mass_g_cm2,20,0.03,1,6.48432,10.099430234735648,0.0015271989088965281,0.015423838834964888,0.015221213149816577
areal_mass_g_cm2,20,0.03,2,6.3934999999999995,10.940106562755682,0.0016723925720215662,0.018296152952676992,0.01782686120875955
areal_mass_g_cm2,20,0.03,3,6.57512,9.53797159217948,0.0013946385517079947,0.013302022887549185,0.013136628542599008
areal_mass_g_cm2,20,0.03,4,6.5782799999999995,9.46571738847308,0.0013902384497072305,0.013159604267517588,0.012870958185948338
areal_mass_g_cm2,20,0.03,5,6.54592,9.725988060536544,0.001435962389291912,0.013966153053632665,0.013620241449588186
areal_mass_g_cm2,20,0.03,6,6.50484,9.96901150304046,0.0014961801283905184,0.01491543691054563,0.014791523160445578
areal_mass_g_cm2,20,0.03,7,6.46378,10.23136470916385,0.001558891947749883,0.015949592059607852,0.015584298059449437
areal_mass_g_cm2,20,0.03,8,6.44324,10.364850639400272,0.0015912426931442175,0.016492992845476853,0.01635016200146242
areal_mass_g_cm2,20,0.03,9,6.4227,10.499898238360062,0.001624264794067126,0.017054615049855684,0.016697195392094626
areal_mass_g_cm2,20,0.03,10,6.381639999999999,10.774748239951137,0.0016923452333300706,0.018234593824212875,0.01791404478233738
areal_mass_g_cm2,20,0.04,1,4.86428,21.433207263481112,0.007717382707146414,0.16540826309387405,0.16618352656519125
areal_mass_g_cm2,20,0.04,2,4.83596,23.327507902721553,0.007939063164833974,0.1851985587178701,0.1854778957811635
areal_mass_g_cm2,20,0.04,3,4.89262,20.463894228872846,0.00750174214060464,0.15351485769761153,0.15350571410644892
areal_mass_g_cm2,20,0.04,4,4.89002,20.257150042225586,0.007521272048048044,0.15235953638570654,0.15298531411913613
areal_mass_g_cm2,20,0.04,5,4.8947400000000005,20.860556972593088,0.007485855293274877,0.15615911083394812,0.15810274052362572
areal_mass_g_cm2,20,0.04,6,4.87444,21.127708814296877,0.007639371069028803,0.1614024074708044,0.16269511752230148
areal_mass_g_cm2,20,0.04,7,4.85414,21.776649760087647,0.00779603506131671,0.1697715250476574,0.17059426685437168
areal_mass_g_cm2,20,0.04,8,4.84398,22.12430167248373,0.007875646518917102,0.1742431794503683,0.17494858655317888
areal_mass_g_cm2,20,0.04,9,4.8338399999999995,22.476422411745784,0.007955911832020256,0.17882043500709355,0.17990839633759104
areal_mass_g_cm2,20,0.04,10,4.81354,23.193695725795095,0.008119067267020398,0.18831117576853387,0.18905103422344915
areal_mass_g_cm2,20,0.05,1,4.22142,32.39496127153308,0.014677787241866287,0.4754863492520607,0.48171191686615006
areal_mass_g_cm2,20,0.05,2,4.21458,34.98033347038229,0.014778527445330909,0.5169578182388721,0.5206828288294805
areal_mass_g_cm2,20,0.05,3,4.2282399999999996,31.18828706852516,0.014578025307752379,0.454663638190406,0.4601360994500275
areal_mass_g_cm2,20,0.05,4,4.22344,30.839850389614096,0.014648168037106042,0.4517473107462775,0.45987184906134554
areal_mass_g_cm2,20,0.05,5,4.24014,31.764009900192004,0.014405574921442125,0.4575788244226453,0.46495198156059814
areal_mass_g_cm2,20,0.05,6,4.22766,32.183553348181874,0.014586483014928849,0.4694448542733114,0.4738043684748401
areal_mass_g_cm2,20,0.05,7,4.21516,32.86581602636127,0.014769958384680421,0.48542673498791883,0.48760295356936684
areal_mass_g_cm2,20,0.05,8,4.20892,33.38262444308367,0.014862411077411847,0.4961462873159662,0.5024066500514743
areal_mass_g_cm2,20,0.05,9,4.20268,33.90584828131134,0.01495544247863863,0.5070769636606003,0.5116881500635428
areal_mass_g_cm2,20,0.05,10,4.1902,34.97176198186706,0.01514325591897788,0.529586341628994,0.537537490302047
areal_mass_g_cm2,20,0.06,1,3.88174,38.558146117222314,0.020614923988991916,0.7948732513629818,0.8040449688329878
areal_mass_g_cm2,20,0.06,2,3.88406,41.13837522916031,0.020567152801342106,0.8460992493370871,0.8530984435086767
areal_mass_g_cm2,20,0.06,3,3.8794,37.183440193536725,0.020663219394713665,0.7683295825692636,0.780468795708762
areal_mass_g_cm2,20,0.06,4,3.87368,36.757689565840714,0.020781751688830532,0.7638891772124187,0.7679120956269344
areal_mass_g_cm2,20,0.06,5,3.89508,37.83708945214487,0.02034174704430176,0.7696725025281493,0.7804290976350756
areal_mass_g_cm2,20,0.06,6,3.8861800000000004,38.31644175280711,0.02052359662326525,0.7863911945734516,0.7959501024397405
areal_mass_g_cm2,20,0.06,7,3.8772800000000003,38.886034549639966,0.02070707188704811,0.8052159128216312,0.814218159123818
areal_mass_g_cm2,20,0.06,8,3.87282,39.461927695371955,0.02079963168257823,0.8207935615482698,0.8331340578104119
areal_mass_g_cm2,20,0.06,9,3.86838,40.04511353426644,0.020892187368821903,0.8366300151636404,0.8482886065214053
areal_mass_g_cm2,20,0.06,10,3.85948,41.232188197284465,0.021078957731680732,0.8691315521952644,0.8756357189172883
areal_mass_g_cm2,20,0.08,1,3.50596,38.22394886889727,0.030017942282886376,1.1474042909705582,1.1558331016208048
areal_mass_g_cm2,20,0.08,2,3.51512,40.153077485258244,0.02974423343191867,1.1943225097314392,1.2060624962354205
areal_mass_g_cm2,20,0.08,3,3.4968,36.99072979142515,0.03029416982492304,1.1206034502492737,1.1266580783496931
areal_mass_g_cm2,20,0.08,4,3.4905799999999996,36.576939627260245,0.03048318679461319,1.1149816830330634,1.1262636274992077
areal_mass_g_cm2,20,0.08,5,3.5149999999999997,37.591665750890876,0.029747802954097558,1.1182694654737997,1.1251779712053547
areal_mass_g_cm2,20,0.08,6,3.50896,38.01185695597333,0.029928023401798495,1.1376197445241867,1.1444104199267158
areal_mass_g_cm2,20,0.08,7,3.5029399999999997,38.43667479050107,0.030108733494305605,1.1572795976744916,1.1637642343140426
areal_mass_g_cm2,20,0.08,8,3.4999200000000004,38.805705818773276,0.03019979930962648,1.1719245277953574,1.1754156685693176
areal_mass_g_cm2,20,0.08,9,3.4969200000000003,39.29908350996187,0.03029053474265334,1.1903902544129348,1.2012249048317019
areal_mass_g_cm2,20,0.08,10,3.4909,40.30199421930931,0.030473433735411604,1.2281401502470637,1.2353412775603552
areal_mass_g_cm2,20,0.1,1,3.2750000000000004,32.58021218430362,0.03781686922932507,1.2320816236374732,1.2392677353938464
areal_mass_g_cm2,20,0.1,2,3.2862,33.89675499175286,0.03739568333773685,1.2675923158484408,1.2729182863451207
areal_mass_g_cm2,20,0.1,3,3.26382,31.59591325864822,0.03824203407024777,1.2082919913178185,1.2149279532889377
areal_mass_g_cm2,20,0.1,4,3.2576,31.25224763201413,0.038480640819880445,1.202606515941495,1.2070350712829023
areal_mass_g_cm2,20,0.1,5,3.2823400000000005,32.07269489766958,0.03754030962458133,1.204018896953246,1.2129965347902307
areal_mass_g_cm2,20,0.1,6,3.2774599999999996,32.41032287306104,0.037723954063531996,1.222645531247595,1.2277825610941153
areal_mass_g_cm2,20,0.1,7,3.27256,32.75146981752883,0.03790925505511642,1.2415838227426477,1.2510478247173298
areal_mass_g_cm2,20,0.1,8,3.2701200000000004,32.950178759355104,0.03800186657756061,1.2521682969197843,1.2674281991102772
areal_mass_g_cm2,20,0.1,9,3.26768,33.298676096152306,0.03809470434802994,1.268503221063734,1.2730142454031943
areal_mass_g_cm2,20,0.1,10,3.2628000000000004,34.005810935143316,0.03828106084527104,1.3017785175010046,1.3118095604766764
areal_mass_g_cm2,20,0.15,1,2.89936,19.538107694203,0.05505844618840317,1.0757378511045017,1.0790685039006542
areal_mass_g_cm2,20,0.15,2,2.91126,20.04565628239723,0.05440713367423279,1.0906267009441104,1.0945228896970671
areal_mass_g_cm2,20,0.15,3,2.88748,19.127993160438695,0.055716441281178815,1.0657437077503726,1.0725828730475213
areal_mass_g_cm2,20,0.15,4,2.8817399999999997,18.97079333805778,0.056037173274341205,1.0630696334364618,1.0663592707978224
areal_mass_g_cm2,20,0.15,5,2.9052,19.370673713647136,0.05473784193827281,1.0603088759754729,1.0644621310369784
areal_mass_g_cm2,20,0.15,6,2.90132,19.482353519625295,0.0549506373210771,1.0705677424179396,1.0746051606309308
areal_mass_g_cm2,20,0.15,7,2.89742,19.59422814427723,0.05516536325002571,1.0809227131829307,1.084334304503605
areal_mass_g_cm2,20,0.15,8,2.89548,19.65046236279503,0.055272487932074475,1.086129943807272,1.0895099072293188
areal_mass_g_cm2,20,0.15,9,2.89352,19.769472768377057,0.05538092824521285,1.0948517528311792,1.0986758689027107
areal_mass_g_cm2,20,0.15,10,2.88964,20.097669303969635,0.05559622364979398,1.1173545174630952,1.1217735791168153
areal_mass_g_cm2,20,0.2,1,2.64286,13.220698202394592,0.07115746790074033,0.9407514079622686,0.9435077141427612
areal_mass_g_cm2,20,0.2,2,2.65426,13.493216149021928,0.07035087905841143,0.9492596174088457,0.950246977690294
areal_mass_g_cm2,20,0.2,3,2.6314599999999997,12.985754080544401,0.07197330446774988,0.9346276321823477,0.9383985293731038
areal_mass_g_cm2,20,0.2,4,2.62618,12.892688414913101,0.07235432853367893,0.9328418132549787,0.9343189066913381
areal_mass_g_cm2,20,0.2,5,2.6480799999999998,13.13371087719273,0.07078699369720512,0.9296959090847561,0.9315274531126748
areal_mass_g_cm2,20,0.2,6,2.6445999999999996,13.191627937008224,0.07103376156231862,0.9370509534962633,0.937095073492604
areal_mass_g_cm2,20,0.2,7,2.64112,13.249843799756349,0.07128138967556628,0.9444672790308182,0.9460388933706385
areal_mass_g_cm2,20,0.2,8,2.63938,13.279065373882803,0.07140552726198203,0.94819866456843,0.9500068524974201
areal_mass_g_cm2,20,0.2,9,2.63764,13.337382000966542,0.07152988103582665,0.9540213478585123,0.9538329853640392
areal_mass_g_cm2,20,0.2,10,2.6341599999999996,13.523829995378886,0.07177923865243262,0.9707302207332278,0.9719561114897338
areal_mass_g_cm2,20,0.3,1,2.29038,8.06378186879827,0.10122798790889147,0.8162804135146494,0.8189445338927037
areal_mass_g_cm2,20,0.3,2,2.3005999999999998,8.179538687945797,0.10019870645955317,0.8195791959680396,0.8239419361386205
areal_mass_g_cm2,20,0.3,3,2.28018,7.9513469344021,0.10226579721523339,0.8131508331815328,0.8145164601520823
areal_mass_g_cm2,20,0.3,4,2.27562,7.905771132108295,0.10273319410553972,0.8121851202688539,0.8129283616423744
areal_mass_g_cm2,20,0.3,5,2.2949,8.026385135317696,0.10077146991145429,0.8088306281614112,0.8097002834715732
areal_mass_g_cm2,20,0.3,6,2.2919,8.051329384145607,0.1010742382466152,0.8137819843751066,0.8154666736584303
areal_mass_g_cm2,20,0.3,7,2.2888800000000002,8.07639645921752,0.10137994382920326,0.8187846193778483,0.8219475462002224
areal_mass_g_cm2,20,0.3,8,2.28736,8.088963550370952,0.10153415851729515,0.8213061073639868,0.8236066373310854
areal_mass_g_cm2,20,0.3,9,2.28586,8.105424416143983,0.10168657403813382,0.8242128400027227,0.8256636426966318
areal_mass_g_cm2,20,0.3,10,2.2828399999999998,8.181979397084998,0.10199413166999911,0.8345138839475073,0.8345309089129278
areal_mass_g_cm2,20,0.356,1,2.1459200000000003,6.658216920117227,0.11696038397804927,0.7787476075860554,0.784075832982426
areal_mass_g_cm2,20,0.356,2,2.15556,6.74134343039364,0.11583830299636391,0.7809057828924858,0.7829926057436005
areal_mass_g_cm2,20,0.356,3,2.13628,6.5763057277322465,0.11809333412560549,0.7766178696172173,0.780403255862956
areal_mass_g_cm2,20,0.356,4,2.13202,6.542792367753241,0.11859748480750622,0.7759587184332826,0.7787609414120199
areal_mass_g_cm2,20,0.356,5,2.1501799999999998,6.633533634762905,0.1164631925120279,0.7725625047404044,0.7755223916186029
areal_mass_g_cm2,20,0.356,6,2.1473400000000002,6.649949078117224,0.11679441809646417,0.7766769329498195,0.7799759739017578
areal_mass_g_cm2,20,0.356,7,2.1445,6.6665253943424245,0.11712658569859231,0.7808273579122899,0.7848522875826227
areal_mass_g_cm2,20,0.356,8,2.14308,6.674874922586394,0.11729302359322238,0.7829162617767343,0.7862276062631062
areal_mass_g_cm2,20,0.356,9,2.14166,6.684495609661499,0.11745969799754497,0.7851588355767549,0.7886216653100125
areal_mass_g_cm2,20,0.356,10,2.13882,6.738982113951592,0.11779375768007457,0.7938100261411705,0.7951856091691868
areal_mass_g_cm2,20,0.4,1,2.04968,5.852697070555138,0.1287761053488825,0.7536875345329045,0.754915802617484
areal_mass_g_cm2,20,0.4,2,2.05892,5.919102139738079,0.12759169454022884,0.755228272165876,0.7564873058108322
areal_mass_g_cm2,20,0.4,3,2.0404400000000003,5.787198199469496,0.12997151083057273,0.7521708934610206,0.7531651482161907
areal_mass_g_cm2,20,0.4,4,2.03636,5.76015309095169,0.13050287784636158,0.7517165552048104,0.7510787921280977
areal_mass_g_cm2,20,0.4,5,2.05374,5.8345928042886595,0.12825433427317168,0.7483118158690799,0.7489937094526551
areal_mass_g_cm2,20,0.4,6,2.05104,5.8466557121019065,0.12860108888378016,0.7518862909048782,0.7522595567738378
areal_mass_g_cm2,20,0.4,7,2.04832,5.858770071982705,0.128951359998306,0.755496368699543,0.7552169282596977
areal_mass_g_cm2,20,0.4,8,2.04698,5.864949957774484,0.1291242706449638,0.7573073856668414,0.7568366189040326
areal_mass_g_cm2,20,0.4,9,2.04562,5.871387451161164,0.12929999912131926,0.7591703922760634,0.7597772939523176
areal_mass_g_cm2,20,0.4,10,2.04292,5.914001553967703,0.12964958084189873,0.7667478225702504,0.7678919787361633
areal_mass_g_cm2,20,0.5,1,1.87086,4.6802709712462125,0.15399117244456553,0.7207204142204697,0.7226139842126187
areal_mass_g_cm2,20,0.5,2,1.8793199999999999,4.72500404492996,0.1526939023156289,0.7214793060774868,0.721583143507823
areal_mass_g_cm2,20,0.5,3,1.86238,4.63601367870388,0.15530257005417572,0.7199848391090262,0.7195352440105264
areal_mass_g_cm2,20,0.5,4,1.85866,4.617576594510606,0.1558813715180263,0.7197941726418504,0.7205566867202025
areal_mass_g_cm2,20,0.5,5,1.87452,4.669593349768132,0.1534285948983332,0.7164491464015253,0.7182430011634812
areal_mass_g_cm2,20,0.5,6,1.8720800000000002,4.676690387622117,0.15380341776782377,0.7192909654582103,0.7187431242251349
areal_mass_g_cm2,20,0.5,7,1.86964,4.683873228905744,0.15417915632179674,0.7221556227509376,0.722571277253061
areal_mass_g_cm2,20,0.5,8,1.86842,4.687497387987922,0.1543673696793127,0.7235966421623442,0.7243452700829737
areal_mass_g_cm2,20,0.5,9,1.8672,4.691143679237175,0.15455581279725017,0.7250435242931843,0.7270688228844073
areal_mass_g_cm2,20,0.5,10,1.86474,4.717359263786717,0.15493648813542277,0.7308910776042173,0.7320012107191396
areal_mass_g_cm2,20,0.511,1,1.85376,4.583491734861765,0.15664706465462555,0.7179905261348327,0.7202064614202076
areal_mass_g_cm2,20,0.511,2,1.8621599999999998,4.626467462436703,0.15533674037818548,0.7186603750806527,0.7199004648143633
areal_mass_g_cm2,20,0.511,3,1.8453600000000001,4.541022261619085,0.1579684420129396,0.7173382118140423,0.7183961095386956
areal_mass_g_cm2,20,0.511,4,1.84166,4.523267681307009,0.15855400787720347,0.7171822195726514,0.7177088041574397
areal_mass_g_cm2,20,0.511,5,1.8574,4.573575812094923,0.15607790583675835,0.713834134937427,0.7160225601926876
areal_mass_g_cm2,20,0.511,6,1.85496,4.580128598500811,0.15645920091782575,0.716603260622318,0.7165977835509721
areal_mass_g_cm2,20,0.511,7,1.85254,4.5868185616809045,0.15683829069767205,0.7193887829543877,0.7207556216067826
areal_mass_g_cm2,20,0.511,8,1.85134,4.590222899645857,0.15702660961526158,0.720787139309724,0.7209783594613998
areal_mass_g_cm2,20,0.511,9,1.85012,4.593591084050837,0.1572182989857323,0.7221965764704987,0.7226059745172988
areal_mass_g_cm2,20,0.511,10,1.8477,4.61920166581146,0.15759922800748807,0.727982616542789,0.7285485780148752
areal_mass_g_cm2,20,0.6,1,1.72984,3.937978717231094,0.17731277774483445,0.6982539450522852,0.6997684456463765
areal_mass_g_cm2,20,0.6,2,1.7376800000000001,3.9692723040679403,0.1759280806724345,0.6983064581209246,0.6988430932184213
areal_mass_g_cm2,20,0.6,3,1.7219799999999998,3.906969645192114,0.17871194771254265,0.6982221549460644,0.7001358697005162
areal_mass_g_cm2,20,0.6,4,1.71854,3.8939450236513244,0.17932777542905806,0.6982924987344429,0.6987823966963234
areal_mass_g_cm2,20,0.6,5,1.7332400000000001,3.932723729158173,0.17671093800782708,0.6949552991051805,0.6953294690756633
areal_mass_g_cm2,20,0.6,6,1.73096,3.936182875873638,0.17711429860282746,0.6971542692328196,0.698313177143738
areal_mass_g_cm2,20,0.6,7,1.7287,3.939739330651081,0.17751502957310183,0.6993629437908391,0.6984911318694157
areal_mass_g_cm2,20,0.6,8,1.72756,3.9415125622825933,0.1777175120999266,0.7004758064794694,0.7021517747159515
areal_mass_g_cm2,20,0.6,9,1.7264199999999998,3.9432985492832793,0.1779202255884551,0.7015925674511088,0.7039124919772406
areal_mass_g_cm2,20,0.6,10,1.7241400000000002,3.964735897597488,0.1783263465047097,0.7070168674746309,0.7083337365294685
areal_mass_g_cm2,20,0.662,1,1.65624,3.6236829880746955,0.19085524840725768,0.6915989168381498,0.6927770513635081
areal_mass_g_cm2,20,0.662,2,1.66378,3.651094385082319,0.1894216114376821,0.6915961819333659,0.6929599897342856
areal_mass_g_cm2,20,0.662,3,1.64872,3.5965874425359434,0.19229588989822163,0.6916089828592183,0.6920301063690601
areal_mass_g_cm2,20,0.662,4,1.6454199999999999,3.5851271324131964,0.19293151453871332,0.6916840074703122,0.6920499839818036
areal_mass_g_cm2,20,0.662,5,1.6595399999999998,3.618960218144865,0.19022646415215627,0.6884220062050138,0.6882778801666638
areal_mass_g_cm2,20,0.662,6,1.65734,3.6220966965803085,0.19064542305910853,0.6905361570805524,0.6922907699741457
areal_mass_g_cm2,20,0.662,7,1.6551399999999998,3.625281483719447,0.19106530469028066,0.6926655112748888,0.6920243185023529
areal_mass_g_cm2,20,0.662,8,1.65404,3.626892312899469,0.1912755921623456,0.6937359748589051,0.6958400941500716
areal_mass_g_cm2,20,0.662,9,1.65296,3.628559355107497,0.19148228139397583,0.6948048234894372,0.6963279536390082
areal_mass_g_cm2,20,0.662,10,1.65076,3.6444993482769004,0.19190400614016773,0.6993940253095675,0.700324879693364
areal_mass_g_cm2,20,0.8,1,1.51906,3.106336427974917,0.21891757278314503,0.6800316310601336,0.6796808397512937
areal_mass_g_cm2,20,0.8,2,1.52594,3.1278360811785335,0.2174165891866441,0.680043452304756,0.6812079774448446
areal_mass_g_cm2,20,0.8,3,1.51216,3.0849846756182653,0.22043332737493887,0.6800334369472306,0.6799315035487106
areal_mass_g_cm2,20,0.8,4,1.5091199999999998,3.0759421092605552,0.22110446430142214,0.6801045322902416,0.680365125007569
areal_mass_g_cm2,20,0.8,5,1.52202,3.101974526671901,0.21827053485626263,0.677069639047178,0.6773527938195995
areal_mass_g_cm2,20,0.8,6,1.52004,3.1048593079247975,0.21870313865170385,0.6790424757151102,0.6798574749215733
areal_mass_g_cm2,20,0.8,7,1.51806,3.1077884736669037,0.21913659985120998,0.6810301991761469,0.6816127820272232
areal_mass_g_cm2,20,0.8,8,1.51706,3.1092517765974352,0.21935584605589298,0.6820325540563188,0.6808394900025312
areal_mass_g_cm2,20,0.8,9,1.5160799999999999,3.1107629230959057,0.21957092015412286,0.6830330774054969,0.6833891808672587
areal_mass_g_cm2,20,0.8,10,1.5141,3.1192717903315126,0.22000610126315226,0.686258825370969,0.6871776202389551
areal_mass_g_cm2,20,1,1,1.3657,2.6406435518010154,0.255201972068555,0.6738974419497326,0.6758142416853953
areal_mass_g_cm2,20,1,2,1.3719000000000001,2.653776087805419,0.25362461470236325,0.6730629377759944,0.6744143627911282
areal_mass_g_cm2,20,1,3,1.3595,2.6276050445767725,0.25678913942997755,0.6747404381587372,0.6771367257113255
areal_mass_g_cm2,20,1,4,1.35676,2.6220060957155713,0.25749370648808473,0.6751500680201543,0.6768017039279167
areal_mass_g_cm2,20,1,5,1.36836,2.6404237678691005,0.2545240368763913,0.672051316462415,0.6744355568468408
areal_mass_g_cm2,20,1,6,1.36658,2.6405564280150857,0.2549774931183591,0.6732824584528554,0.6763443461262804
areal_mass_g_cm2,20,1,7,1.36482,2.640734680627774,0.25542664864717074,0.674514009439109,0.6759726619495656
areal_mass_g_cm2,20,1,8,1.36394,2.640829856999266,0.25565152302819605,0.6751321750001955,0.675319504936016
areal_mass_g_cm2,20,1,9,1.3630600000000002,2.640929124049446,0.25587659538577345,0.6757519529169053,0.6791163889592462
areal_mass_g_cm2,20,1,10,1.3613,2.6468814469595303,0.2563273347279227,0.6784680666399239,0.6799047467946693
areal_mass_g_cm2,20,1.173,1,1.2617800000000001,2.431997199479154,0.28314957143080505,0.6886189647534405,0.6897179666858675
areal_mass_g_cm2,20,1.173,2,1.2675400000000001,2.4499766256308293,0.2815233180054915,0.689725548683489,0.6911747164280365
areal_mass_g_cm2,20,1.173,3,1.25604,2.4143003359414363,0.2847795234578875,0.6875432991536199,0.6875252314318536
areal_mass_g_cm2,20,1.173,4,1.25352,2.409678652574489,0.2854980728489779,0.6879586114953383,0.6889949352261305
areal_mass_g_cm2,20,1.173,5,1.2643,2.4335595650659965,0.28243693281258675,0.6873270993739726,0.6862456624120723
areal_mass_g_cm2,20,1.173,6,1.26262,2.432517537134769,0.2829118256580072,0.6881879773759169,0.689629540108562
areal_mass_g_cm2,20,1.173,7,1.2609400000000002,2.431477315181372,0.28338751699395226,0.6890503189763704,0.6917764424758747
areal_mass_g_cm2,20,1.173,8,1.2601,2.430957886159538,0.28362566251534327,0.6894820410088974,0.6905566620054601
areal_mass_g_cm2,20,1.173,9,1.25926,2.4304389144063183,0.28386400816301344,0.6899141318387406,0.6915948365343199
areal_mass_g_cm2,20,1.173,10,1.2576,2.4294298360560522,0.28433561374089733,0.6907734234754452,0.6912894515436343
areal_mass_g_cm2,20,1.33,1,1.18296,2.282325976729775,0.3063705383343739,0.6992374381452269,0.6992988773261732
areal_mass_g_cm2,20,1.33,2,1.18834,2.2977059264984616,0.30472669075314174,0.7001723233057577,0.7000375538330578
areal_mass_g_cm2,20,1.33,3,1.17758,2.267168099577849,0.30802325364840505,0.6983404945998402,0.6998748681570125
areal_mass_g_cm2,20,1.33,4,1.17522,2.2647413638497325,0.3087510469853598,0.6992412672396566,0.7003995349956524
areal_mass_g_cm2,20,1.33,5,1.18526,2.2888383433688517,0.3056666958253674,0.6996216536959645,0.7015300504157389
areal_mass_g_cm2,20,1.33,6,1.18374,2.284509402692052,0.3061316624881641,0.6993606614159606,0.6997291444860939
areal_mass_g_cm2,20,1.33,7,1.1822000000000001,2.2801725817746767,0.3066034684457386,0.6991088222269904,0.6996005416948923
areal_mass_g_cm2,20,1.33,8,1.18142,2.2779980517117675,0.306842712444156,0.6989871011297415,0.7006104662575271
areal_mass_g_cm2,20,1.33,9,1.18066,2.2758534466700917,0.3070760015442426,0.6988599765041349,0.699942665274337
areal_mass_g_cm2,20,1.33,10,1.17912,2.2715518632574145,0.3075492629043358,0.6986141011937884,0.6995314568735727
areal_mass_g_cm2,20,1.5,1,1.11148,2.1339029615724847,0.3290715745677775,0.7022068075395012,0.7028094581978072
areal_mass_g_cm2,20,1.5,2,1.11652,2.146431945992684,0.327417226291535,0.7027787941804665,0.703088781441414
areal_mass_g_cm2,20,1.5,3,1.10644,2.121544351089428,0.33073428180622283,0.701667447277611,0.7037539916214207
areal_mass_g_cm2,20,1.5,4,1.10422,2.119656007560751,0.33146932751068137,0.7026009513801379,0.7041590987238068
areal_mass_g_cm2,20,1.5,5,1.11366,2.140069805192075,0.32835497990719514,0.7027025778838387,0.703836415097754
areal_mass_g_cm2,20,1.5,6,1.1122,2.135945314853699,0.32883472830897365,0.7023729972927413,0.7026266161275029
areal_mass_g_cm2,20,1.5,7,1.11076,2.131865992883334,0.3293085914172931,0.7020417872068397,0.7011278844592538
areal_mass_g_cm2,20,1.5,8,1.1100400000000001,2.129834379342215,0.32954577898038967,0.7018779296395451,0.7021700270158746
areal_mass_g_cm2,20,1.5,9,1.10932,2.127808091811648,0.32978313738002557,0.7017152282602508,0.7021599471089605
areal_mass_g_cm2,20,1.5,10,1.10788,2.1237713791093156,0.33025836718118995,0.7013932679307865,0.7036955219411848
areal_mass_g_cm2,20,2,1,0.9538000000000001,1.8491083206107293,0.3852741963020453,0.7124137220987234,0.7140226768758442
areal_mass_g_cm2,20,2,2,0.9579799999999999,1.8584259351220407,0.3836671113091067,0.7130169101101986,0.7158966511718452
areal_mass_g_cm2,20,2,3,0.9496,1.840140208209658,0.38689575080729055,0.7119424274459596,0.7138334224953793
areal_mass_g_cm2,20,2,4,0.9476600000000001,1.8388782005694617,0.3876470570953214,0.712835722807492,0.7137742431377412
areal_mass_g_cm2,20,2,5,0.95556,1.8538310744126205,0.38459671007931157,0.7129773322618893,0.7126993401571097
areal_mass_g_cm2,20,2,6,0.95438,1.8506716937455892,0.38505080205878317,0.7126026200242258,0.7149711537254791
areal_mass_g_cm2,20,2,7,0.9532,1.8475299705947197,0.38550543018305383,0.7122328360902022,0.7134077122657884
areal_mass_g_cm2,20,2,8,0.95262,1.8459753153755991,0.3857290881871113,0.7120463752157451,0.7137109017643526
areal_mass_g_cm2,20,2,9,0.95202,1.8444056836058629,0.3859605950851478,0.7118679152229477,0.7119834431455292
areal_mass_g_cm2,20,2,10,0.95084,1.8412986157961337,0.3864162973988367,0.7115077935215451,0.712636824366551
areal_mass_g_cm2,20,2.51,1,0.8428,1.6787317077363317,0.43050342469035024,0.722699749316771,0.7240109408959063
areal_mass_g_cm2,20,2.51,2,0.84642,1.6858138821439037,0.42894781963689016,0.7231261890592288,0.7253862825888124
areal_mass_g_cm2,20,2.51,3,0.83918,1.6717371636048153,0.4320646712390495,0.7222985679910157,0.7224205723187297
areal_mass_g_cm2,20,2.51,4,0.83748,1.6707960874950925,0.43279980586754524,0.7231202223121301,0.7231848088979078
areal_mass_g_cm2,20,2.51,5,0.84434,1.6824760247187363,0.4298409596453369,0.7231971090453732,0.7241776746558025
areal_mass_g_cm2,20,2.51,6,0.8433,1.6799651057953797,0.43028822678196543,0.7228692064282709,0.7223535997716466
areal_mass_g_cm2,20,2.51,7,0.8422799999999999,1.6774847439806106,0.4307273446853423,0.7225385495249397,0.7238215163280308
areal_mass_g_cm2,20,2.51,8,0.84178,1.6762580387213268,0.4309427622075776,0.7223712693792251,0.7208517167689551
areal_mass_g_cm2,20,2.51,9,0.8412600000000001,1.6750177695537558,0.43116691071748725,0.7222122370953888,0.722398695287105
areal_mass_g_cm2,20,2.51,10,0.84024,1.6725640159912032,0.4316069253357252,0.721890212369136,0.7222203297665348
areal_mass_g_cm2,20,3,1,0.7649,1.5687623484522084,0.465380466694158,0.7300713538549121,0.7315957488588127
areal_mass_g_cm2,20,3,2,0.7679999999999999,1.574366287906067,0.4639400210916467,0.7304115288171182,0.7302166683260395
areal_mass_g_cm2,20,3,3,0.7618199999999999,1.563006147989102,0.46681604819220823,0.7296363533043984,0.7336016104134612
areal_mass_g_cm2,20,3,4,0.7602599999999999,1.5622552441177293,0.46754484954464204,0.7304243930613518,0.7323876573305815
areal_mass_g_cm2,20,3,5,0.7661600000000001,1.5718612458443821,0.4647944565700307,0.730592393565731,0.7310874755505663
areal_mass_g_cm2,20,3,6,0.76532,1.5697923706600232,0.46518504793895776,0.730243939199693,0.7329693918384249
areal_mass_g_cm2,20,3,7,0.7645000000000001,1.5677504676777578,0.46556665611623754,0.7298923428614013,0.7298923428614013
areal_mass_g_cm2,20,3,8,0.7640800000000001,1.566726242742429,0.46576223518053483,0.729721916735715,0.7295265968756004
areal_mass_g_cm2,20,3,9,0.76366,1.5657048972923433,0.4659578964052917,0.7295525603338037,0.730559692186678
areal_mass_g_cm2,20,3,10,0.76282,1.563670769700837,0.4663494654742568,0.729217027627705,0.7301721442127399
areal_mass_g_cm2,20,4,1,0.65452,1.4273119119836044,0.5196914546263911,0.7417618037443349,0.7428863614449215
areal_mass_g_cm2,20,4,2,0.65686,1.4309394757797387,0.518476798324686,0.7419089179986834,0.7424339025993117
areal_mass_g_cm2,20,4,3,0.6522,1.4238783061023756,0.5208985384769736,0.7416961286177964,0.7421741413821461
areal_mass_g_cm2,20,4,4,0.6508,1.423217397355713,0.5216283071497168,0.7423904816886863,0.7433547656596814
areal_mass_g_cm2,20,4,5,0.65542,1.429110220000301,0.5192239427291381,0.7420282430230621,0.7442354084777044
areal_mass_g_cm2,20,4,6,0.65482,1.4279097099005513,0.5195355705737802,0.7418498858610238,0.7448272957866179
areal_mass_g_cm2,20,4,7,0.6542399999999999,1.4267287072422377,0.5198369886074931,0.7416663547326664,0.742920752733519
areal_mass_g_cm2,20,4,8,0.65394,1.426134132342098,0.5199929630990792,0.7415797132533019,0.7416930219541356
areal_mass_g_cm2,20,4,9,0.65364,1.4255411582360642,0.5201489843900323,0.7414937856626792,0.7416152234427166
areal_mass_g_cm2,20,4,10,0.65306,1.4243728920684635,0.5204507583069548,0.7413159517889021,0.741477963965914
areal_mass_g_cm2,20,5,1,0.58186,1.338957300257365,0.5588579235155864,0.7482868964978665,0.7491914711675507
areal_mass_g_cm2,20,5,2,0.58362,1.3412188310871374,0.5578751986217796,0.7482327217880078,0.7487058238841094
areal_mass_g_cm2,20,5,3,0.5800799999999999,1.336929418271827,0.5598535764877038,0.7484847163311077,0.7480018222784073
areal_mass_g_cm2,20,5,4,0.5788,1.3363330092364505,0.5605706478934036,0.7491090607890187,0.7492039445204741
areal_mass_g_cm2,20,5,5,0.58246,1.3399398938270621,0.5585227093357874,0.7483868598473981,0.7492563602518427
areal_mass_g_cm2,20,5,6,0.58206,1.3392839900589566,0.5587461631072966,0.7483197907564728,0.7498272927815559
areal_mass_g_cm2,20,5,7,0.5816600000000001,1.3386314437758062,0.5589697062781932,0.7482544249421161,0.7472208928213849
areal_mass_g_cm2,20,5,8,0.5814600000000001,1.3383064146469308,0.5590815113995883,0.7482223730165701,0.7485067549726916
areal_mass_g_cm2,20,5,9,0.58126,1.3379822069775626,0.5591933388842439,0.7481907376874928,0.7492597830946023
areal_mass_g_cm2,20,5,10,0.5808599999999999,1.337336232706703,0.5594170609612301,0.7481287048177475,0.7480338545442723
areal_mass_g_cm2,20,6,1,0.53058,1.285628569603011,0.5882636777801598,0.7562885906139133,0.7563427084054445
areal_mass_g_cm2,20,6,2,0.5319200000000001,1.287017044657811,0.5874759323592393,0.7560915382725804,0.7580113278522305
areal_mass_g_cm2,20,6,3,0.5292399999999999,1.284446144325017,0.5890524794874982,0.7566061860828082,0.7563262697274206
areal_mass_g_cm2,20,6,4,0.52804,1.2838863248760695,0.5897597667503663,0.7571844994928958,0.7567510130917907
areal_mass_g_cm2,20,6,5,0.53094,1.286126595999028,0.5880519409710714,0.7563092411117454,0.7575445655726176
areal_mass_g_cm2,20,6,6,0.5307,1.28579304127064,0.5881930903741552,0.7562945825265615,0.757214618359273
areal_mass_g_cm2,20,6,7,0.53044,1.2854541094183451,0.588346040460302,0.7562918354697072,0.7565624988092986
areal_mass_g_cm2,20,6,8,0.53032,1.285290413607942,0.5884166462214182,0.7562862745957246,0.7589320767430034
areal_mass_g_cm2,20,6,9,0.5302,1.2851270992016408,0.5884872604557342,0.7562809259465981,0.7556763443589092
areal_mass_g_cm2,20,6,10,0.52994,1.284791246381705,0.5886402870360461,0.7562798880515262,0.7580685236839452
areal_mass_g_cm2,20,7,1,0.49254,,,,
areal_mass_g_cm2,20,7,2,0.49354000000000003,,,,
areal_mass_g_cm2,20,7,3,0.49156,,,,
areal_mass_g_cm2,20,7,4,0.49042,,,,
areal_mass_g_cm2,20,7,5,0.49272000000000005,,,,
areal_mass_g_cm2,20,7,6,0.4926,,,,
areal_mass_g_cm2,20,7,7,0.49248000000000003,,,,
areal_mass_g_cm2,20,7,8,0.49242,,,,
areal_mass_g_cm2,20,7,9,0.49236,,,,
areal_mass_g_cm2,20,7,10,0.49223999999999996,,,,
areal_mass_g_cm2,20,8,1,0.46326,,,,
areal_mass_g_cm2,20,8,2,0.46396,,,,
areal_mass_g_cm2,20,8,3,0.46258,,,,
areal_mass_g_cm2,20,8,4,0.46146,,,,
areal_mass_g_cm2,20,8,5,0.46330000000000005,,,,
areal_mass_g_cm2,20,8,6,0.46328,,,,
areal_mass_g_cm2,20,8,7,0.46326,,,,
areal_mass_g_cm2,20,8,8,0.46324,,,,
areal_mass_g_cm2,20,8,9,0.46324,,,,
areal_mass_g_cm2,20,8,10,0.46322,,,,
areal_mass_g_cm2,20,9,1,0.44024,,,,
areal_mass_g_cm2,20,9,2,0.44068,,,,
areal_mass_g_cm2,20,9,3,0.43978000000000006,,,,
areal_mass_g_cm2,20,9,4,0.4387,,,,
areal_mass_g_cm2,20,9,5,0.44012,,,,
areal_mass_g_cm2,20,9,6,0.4402,,,,
areal_mass_g_cm2,20,9,7,0.44026000000000004,,,,
areal_mass_g_cm2,20,9,8,0.4403,,,,
areal_mass_g_cm2,20,9,9,0.44033999999999995,,,,
areal_mass_g_cm2,20,9,10,0.44042,,,,
areal_mass_g_cm2,20,10,1,0.42156,,,,
areal_mass_g_cm2,20,10,2,0.42178,,,,
areal_mass_g_cm2,20,10,3,0.42134,,,,
areal_mass_g_cm2,20,10,4,0.42028000000000004,,,,
areal_mass_g_cm2,20,10,5,0.42134,,,,
areal_mass_g_cm2,20,10,6,0.42147999999999997,,,,
areal_mass_g_cm2,20,10,7,0.42164,,,,
areal_mass_g_cm2,20,10,8,0.42172,,,,
areal_mass_g_cm2,20,10,9,0.4218,,,,
areal_mass_g_cm2,20,10,10,0.42194000000000004,,,,
areal_mass_g_cm2,20,11,1,0.40628,,,,
areal_mass_g_cm2,20,11,2,0.40632,,,,
areal_mass_g_cm2,20,11,3,0.40624,,,,
areal_mass_g_cm2,20,11,4,0.4052,,,,
areal_mass_g_cm2,20,11,5,0.40593999999999997,,,,
areal_mass_g_cm2,20,11,6,0.40615999999999997,,,,
areal_mass_g_cm2,20,11,7,0.40638,,,,
areal_mass_g_cm2,20,11,8,0.4065,,,,
areal_mass_g_cm2,20,11,9,0.4066,,,,
areal_mass_g_cm2,20,11,10,0.40682,,,,
areal_mass_g_cm2,20,12,1,0.3935,,,,
areal_mass_g_cm2,20,12,2,0.39336000000000004,,,,
areal_mass_g_cm2,20,12,3,0.39362,,,,
areal_mass_g_cm2,20,12,4,0.39260000000000006,,,,
areal_mass_g_cm2,20,12,5,0.39306,,,,
areal_mass_g_cm2,20,12,6,0.39336000000000004,,,,
areal_mass_g_cm2,20,12,7,0.39364000000000005,,,,
areal_mass_g_cm2,20,12,8,0.39378,,,,
areal_mass_g_cm2,20,12,9,0.39392000000000005,,,,
areal_mass_g_cm2,20,12,10,0.3942,,,,
areal_mass_g_cm2,20,13,1,0.38268,,,,
areal_mass_g_cm2,20,13,2,0.3824,,,,
areal_mass_g_cm2,20,13,3,0.38295999999999997,,,,
areal_mass_g_cm2,20,13,4,0.38194,,,,
areal_mass_g_cm2,20,13,5,0.38218,,,,
areal_mass_g_cm2,20,13,6,0.38252,,,,
areal_mass_g_cm2,20,13,7,0.38286,,,,
areal_mass_g_cm2,20,13,8,0.38302,,,,
areal_mass_g_cm2,20,13,9,0.3832,,,,
areal_mass_g_cm2,20,13,10,0.38351999999999997,,,,
areal_mass_g_cm2,20,14,1,0.37356,,,,
areal_mass_g_cm2,20,14,2,0.37314,,,,
areal_mass_g_cm2,20,14,3,0.37398,,,,
areal_mass_g_cm2,20,14,4,0.37298,,,,
areal_mass_g_cm2,20,14,5,0.37298,,,,
areal_mass_g_cm2,20,14,6,0.37338000000000005,,,,
areal_mass_g_cm2,20,14,7,0.37376,,,,
areal_mass_g_cm2,20,14,8,0.37395999999999996,,,,
areal_mass_g_cm2,20,14,9,0.37416,,,,
areal_mass_g_cm2,20,14,10,0.37454,,,,
areal_mass_g_cm2,20,15,1,0.36574,,,,
areal_mass_g_cm2,20,15,2,0.36519999999999997,,,,
areal_mass_g_cm2,20,15,3,0.36628,,,,
areal_mass_g_cm2,20,15,4,0.36528,,,,
areal_mass_g_cm2,20,15,5,0.36507999999999996,,,,
areal_mass_g_cm2,20,15,6,0.36552,,,,
areal_mass_g_cm2,20,15,7,0.36595999999999995,,,,
areal_mass_g_cm2,20,15,8,0.36617999999999995,,,,
areal_mass_g_cm2,20,15,9,0.3664,,,,
areal_mass_g_cm2,20,15,10,0.36684,,,,
areal_mass_g_cm2,50,0.015,1,63.916399999999996,,,,
areal_mass_g_cm2,50,0.015,2,61.67745,,,,
areal_mass_g_cm2,50,0.015,3,66.1554,,,,
areal_mass_g_cm2,50,0.015,4,66.2453,,,,
areal_mass_g_cm2,50,0.015,5,64.80255,,,,
areal_mass_g_cm2,50,0.015,6,64.2118,,,,
areal_mass_g_cm2,50,0.015,7,63.621050000000004,,,,
areal_mass_g_cm2,50,0.015,8,63.32565,,,,
areal_mass_g_cm2,50,0.015,9,63.0303,,,,
areal_mass_g_cm2,50,0.015,10,62.43955,,,,
areal_mass_g_cm2,50,0.02,1,32.27905,6.167182201765549,9.580467543458107e-15,5.908448891860734e-14,5.099510437376526e-14
areal_mass_g_cm2,50,0.02,2,31.383650000000003,6.7008473186873205,2.3456001623306345e-14,1.5717508558465777e-13,1.259791803678541e-13
areal_mass_g_cm2,50,0.02,3,33.1745,5.677785477054919,3.9128906397614866e-15,2.22165536477419e-14,1.8649368772021263e-14
areal_mass_g_cm2,50,0.02,4,33.225300000000004,5.643492651975418,3.719080256766021e-15,2.098860210116589e-14,1.7419363737734866e-14
areal_mass_g_cm2,50,0.02,5,32.7155,5.988462120631295,6.192113058427372e-15,3.7081234497058716e-14,2.838099348303758e-14
areal_mass_g_cm2,50,0.02,6,32.42455,6.106800966255308,8.283175380255479e-15,5.058370341580634e-14,4.3425033136277535e-14
areal_mass_g_cm2,50,0.02,7,32.1336,6.228383434531015,1.1080384633270294e-14,6.901288409809272e-14,5.3808651508445204e-14
areal_mass_g_cm2,50,0.02,8,31.988100000000003,6.2904008359334584,1.2815769372832368e-14,8.061632637599515e-14,6.585717032448421e-14
areal_mass_g_cm2,50,0.02,9,31.84265,6.3532473648277765,1.482220501015466e-14,9.416913492170216e-14,7.855688869871453e-14
areal_mass_g_cm2,50,0.02,10,31.55165,6.481421559621747,1.9828620918631684e-14,1.2851765111958618e-13,1.0395664375022092e-13
areal_mass_g_cm2,50,0.03,1,16.2108,23.870786973032594,9.114629353551229e-08,2.1757337563677116e-06,2.099974438147562e-06
areal_mass_g_cm2,50,0.03,2,15.983749999999999,27.07993740790679,1.143788102779556e-07,3.0973710231178835e-06,2.8880371502763767e-06
areal_mass_g_cm2,50,0.03,3,16.4378,21.859607254836018,7.263637554716712e-08,1.587802641875848e-06,1.5356315167288275e-06
areal_mass_g_cm2,50,0.03,4,16.4457,21.627092476156854,7.206480884145221e-08,1.558552285090653e-06,1.4689653952907332e-06
areal_mass_g_cm2,50,0.03,5,16.3648,22.47438568098703,7.813716726689217e-08,1.75608483317593e-06,1.6422127898507949e-06
areal_mass_g_cm2,50,0.03,6,16.2621,23.379035640877657,8.658839822854869e-08,2.0243532482717475e-06,1.9796322044269025e-06
areal_mass_g_cm2,50,0.03,7,16.15945,24.371491576594284,9.594890756679378e-08,2.338417992547538e-06,2.1975230244462625e-06
areal_mass_g_cm2,50,0.03,8,16.1081,24.881288383114146,1.0100457743434441e-07,2.5131240191585067e-06,2.4551184115698838e-06
areal_mass_g_cm2,50,0.03,9,16.05675,25.40023582063827,1.0632663697174997e-07,2.700721653097845e-06,2.5513153701967587e-06
areal_mass_g_cm2,50,0.03,10,15.954099999999999,26.46588750261158,1.1782091910007017e-07,3.118235190356757e-06,2.9728592088986505e-06
areal_mass_g_cm2,50,0.04,1,12.1607,76.76878581675938,5.232088650761695e-06,0.0004016610930046221,0.00040727787788514007
areal_mass_g_cm2,50,0.04,2,12.0899,89.28329754468763,5.6159488454411084e-06,0.0005014104317632635,0.0005036785890239905
areal_mass_g_cm2,50,0.04,3,12.231549999999999,71.48868721440742,4.874222272926477e-06,0.00034845175148273894,0.0003483904995164822
areal_mass_g_cm2,50,0.04,4,12.22505,70.48901552020992,4.9060079091062305e-06,0.00034581966764726167,0.00035002528629661555
areal_mass_g_cm2,50,0.04,5,12.23685,73.41652712186708,4.848457232548596e-06,0.0003559568919126166,0.0003692211826026221
areal_mass_g_cm2,50,0.04,6,12.1861,74.79777769121557,5.100867166708359e-06,0.00038153352836787244,0.00039066553827864665
areal_mass_g_cm2,50,0.04,7,12.13535,79.0426781730393,5.366417523028552e-06,0.00042417601321490455,0.0004303211978051546
areal_mass_g_cm2,50,0.04,8,12.10995,81.37074199347148,5.504470377260416e-06,0.00044790283887876395,0.0004533291221042654
areal_mass_g_cm2,50,0.04,9,12.0846,83.75458705321883,5.645792389855915e-06,0.00047286101020058765,0.0004815040560904381
areal_mass_g_cm2,50,0.04,10,12.03385,88.68979961195387,5.939711469070755e-06,0.0005267918199447094,0.0005330196962185288
areal_mass_g_cm2,50,0.05,1,10.553550000000001,162.86925063152722,2.610065886720588e-05,0.004250994750690948,0.0044354515412261195
areal_mass_g_cm2,50,0.05,2,10.53645,186.61184345153407,2.6550818025438184e-05,0.0049546970968732396,0.005073315371879677
areal_mass_g_cm2,50,0.05,3,10.570599999999999,153.71643134620834,2.565941492728251e-05,0.0039442736930534955,0.004100400826797113
areal_mass_g_cm2,50,0.05,4,10.5586,151.19429563677858,2.596918279641918e-05,0.003926392301167346,0.004159975061000408
areal_mass_g_cm2,50,0.05,5,10.60035,157.82716860379355,2.490729065402472e-05,0.003931047161516451,0.0041406332645688056
areal_mass_g_cm2,50,0.05,6,10.569149999999999,161.17867141399537,2.56966480664294e-05,0.004141751595140104,0.0042684326213727804
areal_mass_g_cm2,50,0.05,7,10.5379,167.2250016364437,2.6512347237363052e-05,0.004433527310154,0.0044988820994414725
areal_mass_g_cm2,50,0.05,8,10.5223,172.0994172823419,2.6929182717622712e-05,0.004634496653592581,0.004829110084636644
areal_mass_g_cm2,50,0.05,9,10.506699999999999,177.09199524630097,2.7352571816694308e-05,0.004843921518136134,0.004990260917920531
areal_mass_g_cm2,50,0.05,10,10.4755,187.43899918165172,2.8219424643513016e-05,0.005289420712662119,0.0055564591939594645
areal_mass_g_cm2,50,0.06,1,9.70435,243.75076231886447,6.101749082838489e-05,0.014873059904203139,0.01549228830723979
areal_mass_g_cm2,50,0.06,2,9.710149999999999,272.6874643842045,6.066461371444238e-05,0.01654247969163853,0.017038811103913785
areal_mass_g_cm2,50,0.06,3,9.698500000000001,230.23037966527497,6.13754892742187e-05,0.014130502197745384,0.014934939604794719
areal_mass_g_cm2,50,0.06,4,9.6842,226.2380771559114,6.225946412742366e-05,0.014085461448945772,0.014348649780881616
areal_mass_g_cm2,50,0.06,5,9.7377,236.13242392625276,5.9016115930098073e-05,0.013935618505286797,0.01463617711872276
areal_mass_g_cm2,50,0.06,6,9.71545,241.19473983629487,6.034394179298675e-05,0.01455464134145596,0.01519217178147862
areal_mass_g_cm2,50,0.06,7,9.693200000000001,247.37729607070995,6.17016429110387e-05,0.01526358558645324,0.015880462320139153
areal_mass_g_cm2,50,0.06,8,9.68205,254.124444063113,6.239346597566587e-05,0.015855704854236846,0.016724531962244084
areal_mass_g_cm2,50,0.06,9,9.670950000000001,261.03326990569036,6.308989145889366e-05,0.0164685606655101,0.01730616810770558
areal_mass_g_cm2,50,0.06,10,9.6487,275.335607275493,6.450937473470242e-05,0.017761727867541634,0.018245424090179034
areal_mass_g_cm2,50,0.08,1,8.7649,299.70914506416193,0.0001561177543317195,0.046789918680096514,0.04818468305882035
areal_mass_g_cm2,50,0.08,2,8.787799999999999,326.0013494854048,0.00015258328192462427,0.049742355816339484,0.05175411630238835
areal_mass_g_cm2,50,0.08,3,8.741999999999999,284.06413397031315,0.00015973410002820157,0.045374728790038454,0.04635882296577192
areal_mass_g_cm2,50,0.08,4,8.72645,279.0466730434705,0.00016223737782716102,0.04527180052596579,0.04712190009114345
areal_mass_g_cm2,50,0.08,5,8.7875,290.77785762376544,0.00015262906377613592,0.04438115217594587,0.045482457747448767
areal_mass_g_cm2,50,0.08,6,8.7724,296.7102002618148,0.00015495125102959394,0.04597561672380955,0.04708362797090663
areal_mass_g_cm2,50,0.08,7,8.75735,302.7227179134586,0.00015730090414727498,0.04761855723370752,0.048701168631734355
areal_mass_g_cm2,50,0.08,8,8.7498,308.07051688876714,0.00015849302055021211,0.04882702676416584,0.049416522357207844
areal_mass_g_cm2,50,0.08,9,8.7423,315.32696224351355,0.0001596861869855087,0.05035336025439015,0.0522369465677191
areal_mass_g_cm2,50,0.08,10,8.72725,330.30208896081024,0.00016210763982701872,0.05354449207137092,0.054837366421035115
areal_mass_g_cm2,50,0.1,1,8.1875,264.15365189444327,0.00027810828659249914,0.07346331952551508,0.07527304653933672
areal_mass_g_cm2,50,0.1,2,8.2155,283.75394867565103,0.0002704292625935732,0.07673537109837093,0.07810625485792552
areal_mass_g_cm2,50,0.1,3,8.15955,251.31855180933158,0.0002859910618229772,0.07187485948776365,0.07353259782833858
areal_mass_g_cm2,50,0.1,4,8.144,247.00245516864027,0.00029047297943252896,0.0717475390799846,0.07285237490001895
areal_mass_g_cm2,50,0.1,5,8.20585,256.8092871181184,0.0002730515371027432,0.07012217058986193,0.07232124067372239
areal_mass_g_cm2,50,0.1,6,8.19365,261.68653292848103,0.0002764031692401272,0.07233098704889307,0.07360775171026601
areal_mass_g_cm2,50,0.1,7,8.1814,266.6469943149155,0.0002798099318823322,0.07461047731588513,0.07702617920726497
areal_mass_g_cm2,50,0.1,8,8.1753,269.69387011306526,0.0002815219889320157,0.07592475471700284,0.07989916469558864
areal_mass_g_cm2,50,0.1,9,8.1692,275.77447314923313,0.00028324452144739,0.07811160867456063,0.07929212542326297
areal_mass_g_cm2,50,0.1,10,8.157,288.27093831541816,0.0002867212696499237,0.08265340943697153,0.0854097179019589
areal_mass_g_cm2,50,0.15,1,7.248400000000001,153.12814993317429,0.0007113115773729205,0.10892182586916327,0.11048475569226691
areal_mass_g_cm2,50,0.15,2,7.27815,160.6049454686193,0.0006904617370820346,0.11089156963222832,0.11274764911230634
areal_mass_g_cm2,50,0.15,3,7.2187,147.20382379572246,0.0007327543806661098,0.10786424673711777,0.11106786945048527
areal_mass_g_cm2,50,0.15,4,7.20435,145.02568294680705,0.0007433452135140786,0.10780414725511935,0.10933356701835566
areal_mass_g_cm2,50,0.15,5,7.263,149.9121110585031,0.000701001872324209,0.10508867053608542,0.1069775295709166
areal_mass_g_cm2,50,0.15,6,7.2533,152.0552168743471,0.0007078346760088331,0.10762995517170633,0.10950644199208708
areal_mass_g_cm2,50,0.15,7,7.24355,154.2064523131396,0.0007147698179777773,0.11022211785086158,0.11184097355560968
areal_mass_g_cm2,50,0.15,8,7.238700000000001,155.2873402198648,0.0007182448717886336,0.11153433576661473,0.11315580586218985
areal_mass_g_cm2,50,0.15,9,7.2338,157.34903683237204,0.0007217729082908188,0.11357027193126033,0.11543440334635123
areal_mass_g_cm2,50,0.15,10,7.2241,162.92890719894478,0.0007288081713649101,0.11874391891814608,0.1209793609031502
areal_mass_g_cm2,50,0.2,1,6.607150000000001,91.04110788329454,0.0013506760960598993,0.1229670481767764,0.12467700479604475
areal_mass_g_cm2,50,0.2,2,6.63565,94.51359515786665,0.0013127251964089644,0.12407037776692785,0.12468505247228265
areal_mass_g_cm2,50,0.2,3,6.57865,88.04263082619113,0.001389724156630925,0.12235497087249635,0.12468683204380797
areal_mass_g_cm2,50,0.2,4,6.56545,86.89457403793196,0.0014081901227497875,0.1223640808807659,0.12327227069393845
areal_mass_g_cm2,50,0.2,5,6.6202,89.46334386412047,0.0013331642860910783,0.11926933495393083,0.1203696833355903
areal_mass_g_cm2,50,0.2,6,6.6114999999999995,90.51355529885217,0.0013448134156167156,0.12172384346106185,0.12175076733923643
areal_mass_g_cm2,50,0.2,7,6.6028,91.57027283562208,0.0013565643347118151,0.12422096624863506,0.12520296421272165
areal_mass_g_cm2,50,0.2,8,6.59845,92.10103560259829,0.001362478242992832,0.12548565716564838,0.12662750076269877
areal_mass_g_cm2,50,0.2,9,6.5941,92.98128052293339,0.0013684179328090553,0.12723725168313138,0.12711742796193515
areal_mass_g_cm2,50,0.2,10,6.5854,95.60126371944781,0.0013803751071129345,0.1319656046468647,0.13277146422595468
areal_mass_g_cm2,50,0.3,1,5.72595,42.11125232442947,0.003260254562485926,0.13729340252271724,0.13933150239288533
areal_mass_g_cm2,50,0.3,2,5.7515,43.20534045224739,0.0031780102041536556,0.1373070128311749,0.1406609312129588
areal_mass_g_cm2,50,0.3,3,5.70045,41.05731771778318,0.0033444601117436023,0.13731456140230971,0.13835550991618692
areal_mass_g_cm2,50,0.3,4,5.68905,40.63947682293831,0.003382805108221994,0.13747542979210506,0.1380415885222214
areal_mass_g_cm2,50,0.3,5,5.73725,41.603110723434135,0.0032236210550570248,0.13411266368393096,0.13476020588343768
areal_mass_g_cm2,50,0.3,6,5.72975,41.94155887443175,0.00324788910439861,0.1362215320897597,0.13749744506019693
areal_mass_g_cm2,50,0.3,7,5.7222,42.28255393068003,0.003272503469441606,0.1383698044350022,0.14081091063740414
areal_mass_g_cm2,50,0.3,8,5.7184,42.453913034390325,0.003284962640057122,0.13945951824220632,0.14124446275113384
areal_mass_g_cm2,50,0.3,9,5.714650000000001,42.66833068543618,0.0032973043762497263,0.14069047349635921,0.14182305800461328
areal_mass_g_cm2,50,0.3,10,5.7071,43.5864278821639,0.0033222932385433847,0.144806894645172,0.14482048951576387
areal_mass_g_cm2,50,0.356,1,5.3648,30.976531261416312,0.004678395826162014,0.1449204745623872,0.14938107081669524
areal_mass_g_cm2,50,0.356,2,5.3889,31.676152434170337,0.004566994267410549,0.14466480658047864,0.14639515733044237
areal_mass_g_cm2,50,0.356,3,5.3407,30.29107589382339,0.004792514775513421,0.145170428787347,0.148329064872728
areal_mass_g_cm2,50,0.356,4,5.33005,30.015868827349532,0.004843827814803341,0.14539170031140422,0.1477264769195729
areal_mass_g_cm2,50,0.356,5,5.37545,30.66217514840946,0.004628835288913355,0.14193015836179979,0.144343241200095
areal_mass_g_cm2,50,0.356,6,5.36835,30.871226382232976,0.004661816965867412,0.14391600690582734,0.1466444196759516
areal_mass_g_cm2,50,0.356,7,5.36125,31.082361043526532,0.00469503364600193,0.14593273089653674,0.14931336291456235
areal_mass_g_cm2,50,0.356,8,5.3577,31.188719837607742,0.00471173063506551,0.14695284672733178,0.14974774808800737
areal_mass_g_cm2,50,0.356,9,5.35415,31.30777376933013,0.0047284870037767835,0.1480384013854612,0.15098336257423514
areal_mass_g_cm2,50,0.356,10,5.347049999999999,31.896783103454123,0.004762178725582823,0.15189818190979887,0.15308983852834604
areal_mass_g_cm2,50,0.4,1,5.1242,25.136167293987242,0.005950976233654337,0.14958473417167753,0.15065291121594085
areal_mass_g_cm2,50,0.4,2,5.1472999999999995,25.650617684945825,0.0058150842774726446,0.14916050360719024,0.15025364702677146
areal_mass_g_cm2,50,0.4,3,5.1011,24.63137318339185,0.006090043831473153,0.15000614231622877,0.15087171669432087
areal_mass_g_cm2,50,0.4,4,5.0909,24.426479147465205,0.006152480162520464,0.15028342839499945,0.1497298780957448
areal_mass_g_cm2,50,0.4,5,5.13435,24.915635105057717,0.00589087933259913,0.14677499989896584,0.1473563345021282
areal_mass_g_cm2,50,0.4,6,5.1276,25.062439742086305,0.005930777272152794,0.1486397480070644,0.14896162642043756
areal_mass_g_cm2,50,0.4,7,5.1208,25.210266263899374,0.005971243988507413,0.15053665087698037,0.15029310933691511
areal_mass_g_cm2,50,0.4,8,5.11745,25.285202301740032,0.005991281199458294,0.15149075717491464,0.15107813580203375
areal_mass_g_cm2,50,0.4,9,5.11405,25.362803089745587,0.0060116862244220534,0.15247321394735264,0.1530100896378587
areal_mass_g_cm2,50,0.4,10,5.1073,25.791611419793682,0.006052402368830283,0.15610121005310948,0.1571376317988713
areal_mass_g_cm2,50,0.5,1,4.67715,17.27346337544462,0.00930549679686372,0.16073815811094272,0.16252830595861462
areal_mass_g_cm2,50,0.5,2,4.6983,17.56757706899127,0.009110752222894798,0.16005384183218788,0.16015125147880063
areal_mass_g_cm2,50,0.5,3,4.65595,16.983894254820477,0.009504879316177944,0.16142986521079658,0.161006182460386
areal_mass_g_cm2,50,0.5,4,4.64665,16.864888790035742,0.009593687009511872,0.1617964645018283,0.16251855839913232
areal_mass_g_cm2,50,0.5,5,4.6863,17.158771793585586,0.009220739855516838,0.15821657094883276,0.15988642022687008
areal_mass_g_cm2,50,0.5,6,4.6802,17.235024319953887,0.009277158269855233,0.15989204840101626,0.15938007291451578
areal_mass_g_cm2,50,0.5,7,4.6741,17.312113641043123,0.009333921888323266,0.1615899164472722,0.1619833339854982
areal_mass_g_cm2,50,0.5,8,4.67105,17.350977164337852,0.009362433808658487,0.16244737521665809,0.1631602175081361
areal_mass_g_cm2,50,0.5,9,4.668,17.390056021779902,0.009391032823101731,0.16331058689611297,0.1652556007570213
areal_mass_g_cm2,50,0.5,10,4.66185,17.621535074328385,0.00944896563576588,0.16650527936677206,0.16758858826726047
areal_mass_g_cm2,50,0.511,1,4.6344,16.686467332429103,0.009711932450021341,0.16205784356203926,0.16417311604187337
areal_mass_g_cm2,50,0.511,2,4.6554,16.966009313699082,0.009510108437678433,0.16134858832794052,0.16252573014622343
areal_mass_g_cm2,50,0.511,3,4.6134,16.411472990027015,0.009918039581975884,0.16276963871361605,0.16377941869785423
areal_mass_g_cm2,50,0.511,4,4.60415,16.29810463855155,0.010010207065548267,0.16314740220787372,0.16365019114380672
areal_mass_g_cm2,50,0.511,5,4.6434999999999995,16.578896021201963,0.00962395477028741,0.1595545454493456,0.1616122495806502
areal_mass_g_cm2,50,0.511,6,4.6373999999999995,16.65021657321536,0.009682840312696372,0.16122138825025492,0.16121621654242022
areal_mass_g_cm2,50,0.511,7,4.63135,16.72261614679614,0.009741599062580257,0.16290502177951874,0.16421343231747515
areal_mass_g_cm2,50,0.511,8,4.62835,16.75926525759919,0.009770867740833874,0.16375256426555382,0.16393596275519928
areal_mass_g_cm2,50,0.511,9,4.6253,16.79581391670452,0.009800714380431444,0.16461097498449656,0.16500585667573017
areal_mass_g_cm2,50,0.511,10,4.61925,17.01478423938357,0.009860188430024943,0.16776897869654062,0.16832498344055333
areal_mass_g_cm2,50,0.6,1,4.3246,12.947992340795498,0.013238844575404723,0.17141645816332238,0.17294606447445107
areal_mass_g_cm2,50,0.6,2,4.3442,13.136665239664275,0.012981889606355884,0.17053873793697427,0.17107762780112062
areal_mass_g_cm2,50,0.6,3,4.30495,12.761817634102513,0.013501560602955742,0.17230445419070434,0.17424546988176653
areal_mass_g_cm2,50,0.6,4,4.29635,12.68464971863293,0.013618174746226269,0.1727417764630131,0.1732376724937936
areal_mass_g_cm2,50,0.6,5,4.3331,12.882442430002826,0.013126791297597765,0.1691051331819653,0.16947688672267563
areal_mass_g_cm2,50,0.6,6,4.3274,12.925873256342747,0.013201827658461698,0.17064515106535605,0.17180931062136495
areal_mass_g_cm2,50,0.6,7,4.32175,12.969998859724274,0.013276629099816525,0.17219786428560244,0.17131883680380733
areal_mass_g_cm2,50,0.6,8,4.3189,12.992123562270292,0.01331452146372117,0.17298390802916536,0.17469272377621284
areal_mass_g_cm2,50,0.6,9,4.31605,13.014367614014786,0.013352521974899619,0.17377462955555434,0.17615482447369785
areal_mass_g_cm2,50,0.6,10,4.310350000000001,13.155526381689453,0.013428848674596242,0.1766635730143663,0.17803098233743123
areal_mass_g_cm2,50,0.662,1,4.1406,11.232769439426104,0.01591330065914912,0.1787504373244895,0.1799831600160066
areal_mass_g_cm2,50,0.662,2,4.15945,11.384618969899005,0.015616144437914809,0.17778385420456777,0.17920621324600056
areal_mass_g_cm2,50,0.662,3,4.1217999999999995,11.083206843376283,0.016215300616285202,0.17971753075781582,0.18015894761177678
areal_mass_g_cm2,50,0.662,4,4.11355,11.020620990878825,0.01634963019397782,0.18018307770885822,0.1805673456700291
areal_mass_g_cm2,50,0.662,5,4.1488499999999995,11.182803756120206,0.015782555992029584,0.1764932264288459,0.1763447529465445
areal_mass_g_cm2,50,0.662,6,4.14335,11.21601509312721,0.015869599199384656,0.1779936641421778,0.17982479114159752
areal_mass_g_cm2,50,0.662,7,4.13785,11.249624263988201,0.015957122463325656,0.17951163204685947,0.17884110277602736
areal_mass_g_cm2,50,0.662,8,4.1350999999999996,11.266580605724874,0.016001064943316885,0.1802772879613182,0.18250232051397702
areal_mass_g_cm2,50,0.662,9,4.1324,11.28384042478888,0.016044326195072504,0.18104161650845826,0.18265648131300433
areal_mass_g_cm2,50,0.662,10,4.1269,11.389053760242739,0.016132813105087296,0.1837374757577878,0.1847363857523878
areal_mass_g_cm2,50,0.8,1,3.7976500000000004,8.59383251298354,0.022423404989737317,0.19270298685260187,0.1923146344904607
areal_mass_g_cm2,50,0.8,2,3.8148500000000003,8.692676444462194,0.02204102035874962,0.19159545848441448,0.19288364866505997
areal_mass_g_cm2,50,0.8,3,3.7803999999999998,8.495991844276798,0.02281356417409484,0.1938238551619951,0.19371042474890013
areal_mass_g_cm2,50,0.8,4,3.7727999999999997,8.454843155658146,0.02298760778982862,0.1943566183867864,0.19464749119271527
areal_mass_g_cm2,50,0.8,5,3.80505,8.56525125135703,0.02225808423402244,0.1906460838382709,0.19095705125435325
areal_mass_g_cm2,50,0.8,6,3.8001,8.584189794498034,0.02236853489083011,0.192015748927737,0.19291771214805925
areal_mass_g_cm2,50,0.8,7,3.79515,8.603391630341015,0.02247953363378306,0.19340023151885852,0.19404876779120325
areal_mass_g_cm2,50,0.8,8,3.79265,8.613017593758038,0.022535802774987183,0.1941012657904258,0.1927746190690149
areal_mass_g_cm2,50,0.8,9,3.7902,8.62286231183937,0.022591083182633552,0.19479979975915906,0.1951985694098585
areal_mass_g_cm2,50,0.8,10,3.7852499999999996,8.683120743112706,0.022703186270629987,0.19713450764125884,0.19817695410591488
areal_mass_g_cm2,50,1,1,3.41425,6.460625399918924,0.03290107325534103,0.21256150955804945,0.21485059829554598
areal_mass_g_cm2,50,1,2,3.4297500000000003,6.519706265166448,0.0323950385202765,0.21120613560095514,0.21281108761312767
areal_mass_g_cm2,50,1,3,3.3987499999999997,6.402133978253178,0.03341501263151074,0.21392738775195405,0.21680448523532284
areal_mass_g_cm2,50,1,4,3.3918999999999997,6.377316621200608,0.033644691219108694,0.214562848526784,0.21654649505227377
areal_mass_g_cm2,50,1,5,3.4209000000000005,6.448874623237688,0.032683006992137165,0.2107686144026933,0.21359593296852417
areal_mass_g_cm2,50,1,6,3.41645,6.456642330224969,0.03282877045642021,0.21196362897816157,0.21562000169097092
areal_mass_g_cm2,50,1,7,3.41205,6.46463816072733,0.03297353529552063,0.21316197456551217,0.21490681869710296
areal_mass_g_cm2,50,1,8,3.4098499999999996,6.468680921864815,0.03304615692767542,0.2137650448590048,0.21398907977603343
areal_mass_g_cm2,50,1,9,3.4076500000000003,6.472753997126393,0.03311893850329424,0.214370741577781,0.2184352485920362
areal_mass_g_cm2,50,1,10,3.40325,6.506009858560166,0.03326498289475174,0.21642230665809012,0.21816571883769537
areal_mass_g_cm2,50,1.173,1,3.15445,5.5793432488118775,0.04266185856343959,0.23802515255769385,0.23944917772658345
areal_mass_g_cm2,50,1.173,2,3.16885,5.654737539999575,0.04205192982656373,0.2377926262196977,0.23967344459305426
areal_mass_g_cm2,50,1.173,3,3.1401,5.505448419618974,0.04327846983858249,0.23826738337635137,0.23824404915707523
areal_mass_g_cm2,50,1.173,4,3.1338,5.487785919011354,0.043551984866252356,0.23900396929401527,0.24034865290921564
areal_mass_g_cm2,50,1.173,5,3.1607499999999997,5.582672228493326,0.04239393370395819,0.2366714363456746,0.2352839604100518
areal_mass_g_cm2,50,1.173,6,3.15655,5.580450432713078,0.04257236266404048,0.23757295965016276,0.23943916778372726
areal_mass_g_cm2,50,1.173,7,3.15235,5.578238555039062,0.04275154260170411,0.2384783032282208,0.24202949976566934
areal_mass_g_cm2,50,1.173,8,3.15025,5.577136362269611,0.042841415174340786,0.2389324143799051,0.2403294402265979
areal_mass_g_cm2,50,1.173,9,3.1481500000000002,5.576036681741839,0.04293147667768782,0.23938748875613156,0.24157907282307317
areal_mass_g_cm2,50,1.173,10,3.144,5.573942183880946,0.043110012511519386,0.24029271728559326,0.24096608506898143
areal_mass_g_cm2,50,1.33,1,2.9574,4.963115102952206,0.051953821657208576,0.2578527969229773,0.25793686774506575
areal_mass_g_cm2,50,1.33,2,2.97085,5.024312764827461,0.05125972104620786,0.257544870773957,0.2573603884339888
areal_mass_g_cm2,50,1.33,3,2.94395,4.903048026361516,0.05265732098611796,0.2581813737344705,0.26028613495236347
areal_mass_g_cm2,50,1.33,4,2.93805,4.895503136142172,0.0529689174857209,0.2593095016694026,0.26090291785104414
areal_mass_g_cm2,50,1.33,5,2.96315,4.988980290301791,0.051655944400506075,0.25771048849105,0.26033319808587935
areal_mass_g_cm2,50,1.33,6,2.9593499999999997,4.9717718588333275,0.05185261041800655,0.2577993492832928,0.25830394453386296
areal_mass_g_cm2,50,1.33,7,2.9555000000000002,4.954567301488376,0.052052627754425436,0.2578982474286226,0.2585716548236094
areal_mass_g_cm2,50,1.33,8,2.95355,4.945955815130553,0.05215422940796376,0.25795251422397125,0.26018101000151606
areal_mass_g_cm2,50,1.33,9,2.95165,4.937452761736059,0.05225341664187228,0.2579987763085572,0.2594831490374546
areal_mass_g_cm2,50,1.33,10,2.9478,4.920427518477576,0.05245498005654398,0.25810092735141144,0.2593579528454858
areal_mass_g_cm2,50,1.5,1,2.7786999999999997,4.365330059405734,0.062119209882211444,0.2711708541653513,0.27201955775727704
areal_mass_g_cm2,50,1.5,2,2.7913,4.411975855731604,0.061341418215353286,0.2706368561224735,0.27107318618895754
areal_mass_g_cm2,50,1.5,3,2.7661000000000002,4.319478509999145,0.062906863725306,0.27172484599290403,0.2746723009004179
areal_mass_g_cm2,50,1.5,4,2.7605500000000003,4.314162321312339,0.06325696745816808,0.27290082556850953,0.2751075136035223
areal_mass_g_cm2,50,1.5,5,2.7841500000000003,4.388633698672731,0.06178158106258808,0.2711367286085551,0.2727366144444689
areal_mass_g_cm2,50,1.5,6,2.7805,4.373047559891356,0.062007495877190746,0.2711617285407223,0.27151873565304385
areal_mass_g_cm2,50,1.5,7,2.7769,4.357637708194995,0.062231125153526475,0.271180697592409,0.26989810946047527
areal_mass_g_cm2,50,1.5,8,2.7751,4.349970363038333,0.06234324205374144,0.27119125526950033,0.2716021140541715
areal_mass_g_cm2,50,1.5,9,2.7733,4.3423278821810705,0.06245556094611523,0.27120252369357534,0.2718280851586893
areal_mass_g_cm2,50,1.5,10,2.7697,4.327116950918141,0.06268080616364802,0.2712271788479356,0.27447647956834725
areal_mass_g_cm2,50,2,1,2.3845,3.3515103813874987,0.09213503558211202,0.308791528242955,0.3112318883477662
areal_mass_g_cm2,50,2,2,2.3949499999999997,3.380337935389905,0.09117723767051177,0.3082098753416924,0.31258734506905256
areal_mass_g_cm2,50,2,3,2.374,3.3237833644848216,0.09310755022262504,0.30946932653789616,0.3123405232345996
areal_mass_g_cm2,50,2,4,2.36915,3.3203402775547386,0.09356021867487738,0.3106517624430244,0.3120786183577501
areal_mass_g_cm2,50,2,5,2.3889,3.3662840302553425,0.09173053198606096,0.3087910249115039,0.308370603591939
areal_mass_g_cm2,50,2,6,2.38595,3.356400302080482,0.0920015365906769,0.3087939852048165,0.3123925131983004
areal_mass_g_cm2,50,2,7,2.383,3.346580053914264,0.09227334183924561,0.3088001253072319,0.31058024651494737
areal_mass_g_cm2,50,2,8,2.38155,3.3417214630150847,0.09240723523416461,0.3087992413198916,0.3113230110596347
areal_mass_g_cm2,50,2,9,2.3800499999999998,3.3368224544826486,0.09254595009715408,0.3088094043556144,0.308984016641621
areal_mass_g_cm2,50,2,10,2.3771,3.3271266892748543,0.09281936373677728,0.30882178237014224,0.3105307761225288
areal_mass_g_cm2,50,2.51,1,2.1069999999999998,2.8021097807218314,0.12160222644951106,0.3407427880917259,0.3428357364417672
areal_mass_g_cm2,50,2.51,2,2.11605,2.8219899191006004,0.12050669107495976,0.34006866739770675,0.3436814726947033
areal_mass_g_cm2,50,2.51,3,2.09795,2.7827333188314887,0.12270772141839012,0.34146286486884647,0.3416572784757146
areal_mass_g_cm2,50,2.51,4,2.0937,2.7801953101349364,0.12323033901015264,0.3426044105823647,0.3427075928758995
areal_mass_g_cm2,50,2.51,5,2.1108499999999997,2.812510138304658,0.12113495794672213,0.3406932973282644,0.34225856536290783
areal_mass_g_cm2,50,2.51,6,2.10825,2.805535711934419,0.12145031862861687,0.34073320613839864,0.33991264756694056
areal_mass_g_cm2,50,2.51,7,2.1057,2.798647414946846,0.12176041214231789,0.3407644626849605,0.34281185109819046
areal_mass_g_cm2,50,2.51,8,2.10445,2.7952410544516346,0.12191270782246574,0.34077540596472317,0.3383629255953273
areal_mass_g_cm2,50,2.51,9,2.1031500000000003,2.791798263842135,0.12207129740352789,0.34079843615612604,0.3410952943177841
areal_mass_g_cm2,50,2.51,10,2.1006,2.7849877642092062,0.12238297643377943,0.34083509191557937,0.341360587562499
areal_mass_g_cm2,50,3,1,1.91225,2.4639275514469876,0.14774758027313795,0.36403933369461,0.36654754478811863
areal_mass_g_cm2,50,3,2,1.92,2.4784848735971643,0.14660696213035015,0.36336313800410514,0.36304346968658585
areal_mass_g_cm2,50,3,3,1.90455,2.449339882813794,0.1488896278818734,0.36468130370837715,0.37123190900929187
areal_mass_g_cm2,50,3,4,1.90065,2.4473229258527196,0.14947143120966638,0.3658048603594342,0.3690453228974908
areal_mass_g_cm2,50,3,5,1.9154,2.471739295808,0.1472829076389026,0.36404495041193574,0.3648588164346657
areal_mass_g_cm2,50,3,6,1.9133,2.4665243620344572,0.1475925267312062,0.36404056283674197,0.36853509860099437
areal_mass_g_cm2,50,3,7,1.9112500000000001,2.461377534272292,0.14789540175183194,0.3640264192941341,0.3640264192941341
areal_mass_g_cm2,50,3,8,1.9102000000000001,2.4587947177299356,0.14805077347955364,0.36402645978735776,0.363706173395174
areal_mass_g_cm2,50,3,9,1.9091500000000001,2.4562188536627194,0.1482063084332681,0.3640271290055452,0.36568147696156367
areal_mass_g_cm2,50,3,10,1.9070500000000001,2.4510878050711615,0.14851786870476463,0.3640303368174085,0.3655982929058684
areal_mass_g_cm2,50,4,1,1.6362999999999999,2.0614101623187873,0.19469909787988546,0.40135469896389614,0.4032773961179635
areal_mass_g_cm2,50,4,2,1.6421499999999998,2.070109875255075,0.19356343321520417,0.40069757458707034,0.4015943261146874
areal_mass_g_cm2,50,4,3,1.6305,2.053097057509886,0.19583163382696128,0.40206135117748765,0.4028779847653156
areal_mass_g_cm2,50,4,4,1.627,2.051434676980642,0.19651824541471838,0.40314434330314536,0.4047962213223904
areal_mass_g_cm2,50,4,5,1.6385500000000002,2.065741927316111,0.19426151737233094,0.4012941613000711,0.40507601347261807
areal_mass_g_cm2,50,4,6,1.63705,2.062850317391976,0.1945531283019096,0.40133398246719604,0.40643954111458086
areal_mass_g_cm2,50,4,7,1.6356,2.0600058726896324,0.1948354349608126,0.40136214022731287,0.40350680212659207
areal_mass_g_cm2,50,4,8,1.63485,2.058573130524363,0.19498161634820124,0.40138391636061693,0.401577279118088
areal_mass_g_cm2,50,4,9,1.6341,2.0571440704398887,0.19512790741275415,0.4014062177114908,0.4016134184829075
areal_mass_g_cm2,50,4,10,1.6326500000000002,2.0543289250868564,0.19541104810589657,0.4014385684054825,0.40171491120574165
areal_mass_g_cm2,50,5,1,1.45465,1.8243011733918173,0.233482068325957,0.4259416112129918,0.4275110126746075
areal_mass_g_cm2,50,5,2,1.45905,1.8296448787823292,0.23245700402056454,0.42531376694330925,0.4261339864036448
areal_mass_g_cm2,50,5,3,1.4502,1.819446191275465,0.23452337872727191,0.42670266819038827,0.42586605167489794
areal_mass_g_cm2,50,5,4,1.447,1.8180120134165756,0.2352750555807339,0.42773287750302674,0.4278976747728923
areal_mass_g_cm2,50,5,5,1.45615,1.8266509492586163,0.23313210775951052,0.4258509859415719,0.42735993295459096
areal_mass_g_cm2,50,5,6,1.45515,1.8250824628451674,0.23336535647218898,0.4259110195330031,0.4285288987019541
areal_mass_g_cm2,50,5,7,1.45415,1.8235218342744168,0.23359883855024333,0.4259725825575131,0.4241843646230668
areal_mass_g_cm2,50,5,8,1.45365,1.8227444315637318,0.23371566717424053,0.4260039309110494,0.42649680545942587
areal_mass_g_cm2,50,5,9,1.45315,1.8219689515039135,0.23383255422715576,0.426035653652733,0.42789026054335794
areal_mass_g_cm2,50,5,10,1.45215,1.8204237049210255,0.23406650373664184,0.42610021193016856,0.4259359562218246
areal_mass_g_cm2,50,6,1,1.3264500000000001,1.685569445329893,0.2654178240886017,0.44738017452969153,0.44747547399943405
areal_mass_g_cm2,50,6,2,1.3298,1.6890117060192487,0.26453016204198176,0.4467945402840759,0.45018237262505095
areal_mass_g_cm2,50,6,3,1.3231,1.6824576949556147,0.2663084647895382,0.44805272581697486,0.44755974039783264
areal_mass_g_cm2,50,6,4,1.3200999999999998,1.6811815795813985,0.2671085897712858,0.44905804087145007,0.4482935787643403
areal_mass_g_cm2,50,6,5,1.32735,1.6869466951503373,0.26517905550889975,0.4473429313138263,0.4495220765421205
areal_mass_g_cm2,50,6,6,1.3267499999999999,1.686025543615183,0.265338210683983,0.44736700091034237,0.4489890716495457
areal_mass_g_cm2,50,6,7,1.3261,1.685090131721585,0.2655107365857713,0.4474095220868124,0.4478862614406161
areal_mass_g_cm2,50,6,8,1.3258,1.6846364629573123,0.265590401755925,0.44742327500951307,0.45209745941932317
areal_mass_g_cm2,50,6,9,1.3255,1.6841839889446089,0.26567009082921517,0.44743731331602415,0.44637376338936813
areal_mass_g_cm2,50,6,10,1.32485,1.6832582137812666,0.2658428325232227,0.44748213141959226,0.4506379678125551
areal_mass_g_cm2,50,7,1,1.23135,1.5816041312409492,0.2918982489327839,0.46166747641409,0.46259974367254386
areal_mass_g_cm2,50,7,2,1.2338500000000001,1.584536542583556,0.29116941473280294,0.46136857772679307,0.4628328946140967
areal_mass_g_cm2,50,7,3,1.2288999999999999,1.5785205479304505,0.29261427641817594,0.4618976479438914,0.4630641127997683
areal_mass_g_cm2,50,7,4,1.22605,1.577517714740403,0.29344941661546337,0.4629216530911302,0.4667363777601226
areal_mass_g_cm2,50,7,5,1.2318,1.5830549103425953,0.2917669242710291,0.4618830621428088,0.4659735519369781
areal_mass_g_cm2,50,7,6,1.2315,1.5820901088155757,0.29185446747913507,0.4617400662123767,0.4628890292754034
areal_mass_g_cm2,50,7,7,1.2312,1.5811196733030097,0.2919420369541433,0.4615952980923502,0.4640456178253906
areal_mass_g_cm2,50,7,8,1.23105,1.5806367233795902,0.29198583154419855,0.46152352804528696,0.4641909141763428
areal_mass_g_cm2,50,7,9,1.2309,1.5801552699983494,0.292029632703935,0.46145216311280524,0.46077067781945835
areal_mass_g_cm2,50,7,10,1.2306,1.579196807506797,0.29211725473639394,0.4613106360973631,0.46483035201042744
areal_mass_g_cm2,50,8,1,1.15815,1.5027913514311522,0.31406666710143105,0.47197667109283736,0.47218405825300536
areal_mass_g_cm2,50,8,2,1.1599,1.5053498785552506,0.31351753106817676,0.4719535773184219,0.47465431933680946
areal_mass_g_cm2,50,8,3,1.15645,1.4996258103232523,0.31460103451911503,0.4717838313192613,0.47150743553050356
areal_mass_g_cm2,50,8,4,1.15365,1.4988147443964017,0.31548315180365033,0.47285079953195935,0.47227984454545263
areal_mass_g_cm2,50,8,5,1.15825,1.504337708834897,0.31403526200500187,0.4724150865379711,0.4740078518121838
areal_mass_g_cm2,50,8,6,1.1582000000000001,1.5033310060840996,0.3140509641606527,0.47212255191331554,0.47381871669464254
areal_mass_g_cm2,50,8,7,1.15815,1.5022736410400221,0.31406666710143105,0.47181407551577137,0.4723325711289122
areal_mass_g_cm2,50,8,8,1.1581,1.5017376304292251,0.314082370827376,0.47166931532589684,0.4712549319974422
areal_mass_g_cm2,50,8,9,1.1581,1.5012235080289529,0.314082370827376,0.47150783854352385,0.47173237275242513
areal_mass_g_cm2,50,8,10,1.15805,1.5001804952289737,0.31409807533852685,0.4712038062118187,0.47087592873641576
areal_mass_g_cm2,50,9,1,1.1006,1.4409631334888084,0.3326714209526742,0.4793672531581399,0.48115059464724036
areal_mass_g_cm2,50,9,2,1.1017000000000001,1.4430111748621428,0.3323056835820586,0.47952081487911385,0.4799126271902596
areal_mass_g_cm2,50,9,3,1.09945,1.4385078702457539,0.3330542131500964,0.4791011068349206,0.48027735470954963
areal_mass_g_cm2,50,9,4,1.09675,1.4377672006296403,0.3339546746015309,0.4801490776390255,0.4806843882231566
areal_mass_g_cm2,50,9,5,1.1003,1.4420974398774875,0.33277123735067105,0.4798885494482665,0.47981728136310176
areal_mass_g_cm2,50,9,6,1.1004999999999998,1.441351997085568,0.33270468975818207,0.47954456902269005,0.4836016619777786
areal_mass_g_cm2,50,9,7,1.1006500000000001,1.440557262267462,0.3326547877974589,0.4792082703896709,0.47919046846736507
areal_mass_g_cm2,50,9,8,1.10075,1.4401714077447196,0.3326215239818977,0.4790320084392036,0.4822803821746264
areal_mass_g_cm2,50,9,9,1.1008499999999999,1.439787033465754,0.3325882634925517,0.4788562692594676,0.481120533964991
areal_mass_g_cm2,50,9,10,1.1010499999999999,1.4390226777890929,0.33252175249117505,0.4785063426929727,0.48178822371818325
areal_mass_g_cm2,50,10,1,1.0539,1.3905729046177937,0.3485756497099148,0.4847198536961508,0.4869539525762506
areal_mass_g_cm2,50,10,2,1.05445,1.3922106216841277,0.348383985814977,0.4850238854762634,0.4850787246253995
areal_mass_g_cm2,50,10,3,1.05335,1.388730911514085,0.34876741904898934,0.4843440957623178,0.48753205758440066
areal_mass_g_cm2,50,10,4,1.0507,1.3880340635801884,0.3496928784015248,0.4853856270127212,0.4863015208515918
areal_mass_g_cm2,50,10,5,1.05335,1.391395803828852,0.34876741904898934,0.4852735233769826,0.48401287439550794
areal_mass_g_cm2,50,10,6,1.0536999999999999,1.3908508785657197,0.34864537181183464,0.4849137216923622,0.48549903197658023
areal_mass_g_cm2,50,10,7,1.0541,1.3902961617954444,0.34850594155102105,0.484526472901292,0.4863748979606972
areal_mass_g_cm2,50,10,8,1.0543,1.3900206397167851,0.34843624733236506,0.48433357541745004,0.4863831249397473
areal_mass_g_cm2,50,10,9,1.0545,1.389746328140075,0.348366567051159,0.48414115740611147,0.4851647421299958
areal_mass_g_cm2,50,10,10,1.05485,1.3891842505261771,0.34824466008765415,0.48377599712361113,0.48322867671915065
areal_mass_g_cm2,50,11,1,1.0156999999999998,1.354465366678505,0.36214883689948923,0.49051805716326075,0.49025631324537894
areal_mass_g_cm2,50,11,2,1.0158,1.3557828689385087,0.36211262382648307,0.4909460920103202,0.49289477561229417
areal_mass_g_cm2,50,11,3,1.0156,1.3530393101655975,0.3621850535939837,0.49005061506709363,0.493350007920594
areal_mass_g_cm2,50,11,4,1.013,1.35237921653236,0.36312795998045994,0.4910867060193686,0.48863889913515307
areal_mass_g_cm2,50,11,5,1.01485,1.355052842478557,0.3624567942741964,0.49114810935691544,0.4939999776083083
areal_mass_g_cm2,50,11,6,1.0154,1.3546605393554036,0.36225749784888645,0.4907359374215115,0.49086689280237833
areal_mass_g_cm2,50,11,7,1.01595,1.3542551339997027,0.36205831100647246,0.4903193264877764,0.4908430363388278
areal_mass_g_cm2,50,11,8,1.0162499999999999,1.354061995184531,0.3619497098041654,0.4901023462138902,0.4935516328400277
areal_mass_g_cm2,50,11,9,1.0165,1.3538537986762997,0.36185923368670025,0.489904498112834,0.4929394915930635
areal_mass_g_cm2,50,11,10,1.01705,1.3534564638949045,0.36166026582934896,0.4894914245206818,0.4922244442791606
areal_mass_g_cm2,50,12,1,0.9837500000000001,1.323792381884004,0.373906317841328,0.49497433509664907,0.49688555136316664
areal_mass_g_cm2,50,12,2,0.9834,1.324829474768014,0.37403720795700657,0.49553551776137544,0.49515385168988724
areal_mass_g_cm2,50,12,3,0.98405,1.3227139447970644,0.3737941627700775,0.49442275157972515,0.4936794820382127
areal_mass_g_cm2,50,12,4,0.9815,1.322089042164841,0.37474855421707526,0.495450957097512,0.49638781375136554
areal_mass_g_cm2,50,12,5,0.98265,1.3241896988301303,0.3743178410872435,0.4956678292560615,0.49905813101130053
areal_mass_g_cm2,50,12,6,0.9834,1.3239312260208633,0.37403720795700657,0.4951995393079403,0.4960399394302813
areal_mass_g_cm2,50,12,7,0.9841000000000001,1.3236543913093017,0.37377547352917384,0.49474954690060463,0.5001732154069061
areal_mass_g_cm2,50,12,8,0.98445,1.3235172467210148,0.3736446750045157,0.494525171513945,0.4962630841422008
areal_mass_g_cm2,50,12,9,0.9848000000000001,1.3233809406485988,0.3735139222513307,0.4943012057743136,0.49494972516840263
areal_mass_g_cm2,50,12,10,0.9854999999999999,1.3231108145665003,0.373252553995317,0.4938544907557705,0.4958202222688513
areal_mass_g_cm2,50,13,1,0.9567000000000001,1.2973211178835733,0.3841585196458242,0.4983769601514193,0.499329527161841
areal_mass_g_cm2,50,13,2,0.9560000000000001,1.29813794751081,0.3844275247503785,0.49903995794611744,0.4996622707501401
areal_mass_g_cm2,50,13,3,0.9573999999999999,1.2965538454643672,0.3838897027789523,0.4977336703722236,0.5007503814912924
areal_mass_g_cm2,50,13,4,0.95485,1.2959472868468735,0.38486987070401457,0.4987710647279747,0.5014022565302144
areal_mass_g_cm2,50,13,5,0.95545,1.2975796173439273,0.38463901804431566,0.4990997498494871,0.4999948117317832
areal_mass_g_cm2,50,13,6,0.9563,1.297409530920879,0.3843122137904622,0.4986103290210482,0.4989018524488506
areal_mass_g_cm2,50,13,7,0.9571500000000001,1.2972476951035603,0.38398568720219994,0.49812454767581055,0.49886288084879554
areal_mass_g_cm2,50,13,8,0.9575500000000001,1.2971606576722146,0.3838321236420786,0.49789192993928144,0.5003819978560214
areal_mass_g_cm2,50,13,9,0.958,1.2970885801037677,0.3836594380436134,0.4976402757354,0.4974656617008458
areal_mass_g_cm2,50,13,10,0.9587999999999999,1.2969178775222021,0.38335263323146634,0.4971768834331005,0.49706054024755514
areal_mass_g_cm2,50,14,1,0.9339,1.2742588678434368,0.3930179475851643,0.5008066049320227,0.5015371545111188
areal_mass_g_cm2,50,14,2,0.93285,1.2748824852667298,0.39343083315712013,0.5015780783559094,0.505203595719148
areal_mass_g_cm2,50,14,3,0.9349500000000001,1.2737571698653765,0.39260549531553546,0.5000840645867107,0.5022965728931845
areal_mass_g_cm2,50,14,4,0.93245,1.27318213560033,0.39358823696904666,0.5011095120914195,0.50255313922758
areal_mass_g_cm2,50,14,5,0.93245,1.2743811657659656,0.39358823696904666,0.5015814362603848,0.5056651226999714
areal_mass_g_cm2,50,14,6,0.9334500000000001,1.2743021843472189,0.3931948454606144,0.5010490504445281,0.5038389956004777
areal_mass_g_cm2,50,14,7,0.9344,1.2742296006716751,0.3928214877304283,0.500544767445997,0.5001307003077053
areal_mass_g_cm2,50,14,8,0.9349,1.27420086256498,0.3926251260810663,0.5002832743171788,0.5025553375372526
areal_mass_g_cm2,50,14,9,0.9353999999999999,1.2741726485556533,0.39242886258798787,0.500022123213419,0.5046730658084178
areal_mass_g_cm2,50,14,10,0.93635,1.274104307520264,0.39205623219599034,0.4995205342310761,0.5016913317385364
areal_mass_g_cm2,50,15,1,0.9143500000000001,1.253883187426848,0.40077704652525004,0.5025276005445987,0.5030882058219616
areal_mass_g_cm2,50,15,2,0.9129999999999999,1.2543419423459787,0.40131846091054196,0.5033905777578279,0.5058599278298672
areal_mass_g_cm2,50,15,3,0.9157000000000001,1.253612709909483,0.4002363625562364,0.5017413910684378,0.501721398789439
areal_mass_g_cm2,50,15,4,0.9131999999999999,1.2530527583948747,0.401238205244194,0.5027726398546462,0.5053823297611343
areal_mass_g_cm2,50,15,5,0.9127,1.2538752125918728,0.4014388745099519,0.5033542541188081,0.5037551010903387
areal_mass_g_cm2,50,15,6,0.9138000000000001,1.2538713924453426,0.40099753452948195,0.5027993369876309,0.5041221697202117
areal_mass_g_cm2,50,15,7,0.9148999999999999,1.253895373444008,0.4005566797560778,0.502256167548239,0.5049028804896012
areal_mass_g_cm2,50,15,8,0.91545,1.2539079467133656,0.4003364341553042,0.5019850361462279,0.502445134359631
areal_mass_g_cm2,50,15,9,0.9159999999999999,1.2539209035061942,0.40011630965630496,0.501714204511798,0.5059073150268354
areal_mass_g_cm2,50,15,10,0.9171,1.2539479529532027,0.3996764236973156,0.5011734333389058,0.5029738601167861
areal_mass_g_cm2,100,0.015,1,127.83279999999999,,,,
areal_mass_g_cm2,100,0.015,2,123.3549,,,,
areal_mass_g_cm2,100,0.015,3,132.3108,,,,
areal_mass_g_cm2,100,0.015,4,132.4906,,,,
areal_mass_g_cm2,100,0.015,5,129.6051,,,,
areal_mass_g_cm2,100,0.015,6,128.4236,,,,
areal_mass_g_cm2,100,0.015,7,127.24210000000001,,,,
areal_mass_g_cm2,100,0.015,8,126.6513,,,,
areal_mass_g_cm2,100,0.015,9,126.0606,,,,
areal_mass_g_cm2,100,0.015,10,124.8791,,,,
areal_mass_g_cm2,100,0.02,1,64.5581,,,,
areal_mass_g_cm2,100,0.02,2,62.767300000000006,,,,
areal_mass_g_cm2,100,0.02,3,66.349,,,,
areal_mass_g_cm2,100,0.02,4,66.45060000000001,,,,
areal_mass_g_cm2,100,0.02,5,65.431,,,,
areal_mass_g_cm2,100,0.02,6,64.8491,,,,
areal_mass_g_cm2,100,0.02,7,64.2672,,,,
areal_mass_g_cm2,100,0.02,8,63.976200000000006,,,,
areal_mass_g_cm2,100,0.02,9,63.6853,,,,
areal_mass_g_cm2,100,0.02,10,63.1033,,,,
areal_mass_g_cm2,100,0.03,1,32.4216,51.98643850461339,8.307646825261769e-15,4.318849707995176e-13,4.013366127812212e-13
areal_mass_g_cm2,100,0.03,2,31.967499999999998,62.36881959920296,1.3082512240600563e-14,8.15940845838381e-13,7.058517108476763e-13
areal_mass_g_cm2,100,0.03,3,32.8756,45.96376724865963,5.276043052629099e-15,2.4250681486495155e-13,2.2631778374019504e-13
areal_mass_g_cm2,100,0.03,4,32.8914,45.369933755378646,5.193336673355049e-15,2.356213408394971e-13,2.084764456496596e-13
areal_mass_g_cm2,100,0.03,5,32.7296,47.56867087805999,6.105416908494284e-15,2.904265674935071e-13,2.5280965447196716e-13
areal_mass_g_cm2,100,0.03,6,32.5242,50.41539553511131,7.497550707785734e-15,3.7799198447757153e-13,3.609136613957186e-13
areal_mass_g_cm2,100,0.03,7,32.3189,53.597886797418894,9.206192863261137e-15,4.934324829202761e-13,4.338679366069999e-13
areal_mass_g_cm2,100,0.03,8,32.2162,55.25010639654707,1.0201924662690475e-14,5.636574230632063e-13,5.370541557712864e-13
areal_mass_g_cm2,100,0.03,9,32.1135,56.94324408224116,1.1305353729722308e-14,6.437635168676529e-13,5.722013752622578e-13
areal_mass_g_cm2,100,0.03,10,31.908199999999997,60.452800736247205,1.388176897758528e-14,8.39191813868581e-13,7.601803191822087e-13
areal_mass_g_cm2,100,0.04,1,24.3214,235.20328011119625,2.7374751649429335e-11,6.43863138017516e-09,6.6305737631385205e-09
areal_mass_g_cm2,100,0.04,2,24.1798,295.936398463071,3.153888143461132e-11,9.333502983312688e-09,9.42323596049916e-09
areal_mass_g_cm2,100,0.04,3,24.463099999999997,215.8745117503225,2.3758042765892556e-11,5.128755882230337e-09,5.1268524205222925e-09
areal_mass_g_cm2,100,0.04,4,24.4501,212.64103654683845,2.4068913604212886e-11,5.11803873735613e-09,5.250328513203849e-09
areal_mass_g_cm2,100,0.04,5,24.4737,222.00206877338468,2.3507537535852795e-11,5.218721964727314e-09,5.638126292928468e-09
areal_mass_g_cm2,100,0.04,6,24.3722,226.07757870652063,2.6018845852403356e-11,5.882277671049547e-09,6.183940862628053e-09
areal_mass_g_cm2,100,0.04,7,24.2707,246.0929533238157,2.87984370314679e-11,7.087092420183876e-09,7.3061435520826394e-09
areal_mass_g_cm2,100,0.04,8,24.2199,257.3731836143612,3.0299194134137425e-11,7.798200055252527e-09,7.999595423987656e-09
areal_mass_g_cm2,100,0.04,9,24.1692,269.052507880838,3.1874971709354966e-11,8.576041077032715e-09,8.911532353203475e-09
areal_mass_g_cm2,100,0.04,10,24.0677,293.6164043647162,3.528017233581067e-11,1.0358837346608259e-08,1.0620283933603075e-08
areal_mass_g_cm2,100,0.05,1,21.107100000000003,670.1125858977775,6.81244393302253e-10,4.565104420241354e-07,5.010279473693329e-07
areal_mass_g_cm2,100,0.05,2,21.0729,822.0722852156558,7.049459378199332e-10,5.79516518057126e-07,6.104534494622978e-07
areal_mass_g_cm2,100,0.05,3,21.141199999999998,627.9010207339389,6.584055744104486e-10,4.13413532229236e-07,4.500196935852264e-07
areal_mass_g_cm2,100,0.05,4,21.1172,616.0543185891066,6.743984551138338e-10,4.154660807226991e-07,4.7138369102366724e-07
areal_mass_g_cm2,100,0.05,5,21.2007,647.1264166266259,6.203731277240672e-10,4.014598391155277e-07,4.4974657095280546e-07
areal_mass_g_cm2,100,0.05,6,21.138299999999997,662.4630376224382,6.603177218499299e-10,4.374360838126328e-07,4.672579096901431e-07
areal_mass_g_cm2,100,0.05,7,21.0758,697.529038981742,7.029045560345122e-10,4.902963394666414e-07,5.062794965407481e-07
areal_mass_g_cm2,100,0.05,8,21.0446,729.0482190523865,7.251808818391098e-10,5.286918303956421e-07,5.786410502227329e-07
areal_mass_g_cm2,100,0.05,9,21.013399999999997,761.7256470619802,7.481631849874198e-10,5.698950861924944e-07,6.083988738694997e-07
areal_mass_g_cm2,100,0.05,10,20.951,830.6536866871991,7.963359272109096e-10,6.614793737792111e-07,7.372262656903531e-07
areal_mass_g_cm2,100,0.06,1,19.4087,1231.210654168575,3.7231341869920342e-09,4.5839624779238485e-06,5.02682270981218e-06
areal_mass_g_cm2,100,0.06,2,19.420299999999997,1450.8289842864463,3.6801953571225106e-09,5.3393340919497475e-06,5.7097877134094165e-06
areal_mass_g_cm2,100,0.06,3,19.397000000000002,1151.577939182676,3.7669506836497345e-09,4.337937305280133e-06,4.915114259975017e-06
areal_mass_g_cm2,100,0.06,4,19.3684,1128.0119639732038,3.876240873433954e-09,4.372446080475441e-06,4.558794605398807e-06
areal_mass_g_cm2,100,0.06,5,19.4754,1186.0578663775816,3.4829019394747755e-09,4.130923243135793e-06,4.61429678218043e-06
areal_mass_g_cm2,100,0.06,6,19.4309,1216.1439192664818,3.641391311115373e-09,4.4284559006827625e-06,4.87883871101747e-06
areal_mass_g_cm2,100,0.06,7,19.386400000000002,1255.8174189593835,3.8070927379213304e-09,4.781013375875378e-06,5.2294404852304655e-06
areal_mass_g_cm2,100,0.06,8,19.3641,1308.8416322081448,3.892944596456576e-09,5.095247959722102e-06,5.749904768467798e-06
areal_mass_g_cm2,100,0.06,9,19.341900000000003,1363.7938609972898,3.980334404294983e-09,5.4283556252938025e-06,6.074940198390587e-06
areal_mass_g_cm2,100,0.06,10,19.2974,1479.6136278815648,4.161459428662262e-09,6.157352082524914e-06,6.545170949481763e-06
areal_mass_g_cm2,100,0.08,1,17.5298,1872.5990644767542,2.4372753217579127e-08,4.5640394873961474e-05,4.89200908522232e-05
areal_mass_g_cm2,100,0.08,2,17.575599999999998,2108.7834223054783,2.328165792288937e-08,4.90959742715761e-05,5.393450978539832e-05
areal_mass_g_cm2,100,0.08,3,17.483999999999998,1753.6171023017614,2.5514982711819508e-08,4.4743510048380465e-05,4.706479658410154e-05
areal_mass_g_cm2,100,0.08,4,17.4529,1715.8834468483303,2.6320966764233e-08,4.5163711175792465e-05,4.963518527523842e-05
areal_mass_g_cm2,100,0.08,5,17.575,1802.255797591147,2.329563110917976e-08,4.198468622506391e-05,4.448117574975575e-05
areal_mass_g_cm2,100,0.08,6,17.5448,1849.0551423674199,2.400989019563623e-08,4.439561093391827e-05,4.6962537498921655e-05
areal_mass_g_cm2,100,0.08,7,17.5147,1896.1825414564776,2.474357444555019e-08,4.691833387688091e-05,4.947946561010046e-05
areal_mass_g_cm2,100,0.08,8,17.4996,1945.5931991663942,2.512003756312996e-08,4.8873374245630015e-05,5.0281308870353686e-05
areal_mass_g_cm2,100,0.08,9,17.4846,2016.6361241037448,2.5499678313970847e-08,5.142357244097848e-05,5.61014115884521e-05
areal_mass_g_cm2,100,0.08,10,17.4545,2165.6964052302933,2.6278886890286427e-08,5.691209087174679e-05,6.023283533594659e-05
areal_mass_g_cm2,100,0.1,1,16.375,1836.0364868739055,7.734421907141565e-08,0.0001420068082638877,0.00015059392575169427
areal_mass_g_cm2,100,0.1,2,16.431,2035.462497345696,7.313198606690378e-08,0.00014885741499559061,0.00015537498810513556
areal_mass_g_cm2,100,0.1,3,16.3191,1717.7713731103415,8.179088744263398e-08,0.00014049804503024675,0.00014842873049430018
areal_mass_g_cm2,100,0.1,4,16.288,1679.1006771176803,8.43745517804104e-08,0.0001416733670259879,0.00014698135614889002
areal_mass_g_cm2,100,0.1,5,16.4117,1763.2443634691617,7.455714191417076e-08,0.00013146246023653199,0.00014160634419232865
areal_mass_g_cm2,100,0.1,6,16.3873,1811.5251265776542,7.639871196598641e-08,0.00013839818636455326,0.00014436022895694494
areal_mass_g_cm2,100,0.1,7,16.3628,1860.8517995155053,7.82935979799954e-08,0.00014569278269161795,0.00015734562558961327
areal_mass_g_cm2,100,0.1,8,16.3506,1892.2804810639152,7.925463025223798e-08,0.0001499719898602476,0.00016966143636464625
areal_mass_g_cm2,100,0.1,9,16.3384,1960.204195702202,8.022745892996095e-08,0.00015726220160503556,0.00016307637307981052
areal_mass_g_cm2,100,0.1,10,16.314,2101.5729764444113,8.220908646966424e-08,0.00017276839454282827,0.00018709710299035824
areal_mass_g_cm2,100,0.15,1,14.496800000000002,1046.4702011690306,5.059641601047523e-07,0.0005294764164091397,0.0005486230817949593
areal_mass_g_cm2,100,0.15,2,14.5563,1114.0842452984687,4.767374103743407e-07,0.0005311256380424437,0.0005536352558708118
areal_mass_g_cm2,100,0.15,3,14.4374,996.7517590010449,5.369289823853741e-07,0.0005351849076512627,0.0005756090374277798
areal_mass_g_cm2,100,0.15,4,14.4087,978.5395869152399,5.52562106454291e-07,0.0005407038953947966,0.0005599704555962069
areal_mass_g_cm2,100,0.15,5,14.526,1017.7587669375907,4.914036250020466e-07,0.0005001303474507453,0.0005227705339611632
areal_mass_g_cm2,100,0.15,6,14.5066,1036.9393242185113,5.010299285605296e-07,0.0005195376355348046,0.0005423926194259308
areal_mass_g_cm2,100,0.15,7,14.4871,1055.9922798252926,5.108958926919849e-07,0.0005395021184771872,0.0005594987487566671
areal_mass_g_cm2,100,0.15,8,14.477400000000001,1065.4819778122364,5.158756958506708e-07,0.0005496562567202365,0.0005698426315064976
areal_mass_g_cm2,100,0.15,9,14.4676,1086.9522064060393,5.209561311425867e-07,0.0005662544161861886,0.0005898018078127203
areal_mass_g_cm2,100,0.15,10,14.4482,1148.0664615947458,5.311613506482641e-07,0.0006098085323746386,0.0006390451919741883
areal_mass_g_cm2,100,0.2,1,13.214300000000001,554.727637458435,1.8243259164676103e-06,0.0010120040055962717,0.0010478256784733654
areal_mass_g_cm2,100,0.2,2,13.2713,582.277915085674,1.7232474412869545e-06,0.0010034089272892902,0.001016002828580374
areal_mass_g_cm2,100,0.2,3,13.1573,531.832648310479,1.9313332315235354e-06,0.0010271460672911974,0.0010770695545802875
areal_mass_g_cm2,100,0.2,4,13.1309,523.1206364700276,1.9829994218100615e-06,0.001037347919656976,0.0010567941383482927
areal_mass_g_cm2,100,0.2,5,13.2404,541.5271577814331,1.7773270137087344e-06,0.0009624708461818531,0.0009849202096073346
areal_mass_g_cm2,100,0.2,6,13.222999999999999,550.328902543291,1.8085231228226972e-06,0.0009952825454071803,0.0009958363928647598
areal_mass_g_cm2,100,0.2,7,13.2056,559.1238742853052,1.8402667942121093e-06,0.001028937099698473,0.0010495672565494815
areal_mass_g_cm2,100,0.2,8,13.1969,563.516792748737,1.8563469626288352e-06,0.0010460826866094607,0.0010702731037838214
areal_mass_g_cm2,100,0.2,9,13.1882,571.5900207695867,1.8725676388334084e-06,0.0010703409755732439,0.0010677962992599918
areal_mass_g_cm2,100,0.2,10,13.1708,596.9701480008687,1.9054354363370452e-06,0.0011374880744362257,0.0011551728688031803
areal_mass_g_cm2,100,0.3,1,11.4519,205.3669687295732,1.0629259812210297e-05,0.0021828988674727013,0.002264835977045816
areal_mass_g_cm2,100,0.3,2,11.503,212.31883187115378,1.0099748857704758e-05,0.002144366879659894,0.002277979988499069
areal_mass_g_cm2,100,0.3,3,11.4009,198.6924410484124,1.1185413439044028e-05,0.0022224571003393754,0.0022647616770420124
areal_mass_g_cm2,100,0.3,4,11.3781,196.06726403234165,1.1443370400212816e-05,0.0022436703256784093,0.002266799099187363
areal_mass_g_cm2,100,0.3,5,11.4745,201.70665981997774,1.0391732706606967e-05,0.002096081693991708,0.0021214124948797635
areal_mass_g_cm2,100,0.3,6,11.4595,204.14512896928625,1.0548783634471203e-05,0.0021534827955282197,0.0022042277316035607
areal_mass_g_cm2,100,0.3,7,11.4444,206.5976752010838,1.070927895750735e-05,0.002212512135700905,0.0023115053877301754
areal_mass_g_cm2,100,0.3,8,11.4368,207.82853272571344,1.0790979546571058e-05,0.0022426734458370476,0.002315261953479173
areal_mass_g_cm2,100,0.3,9,11.429300000000001,209.40229302967083,1.0872216149635598e-05,0.002276666992047913,0.002322888579434777
areal_mass_g_cm2,100,0.3,10,11.4142,216.51180143224119,1.1037632362871092e-05,0.002389777666432025,0.0023903416400737156
areal_mass_g_cm2,100,0.356,1,10.7296,136.26653168563035,2.188738750625015e-05,0.002982518383136106,0.003216742475472474
areal_mass_g_cm2,100,0.356,2,10.7778,140.2875377096656,2.085743663856082e-05,0.0029260384289590616,0.003014165837693115
areal_mass_g_cm2,100,0.356,3,10.6814,132.3267717432455,2.2968197873514456e-05,0.003039307477362244,0.0032066721691477494
areal_mass_g_cm2,100,0.356,4,10.6601,130.75605207233573,2.3462667899462516e-05,0.0030678858256180407,0.0031919765405917944
areal_mass_g_cm2,100,0.356,5,10.7509,134.17833399148378,2.1426116131889578e-05,0.0028749205664849982,0.002998037665441476
areal_mass_g_cm2,100,0.356,6,10.7367,135.5676753054063,2.1732537423249245e-05,0.002946229576957645,0.00308735029739648
areal_mass_g_cm2,100,0.356,7,10.7225,136.96817167761077,2.2043340937090174e-05,0.0030192361058194723,0.0031967992702995203
areal_mass_g_cm2,100,0.356,8,10.7154,137.67258963902992,2.2200405577414834e-05,0.0030563873268794634,0.003203610640034468
areal_mass_g_cm2,100,0.356,9,10.7083,138.46653747770378,2.2358589344885944e-05,0.003095916449472238,0.0032521348908846107
areal_mass_g_cm2,100,0.356,10,10.694099999999999,142.56436567544856,2.2678346214393636e-05,0.0032331240426232387,0.0032970448717752287
areal_mass_g_cm2,100,0.4,1,10.2484,102.70884902580042,3.5414118133518765e-05,0.0036373433127574397,0.003702271802898265
areal_mass_g_cm2,100,0.4,2,10.294599999999999,105.44871782072043,3.3815205154109555e-05,0.00356577002634547,0.0036311720820059383
areal_mass_g_cm2,100,0.4,3,10.2022,100.0201116005321,3.70886338692642e-05,0.00370960929871508,0.003763004857780162
areal_mass_g_cm2,100,0.4,4,10.1818,98.93563529774441,3.785301215020784e-05,0.003745011805014051,0.003710862983594777
areal_mass_g_cm2,100,0.4,5,10.2687,101.33774565773791,3.470245931124356e-05,0.0035166689953807988,0.003551326675533254
areal_mass_g_cm2,100,0.4,6,10.2552,102.25067823901621,3.517411905188414e-05,0.003596577529515055,0.0036159582546788373
areal_mass_g_cm2,100,0.4,7,10.2416,103.16886389751778,3.565575477028592e-05,0.0036785637110588985,0.0036637759211039776
areal_mass_g_cm2,100,0.4,8,10.2349,103.63290573721262,3.589545041098241e-05,0.0037199498288361305,0.0036947763125799184
areal_mass_g_cm2,100,0.4,9,10.2281,104.11456519411495,3.6140371260905885e-05,0.003762739039783104,0.003795839893150285
areal_mass_g_cm2,100,0.4,10,10.2146,106.86712769252777,3.663157443422242e-05,0.003914711142640383,0.003979977572574528
areal_mass_g_cm2,100,0.5,1,9.3543,61.68897491489715,8.659227063644095e-05,0.005341788411115391,0.0054898854518921954
areal_mass_g_cm2,100,0.5,2,9.3966,63.066928579697056,8.300580606698248e-05,0.005234921242926569,0.005242795276171638
areal_mass_g_cm2,100,0.5,3,9.3119,60.3333817900914,9.03427308151073e-05,0.005450682470227324,0.005415466585263597
areal_mass_g_cm2,100,0.5,4,9.2933,59.77944604473477,9.203883043647683e-05,0.005502030298097859,0.0055627871316307
areal_mass_g_cm2,100,0.5,5,9.3726,61.04832093857244,8.50220434831167e-05,0.005190452997410569,0.005326510127299242
areal_mass_g_cm2,100,0.5,6,9.3604,61.47440617777208,8.606566556394332e-05,0.0052908356828381435,0.005249144239169638
areal_mass_g_cm2,100,0.5,7,9.3482,61.90456928412573,8.712209781732016e-05,0.005393255940510675,0.0054257486020434335
areal_mass_g_cm2,100,0.5,8,9.3421,62.12119550732568,8.765516682151148e-05,0.005445243755346362,0.005504496557091328
areal_mass_g_cm2,100,0.5,9,9.336,62.33885984822546,8.819149748457408e-05,0.005497757401495992,0.005661160832375681
areal_mass_g_cm2,100,0.5,10,9.3237,63.659350764172366,8.928295158588449e-05,0.00568369473226644,0.005775812341278206
areal_mass_g_cm2,100,0.511,1,9.2688,58.87941086198274,9.432163191377754e-05,0.005553602118624011,0.005734222017664492
areal_mass_g_cm2,100,0.511,2,9.3108,60.17433576761958,9.044216249640254e-05,0.0054422970536081375,0.005540874387391429
areal_mass_g_cm2,100,0.511,3,9.2268,57.60631795557719,9.836750914964035e-05,0.00566659000857233,0.005753664665314626
areal_mass_g_cm2,100,0.511,4,9.2083,57.08453464775911,0.00010020424549515245,0.00572011272382059,0.005763662260506261
areal_mass_g_cm2,100,0.511,5,9.286999999999999,58.2832814852034,9.262050542053781e-05,0.0053982269887270125,0.005571352258501823
areal_mass_g_cm2,100,0.511,6,9.274799999999999,58.678948100006366,9.375739652117797e-05,0.005501585404457919,0.0055011502692903225
areal_mass_g_cm2,100,0.511,7,9.2627,59.07958578286069,9.489875229606454e-05,0.005606578976961793,0.005718425784340632
areal_mass_g_cm2,100,0.511,8,9.2567,59.281949702066896,9.546985640886805e-05,0.005659639225694064,0.005675310480531795
areal_mass_g_cm2,100,0.511,9,9.2506,59.48402535782747,9.60540023667957e-05,0.005713678712507295,0.00574761978974435
areal_mass_g_cm2,100,0.511,10,9.2385,60.71252711593537,9.722331587559777e-05,0.0059026732013983795,0.005951256955862088
areal_mass_g_cm2,100,0.6,1,8.6492,41.68118522212492,0.0001752670056917231,0.007305336527563933,0.007466590081225172
areal_mass_g_cm2,100,0.6,2,8.6884,42.48296588539781,0.00016852945775161092,0.007159631204346278,0.007215392655174113
areal_mass_g_cm2,100,0.6,3,8.6099,40.89015089937222,0.00018229213871528662,0.0074539530598373635,0.007661881691616273
areal_mass_g_cm2,100,0.6,4,8.5927,40.56388119436789,0.00018545468341875487,0.007522761745137481,0.007575888116121941
areal_mass_g_cm2,100,0.6,5,8.6662,41.33750418030553,0.0001723126497706884,0.007122974880215355,0.007161445731711258
areal_mass_g_cm2,100,0.6,6,8.6548,41.565553281450754,0.00017428825352372427,0.007244387688171358,0.007366375365175372
areal_mass_g_cm2,100,0.6,7,8.6435,41.79644686224129,0.00017626888025409494,0.007367412887007052,0.007275305893350168
areal_mass_g_cm2,100,0.6,8,8.6378,41.91220731348479,0.0001772764818078917,0.007430048657337572,0.007611960937324459
areal_mass_g_cm2,100,0.6,9,8.6321,42.02846960584365,0.0001782898430901772,0.007493249251346145,0.007748515922112562
areal_mass_g_cm2,100,0.6,10,8.620700000000001,42.7078416393434,0.00018033397672520524,0.007701674920173104,0.007849536356317213
areal_mass_g_cm2,100,0.662,1,8.2812,34.35074456156661,0.00025323313786847576,0.008698746833443991,0.008846489599302914
areal_mass_g_cm2,100,0.662,2,8.3189,34.96483888076382,0.0002438639671058176,0.008526664318678802,0.008694898690612993
areal_mass_g_cm2,100,0.662,3,8.243599999999999,33.74636773452221,0.00026293597407649926,0.008873134071820343,0.008926601897973174
areal_mass_g_cm2,100,0.662,4,8.2271,33.49468692054526,0.00026731040747983117,0.008953478409140325,0.009000303732088865
areal_mass_g_cm2,100,0.662,5,8.297699999999999,34.09893293759164,0.0002490890736415489,0.008493671617590001,0.008476203514379202
areal_mass_g_cm2,100,0.662,6,8.2867,34.26636672990335,0.00025184417874911017,0.008629784987808342,0.008848872956752778
areal_mass_g_cm2,100,0.662,7,8.2757,34.43556803994637,0.00025462975730957223,0.008768320332828806,0.008688257606503231
areal_mass_g_cm2,100,0.662,8,8.270199999999999,34.52084099124385,0.00025603407932024464,0.008838511740553681,0.009108562649200035
areal_mass_g_cm2,100,0.662,9,8.2648,34.607293815760286,0.0002574204030538897,0.008908623522657397,0.009104940285164983
areal_mass_g_cm2,100,0.662,10,8.2538,35.09182761645056,0.0002602676586836764,0.009133267812664764,0.009255835650858465
areal_mass_g_cm2,100,0.8,1,7.595300000000001,23.691807531297357,0.0005028090913337765,0.011912456216866346,0.011854070829080944
areal_mass_g_cm2,100,0.8,2,7.629700000000001,24.04148036336129,0.0004858065784548153,0.011679509316313178,0.011871770401716622
areal_mass_g_cm2,100,0.8,3,7.5607999999999995,23.346219906425926,0.0005204587103255436,0.01215074350347497,0.012133434370429146
areal_mass_g_cm2,100,0.8,4,7.545599999999999,23.201489787814374,0.0005284301118989895,0.012260365844798012,0.01230509686122412
areal_mass_g_cm2,100,0.8,5,7.6101,23.57055361573501,0.0004954223137688384,0.011677378209119899,0.011723774568021495
areal_mass_g_cm2,100,0.8,6,7.6002,23.650961324793506,0.0005003513531622839,0.011833790502449275,0.01196960538600948
areal_mass_g_cm2,100,0.8,7,7.5903,23.73242979383227,0.0005053294323923839,0.011992695277009363,0.012090929938367618
areal_mass_g_cm2,100,0.8,8,7.5853,23.773321330403803,0.00050786240671312,0.012073576186423227,0.011873453491016627
areal_mass_g_cm2,100,0.8,9,7.5804,23.814981131901924,0.0005103570393646684,0.012154143263002907,0.012214906663094674
areal_mass_g_cm2,100,0.8,10,7.570499999999999,24.074086664767155,0.000515434666838922,0.012408618839505593,0.01256954396366944
areal_mass_g_cm2,100,1,1,6.8285,15.945198978322182,0.0010824806213533165,0.01726036889765646,0.017713622943163077
areal_mass_g_cm2,100,1,2,6.859500000000001,16.141396239245516,0.0010494385207301985,0.016939402991833805,0.01725264576038341
areal_mass_g_cm2,100,1,3,6.797499999999999,15.751091817247099,0.0011165630691640225,0.01758708742214974,0.01816481737221219
areal_mass_g_cm2,100,1,4,6.783799999999999,15.669207613496997,0.0011319652472291694,0.017736998470097312,0.0181362522416006
areal_mass_g_cm2,100,1,5,6.841800000000001,15.88764621244546,0.0010681789460480866,0.016970849186394868,0.017526374500581445
areal_mass_g_cm2,100,1,6,6.8329,15.925792308705628,0.0010777281696803282,0.017163674995570363,0.017888784108050285
areal_mass_g_cm2,100,1,7,6.8241,15.964720330814409,0.0010872540298849445,0.01735770651566407,0.017703648541015422
areal_mass_g_cm2,100,1,8,6.819699999999999,15.984357467982987,0.0010920484876885505,0.01745569339958401,0.01750002050125945
areal_mass_g_cm2,100,1,9,6.815300000000001,16.004111506876136,0.0010968640875849854,0.017554335165598057,0.01837184260448966
areal_mass_g_cm2,100,1,10,6.8065,16.129970896261796,0.001106559086988126,0.017848765868112494,0.018199573177332153
areal_mass_g_cm2,100,1.173,1,6.3089,13.015897534695256,0.001820034176086924,0.023689378345590907,0.024033759065921933
areal_mass_g_cm2,100,1.173,2,6.3377,13.254888251058054,0.0017683648021382399,0.023439477839446755,0.023891091390263748
areal_mass_g_cm2,100,1.173,3,6.2802,12.782095267701049,0.0018730259515690939,0.02394119615183257,0.023935530386438253
areal_mass_g_cm2,100,1.173,4,6.2676,12.729192191583229,0.0018967753857902744,0.024144418429988827,0.02447408379634984
areal_mass_g_cm2,100,1.173,5,6.3214999999999995,13.02056719492071,0.0017972456148956026,0.023401157294524782,0.023070894429847853
areal_mass_g_cm2,100,1.173,6,6.3131,13.017445104319377,0.0018124060627985876,0.02359289642921623,0.024043768462317698
areal_mass_g_cm2,100,1.173,7,6.3047,13.014359000564163,0.0018276943948253215,0.023786270997575593,0.02465279248229881
areal_mass_g_cm2,100,1.173,8,6.3005,13.012829541652074,0.001835386854140237,0.023883576275915943,0.02422299795350133
areal_mass_g_cm2,100,1.173,9,6.2963000000000005,13.01130919892859,0.001843111689726853,0.02398129608319582,0.02451633390130589
areal_mass_g_cm2,100,1.173,10,6.288,13.008571665590637,0.0018584731787433578,0.024176081534261006,0.02434047176429337
areal_mass_g_cm2,100,1.33,1,5.9148,11.000895340624226,0.0026991995847890347,0.029693612135720537,0.02971702372184977
areal_mass_g_cm2,100,1.33,2,5.9417,11.183609051192644,0.0026275590017350446,0.02938559263434675,0.02933467672216842
areal_mass_g_cm2,100,1.33,3,5.8879,10.821814393446065,0.002772793453435059,0.030006656104436542,0.030601011719472895
areal_mass_g_cm2,100,1.33,4,5.8761,10.802660197493458,0.002805706219609109,0.03030909090443116,0.03076110026280871
areal_mass_g_cm2,100,1.33,5,5.9263,11.078060360515954,0.0026683365919081747,0.029559993827332185,0.030293115850989146
areal_mass_g_cm2,100,1.33,6,5.918699999999999,11.026699978334692,0.0026886932071615616,0.029647413329157025,0.02978793096068422
areal_mass_g_cm2,100,1.33,7,5.9110000000000005,10.975396353351139,0.0027094760561407814,0.029737573626059756,0.029925635088883445
areal_mass_g_cm2,100,1.33,8,5.9071,10.949737154193278,0.002720063645138512,0.029783981956943564,0.030409862106033688
areal_mass_g_cm2,100,1.33,9,5.9033,10.924382026781762,0.002730419550749095,0.02982814626577695,0.030244629504605904
areal_mass_g_cm2,100,1.33,10,5.8956,10.873654907978962,0.002751524932732427,0.029919132589232435,0.030272428263047477
areal_mass_g_cm2,100,1.5,1,5.5573999999999995,9.109200642579651,0.003858796236390236,0.03515054915610988,0.03541577568173982
areal_mass_g_cm2,100,1.5,2,5.5826,9.238627949554159,0.003762769588670876,0.03476282828962716,0.034897923780477694
areal_mass_g_cm2,100,1.5,3,5.5322000000000005,8.982075836554182,0.00395727350375422,0.035544530716706886,0.03647845234027837
areal_mass_g_cm2,100,1.5,4,5.521100000000001,8.969670644817487,0.004001443932003736,0.03589163417377697,0.03659348405651326
areal_mass_g_cm2,100,1.5,5,5.568300000000001,9.174350007219259,0.003816963758593142,0.03501816148620464,0.035517622815556656
areal_mass_g_cm2,100,1.5,6,5.561,9.130779507167446,0.0038449295449598272,0.035107203895621844,0.0352185107970329
areal_mass_g_cm2,100,1.5,7,5.5538,9.087695072552808,0.0038727129378738753,0.03519403428292792,0.03479512221178365
areal_mass_g_cm2,100,1.5,8,5.5502,9.066262411870976,0.0038866798297713953,0.03523765924763349,0.03536616235892535
areal_mass_g_cm2,100,1.5,9,5.5466,9.044902279143253,0.0039006970930939135,0.0352814240275726,0.03547739018464695
areal_mass_g_cm2,100,1.5,10,5.5394,9.002398083055878,0.003928883461324816,0.03536937294078047,0.03639656498392148
areal_mass_g_cm2,100,2,1,4.769,6.264545757139935,0.008488864781717047,0.053178881851240145,0.05418478246800574
areal_mass_g_cm2,100,2,2,4.789899999999999,6.335390466535647,0.008313288669224988,0.05266792978056681,0.05446748770517893
areal_mass_g_cm2,100,2,3,4.748,6.1962423536500975,0.008669015908458644,0.05371532353645792,0.05490871298053328
areal_mass_g_cm2,100,2,4,4.7383,6.188686468452043,0.008753514518490874,0.05417275685198297,0.0547667804157215
areal_mass_g_cm2,100,2,5,4.7778,6.301284190633122,0.008414490498445754,0.05302209595008884,0.052850396587956185
areal_mass_g_cm2,100,2,6,4.7719,6.276704830618457,0.008464282735045662,0.053127804330781514,0.054613861046824023
areal_mass_g_cm2,100,2,7,4.766,6.252298842670285,0.008514369614182275,0.05323438328481888,0.0539676579458298
areal_mass_g_cm2,100,2,8,4.7631,6.240225322835584,0.008539097123622235,0.053285890104979965,0.05432817153584696
areal_mass_g_cm2,100,2,9,4.7600999999999996,6.228063906236661,0.008564752879384931,0.05334182827393381,0.0534136101108272
areal_mass_g_cm2,100,2,10,4.7542,6.20399774792785,0.008615434284500165,0.05345013489845941,0.054156433529823765
areal_mass_g_cm2,100,2.51,1,4.2139999999999995,4.855337368182689,0.014787101477478169,0.0717963663707092,0.07284194886477657
areal_mass_g_cm2,100,2.51,2,4.2321,4.899798487385306,0.014521862593835788,0.07115420037129384,0.0729530895392573
areal_mass_g_cm2,100,2.51,3,4.1959,4.812432733702174,0.015057184895693236,0.07246168946944008,0.07255907615547882
areal_mass_g_cm2,100,2.51,4,4.1874,4.806891759722702,0.015185716452557146,0.07299609528128241,0.07304799449243678
areal_mass_g_cm2,100,2.51,5,4.221699999999999,4.878400163879994,0.014673678036754139,0.07158407333922366,0.0723632546420525
areal_mass_g_cm2,100,2.51,6,4.2165,4.862934212950725,0.014750179894992563,0.07172915445853727,0.07132203487710448
areal_mass_g_cm2,100,2.51,7,4.2114,4.84766131584013,0.014825597965067114,0.071869477739454,0.07289306068729809
areal_mass_g_cm2,100,2.51,8,4.2089,4.840109301797817,0.014862708328605898,0.0719371328311933,0.07074126348382354
areal_mass_g_cm2,100,2.51,9,4.206300000000001,4.832478086723887,0.014901401649780556,0.07201069693403571,0.07215881034697032
areal_mass_g_cm2,100,2.51,10,4.2012,4.8173833802119415,0.014977592920791013,0.07215280721219865,0.07241555039453475
areal_mass_g_cm2,100,3,1,3.8245,4.02440245472836,0.021829347476567337,0.08785007956981593,0.08927476661423965
areal_mass_g_cm2,100,3,2,3.84,4.054303412383943,0.021493601345089923,0.08714158127781818,0.08696202999571544
areal_mass_g_cm2,100,3,3,3.8091,3.9951721007679883,0.02216812129080274,0.08856545970745594,0.0923372195103406
areal_mass_g_cm2,100,3,4,3.8013,3.9907767944704142,0.02234170874786603,0.08916077281980041,0.09102199835586074
areal_mass_g_cm2,100,3,5,3.8308,4.039925313022417,0.02169225488256951,0.08763508959662669,0.0880948971218288
areal_mass_g_cm2,100,3,6,3.8266,4.029563675543649,0.021783553946901815,0.08777821770868104,0.09033912342036617
areal_mass_g_cm2,100,3,7,3.8225000000000002,4.019337461964064,0.021873049859335775,0.08791516870703607,0.08791516870703607
areal_mass_g_cm2,100,3,8,3.8204000000000002,4.014201983106741,0.021919031527894105,0.08798741982705169,0.08780623645202242
areal_mass_g_cm2,100,3,9,3.8183000000000002,4.009079296085378,0.021965109859416996,0.08805986717362949,0.08899994304745207
areal_mass_g_cm2,100,3,10,3.8141000000000003,3.9988719772275303,0.02205755732460571,0.08820534787145562,0.0890974353156945
areal_mass_g_cm2,100,4,1,3.2725999999999997,3.108903495874812,0.037907738715241224,0.1178515014125224,0.11916034760645518
areal_mass_g_cm2,100,4,2,3.2842999999999996,3.125360112552584,0.037466802678056806,0.11709725063487707,0.11770400015094397
areal_mass_g_cm2,100,4,3,3.261,3.093081042340238,0.03835002880733705,0.11861974707717625,0.11917700827174486
areal_mass_g_cm2,100,4,4,3.254,3.0896985405227944,0.03861942078087949,0.11932236802251903,0.12045505197761294
areal_mass_g_cm2,100,4,5,3.2771000000000003,3.117071104812115,0.03773753713180043,0.11763058656030939,0.12020953398347989
areal_mass_g_cm2,100,4,6,3.2741,3.1116195187489413,0.037850919732059306,0.11777766064087518,0.12127035412883543
areal_mass_g_cm2,100,4,7,3.2712,3.1062576548548484,0.03796084671636904,0.11791617069749287,0.11937728177865561
areal_mass_g_cm2,100,4,8,3.2697,3.103554457123316,0.03801783071375713,0.11799040796184064,0.11812176784257644
areal_mass_g_cm2,100,4,9,3.2682,3.1008576305651316,0.03807490025128036,0.11806484497718896,0.11820567510235776
areal_mass_g_cm2,100,4,10,3.2653000000000003,3.0955464753601905,0.038185477721845024,0.11820492097180244,0.11839293546622108
areal_mass_g_cm2,100,5,1,2.9093,2.6008951376472695,0.05451387622976686,0.1417848756203057,0.14297837705821506
areal_mass_g_cm2,100,5,2,2.9181,2.610755773902086,0.05403625871821677,0.14107547444865137,0.1416965701393379
areal_mass_g_cm2,100,5,3,2.9004,2.59186295532796,0.05500121516965542,0.14255561209625214,0.14191966553083032
areal_mass_g_cm2,100,5,4,2.894,2.589071548766208,0.05535435177851743,0.14331637729015562,0.14344222675760632
areal_mass_g_cm2,100,5,5,2.9123,2.6052216314799574,0.05435057966839202,0.14159530583556965,0.14274173586287814
areal_mass_g_cm2,100,5,6,2.9103,2.6023339405200945,0.054459389601391836,0.14172151793970908,0.14371503255989976
areal_mass_g_cm2,100,5,7,2.9083,2.599459664748119,0.05456841737202265,0.14184839992771345,0.14049517327254712
areal_mass_g_cm2,100,5,8,2.9073,2.5980274983271756,0.054623013082700365,0.1419120900303406,0.14228650296254772
areal_mass_g_cm2,100,5,9,2.9063,2.5965986151822,0.05467766341639574,0.1419759451084116,0.14338818528925892
areal_mass_g_cm2,100,5,10,2.9043,2.5937506069120584,0.054787128171495364,0.14210414694578483,0.14197938852559502
areal_mass_g_cm2,100,6,1,2.6529000000000003,2.312800743273282,0.07044662134392793,0.16292899820532794,0.16300734716890322
areal_mass_g_cm2,100,6,2,2.6596,2.31939584356984,0.06997620662995714,0.16230252280630686,0.16509498360924407
areal_mass_g_cm2,100,6,3,2.6462,2.306548786628245,0.0709201984185607,0.16358089760976557,0.1631750608240802
areal_mass_g_cm2,100,6,4,2.6401999999999997,2.3041999465135365,0.07134699872960505,0.16439775065665732,0.1637668653579103
areal_mass_g_cm2,100,6,5,2.6547,2.315638173445361,0.07031993148059214,0.16283551769052132,0.1646320102995875
areal_mass_g_cm2,100,6,6,2.6534999999999997,2.3137422837871835,0.07040436604897775,0.16289755869075062,0.16423394950756443
areal_mass_g_cm2,100,6,7,2.6522,2.3118158557349178,0.07049595124231882,0.16297365784710832,0.16336586990327745
areal_mass_g_cm2,100,6,8,2.6516,2.310879495049428,0.07053826150487366,0.16300542212804695,0.16687454900820936
areal_mass_g_cm2,100,6,9,2.651,2.3099456830610077,0.07058059716120345,0.16303734572038991,0.16216415952622018
areal_mass_g_cm2,100,6,10,2.6497,2.3080397924059266,0.07067241160397024,0.16311473820725367,0.16572212929842256
areal_mass_g_cm2,100,7,1,2.4627,2.1044369522157993,0.08520458773002547,0.17930768291737847,0.18011777440361282
areal_mass_g_cm2,100,7,2,2.4677000000000002,2.1095743365860873,0.08477962807584301,0.17884892765411173,0.18012038780529946
areal_mass_g_cm2,100,7,3,2.4577999999999998,2.0992186034507734,0.08562311476373269,0.17974163539742824,0.1807570080899234
areal_mass_g_cm2,100,7,4,2.4521,2.09729052105782,0.0861125601119558,0.18060305606682664,0.18394461157749645
areal_mass_g_cm2,100,7,5,2.4636,2.1068195721345933,0.08512793809857644,0.17934920612154295,0.18291930638708312
areal_mass_g_cm2,100,7,6,2.463,2.105232134679342,0.0851790301875295,0.17932163155160882,0.18032034566299757
areal_mass_g_cm2,100,7,7,2.4624,2.103643987931887,0.08523015294093435,0.17929389882471178,0.181427454669439
areal_mass_g_cm2,100,7,8,2.4621,2.102853225461667,0.0852557258225571,0.17928027803503974,0.18160345941143236
areal_mass_g_cm2,100,7,9,2.4618,2.1020646486506163,0.08528130637719518,0.17926681932624433,0.17867600054243649
areal_mass_g_cm2,100,7,10,2.4612,2.1004939881030507,0.08533249051472727,0.17924038331604522,0.18230921025848645
areal_mass_g_cm2,100,8,1,2.3163,1.9480871738543482,0.0986378713842011,0.192155172099857,0.19234210564177232
areal_mass_g_cm2,100,8,2,2.3198,1.9522445243678874,0.09829324228708516,0.1918924440373281,0.19433280338618775
areal_mass_g_cm2,100,8,3,2.3129,1.9433221687952447,0.09897381092049741,0.1923380008919515,0.19208885621825725
areal_mass_g_cm2,100,8,4,2.3073,1.9416976690263885,0.09952961907196507,0.19325642935111897,0.192740605834433
areal_mass_g_cm2,100,8,5,2.3165,1.950305284681756,0.09861814578255018,0.19233549088522345,0.19377440941355495
areal_mass_g_cm2,100,8,6,2.3164000000000002,1.9488567461168582,0.09862800809023559,0.1922118589227237,0.19374392426587903
areal_mass_g_cm2,100,8,7,2.3163,1.9473565403246917,0.0986378713842011,0.19208310396372977,0.19255056869380907
areal_mass_g_cm2,100,8,8,2.3162,1.9465909409491529,0.09864773566454534,0.1920267885897506,0.1916536951720813
areal_mass_g_cm2,100,8,9,2.3162,1.9458642331939096,0.09864773566454534,0.191955100515206,0.19215739436536017
areal_mass_g_cm2,100,8,10,2.3161,1.9443797197734942,0.0986576009313669,0.19182783845245638,0.19153274354027375
areal_mass_g_cm2,100,9,1,2.2012,1.8298846140672986,0.11067027431867137,0.20251383221034402,0.2041699911139348
areal_mass_g_cm2,100,9,2,2.2034000000000002,1.833130435242046,0.11042706734093924,0.20242721801719868,0.20279036585156576
areal_mass_g_cm2,100,9,3,2.1989,1.8262581173322598,0.11092510889702985,0.20257788053916564,0.20366965556116387
areal_mass_g_cm2,100,9,4,2.1935,1.824789904457938,0.11152572468821438,0.20351101649840903,0.20400873572064937
areal_mass_g_cm2,100,9,5,2.2006,1.831440940575519,0.11073669640789666,0.20280771942550394,0.20274163756567387
areal_mass_g_cm2,100,9,6,2.2009999999999996,1.8304128094825654,0.11069241058708819,0.20261280625110975,0.20639230429997088
areal_mass_g_cm2,100,9,7,2.2013000000000003,1.829324209236176,0.1106592078445724,0.20243156788497402,0.2024150764610586
areal_mass_g_cm2,100,9,8,2.2015,1.8287993869797594,0.11063707821604016,0.20233302081872592,0.2053538722754629
areal_mass_g_cm2,100,9,9,2.2016999999999998,1.8282762283526894,0.110614953012991,0.20223468909400114,0.2043372211930302
areal_mass_g_cm2,100,9,10,2.2020999999999997,1.8272348533982605,0.11057071587980227,0.20203866582077123,0.2050884655843975
areal_mass_g_cm2,100,10,1,2.1078,1.733771252937324,0.12150498357068923,0.21066184760348283,0.2127792613569372
areal_mass_g_cm2,100,10,2,2.1089,1.736310814134253,0.12137140157233008,0.2107384770766678,0.2107903263522129
areal_mass_g_cm2,100,10,3,2.1067,1.7311434542892323,0.12163871259009333,0.21057406108850932,0.21359834453926949
areal_mass_g_cm2,100,10,4,2.1014,1.7297774692994763,0.12228510920474361,0.2115260267331915,0.21239462180641813
areal_mass_g_cm2,100,10,5,2.1067,1.7348481882953868,0.12163871259009333,0.21102470016350666,0.20983385810793515
areal_mass_g_cm2,100,10,6,2.1073999999999997,1.7341238000324664,0.12155359528581242,0.2107889825646415,0.21134279024842528
areal_mass_g_cm2,100,10,7,2.1082,1.7334201075757751,0.12145639129636372,0.21053495086670823,0.21228544032183702
areal_mass_g_cm2,100,10,8,2.1086,1.733070353160162,0.12140781845506107,0.2104082908063175,0.2123490912619966
areal_mass_g_cm2,100,10,9,2.109,1.7327219790417883,0.12135926503900965,0.21028186589344972,0.2112496131511783
areal_mass_g_cm2,100,10,10,2.1097,1.7319981639970665,0.12127434327956577,0.21004693990015788,0.2095307799320275
areal_mass_g_cm2,100,11,1,2.0313999999999997,1.6654852695622144,0.13115178006765285,0.21843135777953906,0.21817952486745532
areal_mass_g_cm2,100,11,2,2.0316,1.6675485064417637,0.13112555233450002,0.2186582189517468,0.2205392391061343
areal_mass_g_cm2,100,11,3,2.0312,1.6633854396106824,0.13117801304687682,0.21819959689923502,0.2213854701652312
areal_mass_g_cm2,100,11,4,2.026,1.6621180926909322,0.13186191531957053,0.2191700751895378,0.21681690127176095
areal_mass_g_cm2,100,11,5,2.0297,1.6662619713039606,0.1313749277155271,0.21890504603518954,0.2216624016729707
areal_mass_g_cm2,100,11,6,2.0308,1.6657358906912085,0.131230494747736,0.21859534505446795,0.21872145311158905
areal_mass_g_cm2,100,11,7,2.0319,1.6652066697729873,0.13108622056885955,0.21828564880659787,0.21878981084040028
areal_mass_g_cm2,100,11,8,2.0324999999999998,1.6649587107904602,0.13100759242731955,0.21812223219155202,0.22145292306396902
areal_mass_g_cm2,100,11,9,2.033,1.6646827706401561,0.13094210500432593,0.21797706615205553,0.22090518594057237
areal_mass_g_cm2,100,11,10,2.0341,1.6641641071867364,0.13079814787975536,0.21766958298799177,0.22030335389546907
areal_mass_g_cm2,100,12,1,1.9675000000000002,1.607513516154139,0.13980593452166018,0.22473992938212928,0.22660873567302325
areal_mass_g_cm2,100,12,2,1.9668,1.609150873657296,0.13990383293627295,0.225126374997408,0.22475378816083819
areal_mass_g_cm2,100,12,3,1.9681,1.6058726842352107,0.1397220761209832,0.22437586542731972,0.22365202258665093
areal_mass_g_cm2,100,12,4,1.963,1.604693416975455,0.1404364788877882,0.2253574931744462,0.22627378864434441
areal_mass_g_cm2,100,12,5,1.9653,1.608043980722715,0.14011384615621486,0.22530922692740982,0.228634673778392
areal_mass_g_cm2,100,12,6,1.9668,1.6076984148951294,0.13990383293627295,0.22492317044939902,0.22574427726626475
areal_mass_g_cm2,100,12,7,1.9682000000000002,1.6073298599019532,0.13970810461195815,0.22455700821310612,0.22987949043431227
areal_mass_g_cm2,100,12,8,1.9689,1.6071474354891824,0.13961034315923018,0.22437440497612152,0.22607186619351993
areal_mass_g_cm2,100,12,9,1.9696000000000002,1.606966232411899,0.1395126501155731,0.22419211773002198,0.22482445489739247
areal_mass_g_cm2,100,12,10,1.9709999999999999,1.6066074487785933,0.139317469064027,0.22382848354324703,0.22574635558632652
areal_mass_g_cm2,100,13,1,1.9134000000000002,1.557515420123098,0.1475777682164711,0.22985464966450617,0.23079464985970477
areal_mass_g_cm2,100,13,2,1.9120000000000001,1.5588173365321032,0.14778452178570287,0.23036907463065992,0.23098374940816166
areal_mass_g_cm2,100,13,3,1.9147999999999998,1.5563051325371475,0.1473713038997123,0.229354716647814,0.23233482344968126
areal_mass_g_cm2,100,13,4,1.9097,1.5551780425671822,0.14812481737572492,0.2303604635420012,0.2329646538118687
areal_mass_g_cm2,100,13,5,1.9109,1.5578691981054495,0.14794717420209538,0.23048234563618558,0.23136688690143176
areal_mass_g_cm2,100,13,6,1.9126,1.5576372835051897,0.14769587766852593,0.23005660567651753,0.23034420808568734
areal_mass_g_cm2,100,13,7,1.9143000000000001,1.5574206621888647,0.14744500797614574,0.22963390195865133,0.2303619277677981
areal_mass_g_cm2,100,13,8,1.9151000000000002,1.5573009911358335,0.14732709913958789,0.22943263751124743,0.23189163493620735
areal_mass_g_cm2,100,13,9,1.916,1.5572083819404785,0.14719456439994125,0.22921260945966607,0.2290407880162774
areal_mass_g_cm2,100,13,10,1.9175999999999997,1.5569744157966396,0.14695924140549915,0.22881177903324437,0.22869740079819162
areal_mass_g_cm2,100,14,1,1.8678,1.513976766882245,0.15446310712405495,0.23385355552626258,0.2345796503422719
areal_mass_g_cm2,100,14,2,1.8657,1.5149783875514504,0.1547878204787057,0.23450020268143296,0.2381210122987168
areal_mass_g_cm2,100,14,3,1.8699000000000001,1.5131427819133987,0.15413907495195692,0.23323442867436195,0.23543374447107474
areal_mass_g_cm2,100,14,4,1.8649,1.5120878811878504,0.1549117002804024,0.23424010464820103,0.23567716496238264
areal_mass_g_cm2,100,14,5,1.8649,1.5141415548138792,0.1549117002804024,0.23455824272143017,0.23863904061441793
areal_mass_g_cm2,100,14,6,1.8669000000000002,1.5140391883476894,0.1546021864967964,0.23407376896038773,0.23685454544662973
areal_mass_g_cm2,100,14,7,1.8688,1.513939821517549,0.15430872122274703,0.23361411786656686,0.2332033358648751
areal_mass_g_cm2,100,14,8,1.8698,1.5139037955473023,0.15415448963017322,0.23337506695177648,0.23563461586344722
areal_mass_g_cm2,100,14,9,1.8707999999999998,1.5138686804901487,0.15400041219210187,0.23313640080019626,0.23777142214964928
areal_mass_g_cm2,100,14,10,1.8727,1.5137766761844063,0.1537080892037163,0.2326797203774579,0.2348347608577932
areal_mass_g_cm2,100,15,1,1.8287000000000002,1.4755291218094047,0.1606222410215024,0.237002794237516,0.23756286970061916
areal_mass_g_cm2,100,15,2,1.8259999999999998,1.4762734556692796,0.16105650706760619,0.23776344624671875,0.24024013580999778
areal_mass_g_cm2,100,15,3,1.8314000000000001,1.4750310131698186,0.16018914591224712,0.23628395819374975,0.2362640318290384
areal_mass_g_cm2,100,15,4,1.8263999999999998,1.474015429415092,0.16099209734758194,0.2373048355042323,0.2399194204697865
areal_mass_g_cm2,100,15,5,1.8254,1.4755054340344322,0.16115316996781692,0.23778237799938834,0.23818349692675847
areal_mass_g_cm2,100,15,6,1.8276000000000001,1.4755092801466487,0.16079902269872307,0.2372604502304775,0.2385839326214542
areal_mass_g_cm2,100,15,7,1.8297999999999999,1.4755497047263653,0.16044565369721306,0.23674553693755138,0.2393942680599182
areal_mass_g_cm2,100,15,8,1.8309,1.4755710218351812,0.1602692605121842,0.2364886765027325,0.23694774243137853
areal_mass_g_cm2,100,15,9,1.8319999999999999,1.475593066175339,0.16009306125298015,0.2362322111276813,0.240430696868912
areal_mass_g_cm2,100,15,10,1.8342,1.4756393090927749,0.15974124365947615,0.23572045842728998,0.23751630985771682
